"Mars Needs Cunnilingus";0;False;False;1;0;1;1
32;116;18;3;8;3;0
33;120;2;4;6;5;0
34;38;36;3;3;4;0
35;51;2;5;6;6;0
36;9;2;5;6;6;0
37;2;28;4;6;5;0
38;16;2;5;6;6;0
39;62;36;1;3;2;0
40;17;36;3;6;4;0
41;119;28;3;6;4;0
42;30;2;5;6;6;0
43;23;2;5;6;6;0
44;22;36;2;6;3;0
45;43;36;2;4;3;0
46;47;36;1;6;2;0
47;80;18;4;6;5;0
48;86;18;4;6;5;0
49;114;28;3;6;5;0
50;72;2;4;6;5;0
51;104;10;4;6;5;0
52;74;10;4;6;5;0
53;80;10;4;6;5;0
54;14;18;4;6;5;0
55;50;10;4;6;5;0
56;62;18;4;6;5;0
57;104;18;4;6;5;0
58;56;36;1;5;2;0
59;50;36;1;6;2;0
60;109;28;3;6;4;0
61;86;28;4;5;5;0
62;99;28;3;6;4;0
63;20;28;4;6;5;0
64;2;2;5;6;6;0
65;56;10;4;6;5;0
66;20;18;4;6;5;0
67;108;2;4;6;5;0
68;68;28;4;6;5;0
69;38;28;4;6;5;0
70;98;10;4;6;5;0
71;2;18;4;6;5;0
72;26;18;4;6;5;0
73;32;10;4;6;5;0
74;102;2;4;6;5;0
75;50;28;4;6;5;0
76;116;10;4;6;5;0
77;65;2;5;6;6;0
78;44;10;4;6;5;0
79;110;18;4;6;5;0
80;98;18;4;6;5;0
81;62;28;4;6;5;0
82;92;18;4;6;5;0
83;32;28;4;6;5;0
84;110;10;4;6;5;0
85;56;18;4;6;5;0
86;14;28;4;6;5;0
87;58;2;5;6;6;0
88;26;10;4;6;5;0
89;26;28;4;6;5;0
90;80;28;4;6;5;0
91;2;36;3;6;4;0
92;74;28;4;6;5;0
93;104;28;3;6;4;0
94;92;28;5;4;6;0
95;8;18;4;6;5;0
96;59;36;1;3;2;0
97;50;18;4;6;5;0
98;32;18;4;6;5;0
99;2;10;4;6;5;0
100;56;28;4;6;5;0
101;114;2;4;6;5;0
102;84;2;4;6;5;0
103;86;10;4;6;5;0
104;90;2;4;6;5;0
105;121;18;4;6;5;0
106;38;10;4;6;5;0
107;38;18;4;6;5;0
108;44;28;4;6;5;0
109;44;2;5;6;6;0
110;62;10;4;6;5;0
111;20;10;4;6;5;0
112;8;28;4;6;5;0
113;68;10;4;6;5;0
114;74;18;4;6;5;0
115;68;18;4;6;5;0
116;92;10;4;6;5;0
117;14;10;4;6;5;0
118;78;2;4;6;5;0
119;37;2;5;6;6;0
120;8;10;4;6;5;0
121;96;2;4;6;5;0
122;44;18;4;6;5;0
123;7;36;3;6;4;0
124;53;36;1;6;2;0
125;12;36;3;6;4;0
126;32;36;4;3;5;0
127;26;36;4;3;5;0
21494;74;36;6;6;6;0
22235;65;36;7;6;7;0
