"Calibri Light";0;False;False;0;0;1;1
32;1;1;2;13;2;0
33;342;1;2;13;4;1
34;339;1;2;13;4;1
35;333;1;5;13;5;0
36;328;1;4;13;6;1
37;320;1;7;13;8;0
38;312;1;7;13;7;0
39;309;1;2;13;2;0
40;306;1;2;13;3;1
41;352;1;1;13;3;1
42;301;1;4;13;5;1
43;359;1;5;13;5;0
44;293;1;2;13;3;0
45;289;1;3;13;3;0
46;286;1;2;13;3;0
47;281;1;4;13;4;0
48;275;1;5;13;6;0
49;270;1;4;13;6;1
50;265;1;4;13;6;1
51;260;1;4;13;6;1
52;254;1;5;13;6;0
53;296;1;4;13;6;1
54;354;1;4;13;6;1
55;378;1;4;13;6;1
56;365;1;4;13;6;1
57;480;1;5;13;6;0
58;478;1;1;13;3;1
59;475;1;2;13;3;0
60;469;1;5;13;5;0
61;464;1;4;13;5;1
62;459;1;4;13;5;1
63;454;1;4;13;5;1
64;444;1;9;13;10;0
65;437;1;6;13;6;0
66;432;1;4;13;6;1
67;420;1;5;13;6;1
68;414;1;5;13;7;1
69;409;1;4;13;5;1
70;404;1;4;13;5;1
71;426;1;5;13;7;1
72;398;1;5;13;7;1
73;396;1;1;13;3;1
74;393;1;2;13;3;0
75;388;1;4;13;6;1
76;383;1;4;13;5;1
77;370;1;7;13;9;1
78;248;1;5;13;7;1
79;345;1;6;13;7;1
80;238;1;4;13;6;1
81;230;1;7;13;7;1
82;106;1;4;13;6;1
83;100;1;5;13;5;0
84;94;1;5;13;5;0
85;88;1;5;13;7;1
86;81;1;6;13;6;0
87;71;1;9;13;10;0
88;65;1;5;13;6;0
89;59;1;5;13;5;0
90;53;1;5;13;5;0
91;111;1;2;13;3;1
92;48;1;4;13;4;0
93;41;1;2;13;3;0
94;36;1;4;13;5;1
95;29;1;6;13;5;0
96;27;1;1;13;3;1
97;23;1;3;13;5;1
98;18;1;4;13;6;1
99;14;1;3;13;5;1
100;9;1;4;13;6;1
101;4;1;4;13;5;1
102;44;1;3;13;3;0
103;114;1;5;13;5;0
104;120;1;4;13;6;1
105;125;1;2;13;2;0
106;227;1;2;13;3;0
107;243;1;4;13;5;1
108;224;1;2;13;2;0
109;216;1;7;13;9;1
110;211;1;4;13;6;1
111;206;1;4;13;6;1
112;201;1;4;13;6;1
113;196;1;4;13;6;1
114;192;1;3;13;4;1
115;187;1;4;13;4;0
116;183;1;3;13;4;0
117;178;1;4;13;6;1
118;172;1;5;13;5;0
119;164;1;7;13;8;0
120;159;1;4;13;5;0
121;153;1;5;13;5;0
122;149;1;3;13;4;1
123;146;1;2;13;3;1
124;144;1;1;13;5;2
125;141;1;2;13;3;1
126;135;1;5;13;5;0
9633;695;399;8;11;8;0
9647;128;1;6;13;11;2
12295;649;399;8;11;8;0
12300;676;399;8;11;8;0
12301;685;399;8;11;8;0
19968;522;267;8;11;8;0
19969;531;267;8;11;8;0
19971;540;267;8;11;8;0
19975;549;267;8;11;8;0
19976;558;267;8;11;8;0
19977;567;267;8;11;8;0
19978;576;267;8;11;8;0
19979;585;267;8;11;8;0
19981;594;267;8;11;8;0
19982;603;267;8;11;8;0
19985;612;267;8;11;8;0
19987;621;267;8;11;8;0
19988;638;267;8;11;8;0
19990;754;267;8;11;8;0
19992;647;267;8;11;8;0
19993;656;267;8;11;8;0
19994;665;267;8;11;8;0
19995;674;267;8;11;8;0
19996;683;267;7;11;8;0
19997;691;267;8;11;8;0
20002;700;267;8;11;8;0
20004;709;267;8;11;8;0
20005;718;267;8;11;8;0
20007;727;267;8;11;8;0
20010;736;267;8;11;8;0
20011;745;267;8;11;8;0
20013;513;267;8;11;8;0
20016;504;267;8;11;8;0
20018;495;267;8;11;8;0
20020;486;267;8;11;8;0
20024;262;267;8;11;8;0
20025;271;267;8;11;8;0
20026;280;267;7;11;8;0
20027;288;267;8;11;8;0
20029;297;267;8;11;8;0
20030;306;267;8;11;8;0
20035;315;267;8;11;8;0
20037;324;267;8;11;8;0
20040;333;267;8;11;8;0
20041;342;267;8;11;8;0
20043;351;267;8;11;8;0
20044;360;267;8;11;8;0
20045;369;267;8;11;8;0
20046;378;267;8;11;8;0
20047;387;267;8;11;8;0
20048;396;267;8;11;8;0
20050;405;267;8;11;8;0
20051;414;267;8;11;8;0
20052;423;267;8;11;8;0
20054;432;267;8;11;8;0
20056;441;267;8;11;8;0
20057;450;267;8;11;8;0
20061;459;267;8;11;8;0
20062;468;267;8;11;8;0
20063;477;267;8;11;8;0
20064;630;267;7;11;8;1
20065;772;267;8;11;8;0
20070;136;279;8;11;8;0
20080;781;267;8;11;8;0
20081;28;279;8;11;8;0
20083;37;279;8;11;8;0
20094;46;279;8;11;8;0
20102;55;279;8;11;8;0
20104;64;279;8;11;8;0
20105;73;279;8;11;8;0
20107;82;279;8;11;8;0
20108;91;279;8;11;8;0
20110;100;279;8;11;8;0
20111;109;279;8;11;8;0
20113;118;279;8;11;8;0
20114;127;279;8;11;8;0
20116;145;279;8;11;8;0
20117;262;279;7;11;8;1
20122;154;279;8;11;8;0
20123;163;279;8;11;8;0
20129;172;279;8;11;8;0
20130;181;279;8;11;8;0
20132;190;279;8;11;8;0
20133;199;279;8;11;8;0
20134;208;279;8;11;8;0
20135;217;279;8;11;8;0
20136;226;279;8;11;8;0
20137;235;279;8;11;8;0
20139;244;279;8;11;8;0
20140;253;279;8;11;8;0
20141;19;279;8;11;8;0
20142;10;279;8;11;8;0
20146;1;279;8;11;8;0
20154;1015;267;8;11;8;0
20159;790;267;8;11;8;0
20160;799;267;8;11;8;0
20161;808;267;8;11;8;0
20165;817;267;8;11;8;0
20166;826;267;8;11;8;0
20167;835;267;8;11;8;0
20170;844;267;8;11;8;0
20171;853;267;8;11;8;0
20173;862;267;8;11;8;0
20174;871;267;8;11;8;0
20177;880;267;8;11;8;0
20179;889;267;8;11;8;0
20180;898;267;8;11;8;0
20181;907;267;8;11;8;0
20182;916;267;8;11;8;0
20183;925;267;8;11;8;0
20184;934;267;8;11;8;0
20185;943;267;8;11;8;0
20191;952;267;8;11;8;0
20195;961;267;8;11;8;0
20196;970;267;8;11;8;0
20197;979;267;8;11;8;0
20202;988;267;8;11;8;0
20204;997;267;8;11;8;0
20208;1006;267;8;11;8;0
20210;253;267;8;11;8;0
20214;244;267;8;11;8;0
20215;235;267;8;11;8;0
20219;100;267;8;11;8;0
20221;486;255;8;11;8;0
20223;495;255;8;11;8;0
20225;504;255;8;11;8;0
20234;513;255;8;11;8;0
20237;522;255;8;11;8;0
20238;531;255;8;11;8;0
20239;540;255;8;11;8;0
20240;549;255;8;11;8;0
20241;558;255;8;11;8;0
20247;567;255;8;11;8;0
20248;576;255;8;11;8;0
20249;585;255;8;11;8;0
20250;594;255;8;11;8;0
20254;603;255;8;11;8;0
20255;612;255;8;11;8;0
20256;621;255;8;11;8;0
20260;630;255;8;11;8;0
20262;639;255;8;11;8;0
20266;648;255;8;11;8;0
20271;657;255;8;11;8;0
20272;666;255;8;11;8;0
20276;675;255;8;11;8;0
20278;684;255;8;11;8;0
20280;693;255;8;11;8;0
20282;702;255;8;11;8;0
20284;477;255;8;11;8;0
20291;711;255;8;11;8;0
20294;468;255;8;11;8;0
20301;450;255;8;11;8;0
20302;225;255;8;11;8;0
20303;234;255;8;11;8;0
20304;243;255;8;11;8;0
20305;252;255;8;11;8;0
20307;261;255;8;11;8;0
20309;270;255;8;11;8;0
20313;279;255;8;11;8;0
20315;288;255;8;11;8;0
20316;297;255;8;11;8;0
20320;306;255;8;11;8;0
20323;315;255;8;11;8;0
20329;324;255;8;11;8;0
20332;333;255;8;11;8;0
20335;342;255;8;11;8;0
20336;351;255;8;11;8;0
20339;360;255;8;11;8;0
20351;369;255;8;11;8;0
20356;378;255;8;11;8;0
20360;387;255;8;11;8;0
20363;396;255;8;11;8;0
20365;405;255;8;11;8;0
20375;414;255;8;11;8;0
20379;423;255;8;11;8;0
20381;432;255;8;11;8;0
20384;441;255;8;11;8;0
20387;459;255;8;11;8;0
20389;720;255;8;11;8;0
20390;729;255;8;11;8;0
20391;738;255;8;11;8;0
20392;1008;255;8;11;8;0
20393;1;267;8;11;8;0
20398;10;267;8;11;8;0
20399;19;267;8;11;8;0
20405;28;267;8;11;8;0
20415;37;267;8;11;8;0
20419;46;267;8;11;8;0
20420;55;267;8;11;8;0
20426;64;267;8;11;8;0
20431;73;267;8;11;8;0
20432;82;267;8;11;8;0
20439;91;267;8;11;8;0
20440;109;267;8;11;8;0
20445;226;267;8;11;8;0
20446;118;267;8;11;8;0
20449;127;267;8;11;8;0
20457;136;267;8;11;8;0
20461;145;267;8;11;8;0
20462;154;267;8;11;8;0
20463;163;267;8;11;8;0
20465;172;267;8;11;8;0
20474;181;267;8;11;8;0
20493;190;267;8;11;8;0
20498;199;267;8;11;8;0
20500;208;267;8;11;8;0
20504;217;267;8;11;8;0
20505;999;255;8;11;8;0
20506;990;255;8;11;8;0
20511;981;255;8;11;8;0
20513;972;255;8;11;8;0
20518;747;255;8;11;8;0
20522;756;255;8;11;8;0
20538;765;255;8;11;8;0
20540;774;255;8;11;8;0
20542;783;255;8;11;8;0
20551;792;255;8;11;8;0
20559;801;255;8;11;8;0
20570;810;255;8;11;8;0
20572;819;255;8;11;8;0
20581;828;255;8;11;8;0
20598;837;255;8;11;8;0
20599;846;255;8;11;8;0
20607;855;255;8;11;8;0
20608;864;255;8;11;8;0
20613;873;255;8;11;8;0
20616;882;255;8;11;8;0
20621;891;255;8;11;8;0
20643;900;255;8;11;8;0
20648;909;255;8;11;8;0
20652;918;255;8;11;8;0
20658;927;255;8;11;8;0
20667;936;255;8;11;8;0
20687;945;255;8;11;8;0
20698;954;255;8;11;8;0
20711;963;255;8;11;8;0
20723;763;267;8;11;8;0
20725;279;279;8;11;8;0
20731;824;291;8;11;8;0
20754;288;279;8;11;8;0
20769;581;291;8;11;8;0
20799;590;291;8;11;8;0
20801;599;291;8;11;8;0
20803;608;291;8;11;8;0
20804;617;291;8;11;8;0
20805;626;291;8;11;8;0
20806;635;291;8;11;8;0
20808;644;291;8;11;8;0
20809;653;291;8;11;8;0
20811;662;291;8;11;8;0
20813;671;291;8;11;8;0
20817;680;291;8;11;8;0
20820;698;291;8;11;8;0
20826;815;291;8;11;8;0
20828;707;291;8;11;8;0
20834;716;291;8;11;8;0
20837;725;291;8;11;8;0
20840;734;291;8;11;8;0
20843;743;291;8;11;8;0
20844;752;291;8;11;8;0
20845;761;291;8;11;8;0
20848;770;291;8;11;8;0
20849;779;291;8;11;8;0
20851;788;291;8;11;8;0
20852;797;291;8;11;8;0
20853;806;291;8;11;8;0
20854;572;291;8;11;8;0
20855;563;291;8;11;8;0
20856;554;291;8;11;8;0
20857;545;291;8;11;8;0
20859;320;291;8;11;8;0
20860;329;291;8;11;8;0
20861;338;291;8;11;8;0
20864;347;291;8;11;8;0
20869;356;291;8;11;8;0
20872;365;291;8;11;8;0
20873;374;291;8;11;8;0
20876;383;291;8;11;8;0
20877;392;291;8;11;8;0
20882;401;291;8;11;8;0
20885;410;291;8;11;8;0
20887;419;291;8;11;8;0
20889;428;291;8;11;8;0
20891;437;291;8;11;8;0
20892;446;291;8;11;8;0
20896;455;291;8;11;8;0
20900;464;291;8;11;8;0
20908;473;291;8;11;8;0
20911;482;291;8;11;8;0
20912;491;291;8;11;8;0
20914;500;291;8;11;8;0
20915;509;291;8;11;8;0
20917;518;291;8;11;8;0
20918;527;291;8;11;8;0
20919;536;291;8;11;8;0
20923;689;291;8;11;8;0
20928;833;291;8;11;8;0
20932;199;303;8;11;8;0
20934;842;291;8;11;8;0
20937;91;303;8;11;8;0
20939;100;303;8;11;8;0
20940;109;303;8;11;8;0
20943;118;303;8;11;8;0
20945;127;303;8;11;8;0
20955;136;303;8;11;8;0
20957;145;303;8;11;8;0
20960;154;303;8;11;8;0
20961;163;303;8;11;8;0
20964;172;303;8;11;8;0
20973;181;303;8;11;8;0
20975;190;303;8;11;8;0
20976;208;303;8;11;8;0
20979;324;303;8;11;8;0
20982;217;303;8;11;8;0
20984;226;303;8;11;8;0
20985;235;303;8;11;8;0
20986;244;303;8;11;8;0
20987;253;303;8;11;8;0
20989;262;303;8;11;8;0
20991;271;303;8;11;8;0
20992;280;303;8;11;8;0
20993;289;303;7;11;8;1
20995;297;303;8;11;8;0
20998;306;303;8;11;8;0
20999;315;303;8;11;8;0
21002;82;303;8;11;8;0
21009;73;303;8;11;8;0
21010;64;303;8;11;8;0
21015;55;303;8;11;8;0
21016;851;291;8;11;8;0
21017;860;291;8;11;8;0
21018;869;291;8;11;8;0
21019;878;291;8;11;8;0
21021;887;291;8;11;8;0
21024;896;291;8;11;8;0
21028;905;291;8;11;8;0
21032;914;291;8;11;8;0
21033;923;291;8;11;8;0
21035;932;291;8;11;8;0
21038;941;291;8;11;8;0
21040;950;291;8;11;8;0
21046;959;291;8;11;8;0
21047;968;291;8;11;8;0
21048;977;291;8;11;8;0
21049;986;291;8;11;8;0
21050;995;291;8;11;8;0
21051;1004;291;8;11;8;0
21053;1013;291;8;11;8;0
21057;1;303;8;11;8;0
21058;10;303;8;11;8;0
21059;19;303;8;11;8;0
21066;28;303;8;11;8;0
21069;37;303;8;11;8;0
21072;46;303;8;11;8;0
21073;311;291;8;11;8;0
21076;302;291;8;11;8;0
21078;293;291;8;11;8;0
21093;158;291;8;11;8;0
21095;557;279;8;11;8;0
21097;566;279;8;11;8;0
21098;575;279;8;11;8;0
21103;584;279;8;11;8;0
21106;593;279;8;11;8;0
21119;602;279;8;11;8;0
21128;611;279;8;11;8;0
21147;620;279;8;11;8;0
21149;629;279;8;11;8;0
21150;638;279;8;11;8;0
21151;647;279;8;11;8;0
21152;656;279;8;11;8;0
21153;665;279;8;11;8;0
21155;674;279;8;11;8;0
21160;683;279;8;11;8;0
21161;692;279;8;11;8;0
21162;701;279;8;11;8;0
21163;710;279;8;11;8;0
21169;719;279;8;11;8;0
21170;728;279;8;11;8;0
21171;737;279;8;11;8;0
21183;746;279;8;11;8;0
21187;755;279;8;11;8;0
21191;764;279;8;11;8;0
21193;773;279;8;11;8;0
21195;548;279;8;11;8;0
21202;782;279;8;11;8;0
21208;539;279;8;11;8;0
21215;521;279;8;11;8;0
21220;297;279;8;11;8;0
21242;306;279;8;11;8;0
21246;315;279;8;11;8;0
21247;324;279;8;11;8;0
21248;333;279;8;11;8;0
21253;342;279;8;11;8;0
21254;351;279;8;11;8;0
21256;360;279;8;11;8;0
21270;369;279;8;11;8;0
21271;378;279;8;11;8;0
21273;387;279;8;11;8;0
21277;396;279;8;11;8;0
21280;405;279;8;11;8;0
21281;414;279;8;11;8;0
21283;423;279;8;11;8;0
21290;432;279;8;11;8;0
21305;441;279;8;11;8;0
21306;450;279;7;11;8;1
21307;458;279;8;11;8;0
21311;467;279;8;11;8;0
21313;476;279;8;11;8;0
21315;485;279;8;11;8;0
21319;494;279;8;11;8;0
21320;503;279;8;11;8;0
21321;512;279;8;11;8;0
21322;530;279;8;11;8;0
21326;791;279;8;11;8;0
21327;800;279;8;11;8;0
21329;809;279;8;11;8;0
21330;55;291;8;11;8;0
21331;64;291;8;11;8;0
21333;73;291;8;11;8;0
21334;82;291;8;11;8;0
21335;91;291;8;11;8;0
21338;100;291;8;11;8;0
21340;109;291;5;11;8;2
21342;115;291;8;11;8;0
21344;124;291;7;11;8;1
21345;132;291;8;11;8;0
21346;141;291;7;11;8;0
21348;149;291;8;11;8;0
21351;167;291;8;11;8;0
21355;284;291;8;11;8;0
21359;176;291;8;11;8;0
21360;185;291;8;11;8;0
21361;194;291;8;11;8;0
21363;203;291;8;11;8;0
21364;212;291;8;11;8;0
21365;221;291;8;11;8;0
21367;230;291;8;11;8;0
21368;239;291;8;11;8;0
21375;248;291;8;11;8;0
21378;257;291;8;11;8;0
21380;266;291;8;11;8;0
21381;275;291;8;11;8;0
21382;46;291;8;11;8;0
21385;37;291;8;11;8;0
21387;28;291;8;11;8;0
21388;19;291;8;11;8;0
21397;818;279;8;11;8;0
21400;827;279;8;11;8;0
21402;836;279;8;11;8;0
21407;845;279;8;11;8;0
21410;854;279;8;11;8;0
21414;863;279;8;11;8;0
21416;872;279;8;11;8;0
21417;881;279;8;11;8;0
21435;890;279;8;11;8;0
21439;899;279;8;11;8;0
21441;908;279;8;11;8;0
21442;917;279;8;11;8;0
21448;926;279;8;11;8;0
21449;935;279;8;11;8;0
21450;944;279;8;11;8;0
21451;953;279;8;11;8;0
21452;962;279;8;11;8;0
21453;971;279;8;11;8;0
21457;980;279;8;11;8;0
21460;989;279;8;11;8;0
21462;998;279;8;11;8;0
21463;1007;279;8;11;8;0
21464;1016;279;8;11;8;0
21465;1;291;8;11;8;0
21467;10;291;8;11;8;0
21472;216;255;8;11;8;0
21475;208;255;7;11;8;1
21476;199;255;8;11;8;0
21477;684;243;8;11;8;0
21478;379;219;8;11;8;0
21482;388;219;8;11;8;0
21483;397;219;8;11;8;0
21484;406;219;7;11;8;1
21485;414;219;8;11;8;0
21486;423;219;8;11;8;0
21487;432;219;8;11;8;0
21488;441;219;8;11;8;0
21490;450;219;8;11;8;0
21491;459;219;8;11;8;0
21494;468;219;8;11;8;0
21495;477;219;8;11;8;0
21496;486;219;7;11;8;1
21497;494;219;8;11;8;0
21500;503;219;8;11;8;0
21505;512;219;8;11;8;0
21507;521;219;8;11;8;0
21508;530;219;8;11;8;0
21512;539;219;8;11;8;0
21513;548;219;8;11;8;0
21514;557;219;8;11;8;0
21516;566;219;8;11;8;0
21517;575;219;8;11;8;0
21518;584;219;8;11;8;0
21519;593;219;8;11;8;0
21520;370;219;8;11;8;0
21521;602;219;8;11;8;0
21523;361;219;8;11;8;0
21525;343;219;8;11;8;0
21527;118;219;8;11;8;0
21531;127;219;8;11;8;0
21533;136;219;8;11;8;0
21534;145;219;8;11;8;0
21535;154;219;8;11;8;0
21536;163;219;8;11;8;0
21542;172;219;8;11;8;0
21543;181;219;8;11;8;0
21544;190;219;8;11;8;0
21545;199;219;8;11;8;0
21547;208;219;8;11;8;0
21548;217;219;8;11;8;0
21549;226;219;8;11;8;0
21550;235;219;8;11;8;0
21551;244;219;8;11;8;0
21553;253;219;8;11;8;0
21556;262;219;8;11;8;0
21557;271;219;8;11;8;0
21560;280;219;8;11;8;0
21561;289;219;8;11;8;0
21563;298;219;8;11;8;0
21564;307;219;8;11;8;0
21566;316;219;8;11;8;0
21568;325;219;8;11;8;0
21574;334;219;8;11;8;0
21576;352;219;8;11;8;0
21578;611;219;8;11;8;0
21584;620;219;8;11;8;0
21589;629;219;8;11;8;0
21592;899;219;8;11;8;0
21595;908;219;8;11;8;0
21596;917;219;8;11;8;0
21602;926;219;8;11;8;0
21608;935;219;8;11;8;0
21619;944;219;8;11;8;0
21621;953;219;8;11;8;0
21624;962;219;8;11;8;0
21627;971;219;8;11;8;0
21628;980;219;8;11;8;0
21629;989;219;8;11;8;0
21632;998;219;8;11;8;0
21638;1016;219;8;11;8;0
21643;109;231;8;11;8;0
21644;1;231;8;11;8;0
21646;10;231;8;11;8;0
21647;19;231;8;11;8;0
21648;28;231;8;11;8;0
21650;37;231;8;11;8;0
21653;46;231;8;11;8;0
21654;55;231;8;11;8;0
21657;64;231;8;11;8;0
21672;73;231;8;11;8;0
21676;82;231;8;11;8;0
21679;91;231;8;11;8;0
21681;100;231;8;11;8;0
21683;890;219;8;11;8;0
21688;881;219;8;11;8;0
21693;872;219;8;11;8;0
21696;863;219;8;11;8;0
21697;638;219;8;11;8;0
21700;647;219;8;11;8;0
21702;656;219;8;11;8;0
21703;665;219;8;11;8;0
21704;674;219;8;11;8;0
21705;683;219;8;11;8;0
21709;692;219;8;11;8;0
21710;701;219;8;11;8;0
21713;710;219;8;11;8;0
21719;719;219;8;11;8;0
21727;728;219;8;11;8;0
21733;737;219;8;11;8;0
21734;746;219;8;11;8;0
21736;755;219;8;11;8;0
21737;764;219;8;11;8;0
21738;773;219;8;11;8;0
21741;782;219;8;11;8;0
21742;791;219;8;11;8;0
21746;800;219;8;11;8;0
21754;809;219;8;11;8;0
21756;818;219;8;11;8;0
21761;827;219;8;11;8;0
21766;836;219;8;11;8;0
21767;845;219;8;11;8;0
21769;854;219;8;11;8;0
21776;109;219;8;11;8;0
21796;1007;219;8;11;8;0
21804;100;219;8;11;8;0
21806;974;207;8;11;8;0
21807;343;207;8;11;8;0
21809;352;207;8;11;8;0
21822;361;207;8;11;8;0
21827;370;207;9;11;8;0
21828;380;207;8;11;8;0
21830;389;207;8;11;8;0
21834;398;207;8;11;8;0
21857;407;207;8;11;8;0
21860;416;207;8;11;8;0
21861;425;207;8;11;8;0
21862;434;207;8;11;8;0
21866;443;207;8;11;8;0
21870;452;207;8;11;8;0
21880;461;207;8;11;8;0
21884;470;207;8;11;8;0
21888;479;207;8;11;8;0
21890;488;207;8;11;8;0
21892;497;207;8;11;8;0
21895;506;207;8;11;8;0
21897;515;207;8;11;8;0
21898;524;207;8;11;8;0
21912;533;207;8;11;8;0
21916;542;207;8;11;8;0
21917;551;207;8;11;8;0
21927;560;207;8;11;8;0
21939;334;207;8;11;8;0
21943;569;207;8;11;8;0
21947;325;207;8;11;8;0
21957;307;207;8;11;8;0
21971;82;207;8;11;8;0
21980;91;207;8;11;8;0
21985;100;207;8;11;8;0
21987;109;207;8;11;8;0
22013;118;207;8;11;8;0
22025;127;207;8;11;8;0
22030;136;207;8;11;8;0
22040;145;207;8;11;8;0
22043;154;207;8;11;8;0
22065;163;207;8;11;8;0
22066;172;207;8;11;8;0
22068;181;207;8;11;8;0
22070;190;207;8;11;8;0
22075;199;207;8;11;8;0
22079;208;207;8;11;8;0
22094;217;207;8;11;8;0
22120;226;207;8;11;8;0
22122;235;207;8;11;8;0
22124;244;207;8;11;8;0
22134;253;207;8;11;8;0
22158;262;207;8;11;8;0
22159;271;207;8;11;8;0
22179;280;207;8;11;8;0
22199;289;207;8;11;8;0
22204;298;207;8;11;8;0
22218;316;207;8;11;8;0
22234;578;207;8;11;8;0
22235;587;207;8;11;8;0
22238;596;207;8;11;8;0
22240;866;207;8;11;8;0
22242;875;207;8;11;8;0
22244;884;207;8;11;8;0
22253;893;207;8;11;8;0
22256;902;207;8;11;8;0
22257;911;207;8;11;8;0
22260;920;207;8;11;8;0
22266;929;207;8;11;8;0
22269;938;207;8;11;8;0
22270;947;207;8;11;8;0
22275;956;207;8;11;8;0
22278;965;207;8;11;8;0
22280;983;207;8;11;8;0
22303;82;219;8;11;8;0
22307;992;207;8;11;8;0
22312;1001;207;8;11;8;0
22317;1010;207;8;11;8;0
22320;1;219;8;11;8;0
22330;10;219;8;11;8;0
22334;19;219;8;11;8;0
22336;28;219;8;11;8;0
22343;37;219;8;11;8;0
22346;46;219;8;11;8;0
22349;55;219;8;11;8;0
22350;64;219;8;11;8;0
22351;73;219;8;11;8;0
22352;857;207;8;11;8;0
22353;848;207;8;11;8;0
22359;839;207;8;11;8;0
22362;830;207;8;11;8;0
22363;605;207;8;11;8;0
22365;614;207;8;11;8;0
22366;623;207;8;11;8;0
22367;632;207;8;11;8;0
22368;641;207;8;11;8;0
22369;650;207;8;11;8;0
22372;659;207;8;11;8;0
22374;668;207;8;11;8;0
22378;677;207;8;11;8;0
22383;686;207;8;11;8;0
22391;695;207;8;11;8;0
22402;704;207;8;11;8;0
22403;713;207;8;11;8;0
22404;722;207;8;11;8;0
22411;731;207;8;11;8;0
22418;740;207;8;11;8;0
22427;749;207;8;11;8;0
22434;758;207;8;11;8;0
22435;767;207;8;11;8;0
22438;776;207;8;11;8;0
22443;785;207;8;11;8;0
22446;794;207;8;11;8;0
22466;803;207;8;11;8;0
22467;812;207;8;11;8;0
22475;821;207;8;11;8;0
22478;91;219;8;11;8;0
22484;118;231;8;11;8;0
22495;127;231;8;11;8;0
22496;136;231;8;11;8;0
22521;441;243;8;11;8;0
22522;450;243;8;11;8;0
22530;459;243;8;11;8;0
22534;468;243;8;11;8;0
22545;477;243;8;11;8;0
22549;486;243;8;11;8;0
22561;495;243;8;11;8;0
22564;504;243;8;11;8;0
22570;513;243;8;11;8;0
22576;522;243;8;11;8;0
22581;531;243;8;11;8;0
22604;540;243;8;11;8;0
22609;558;243;8;11;8;0
22612;675;243;8;11;8;0
22616;567;243;8;11;8;0
22622;576;243;8;11;8;0
22635;585;243;8;11;8;0
22659;594;243;8;11;8;0
22661;603;243;8;11;8;0
22674;612;243;8;11;8;0
22675;621;243;8;11;8;0
22681;630;243;8;11;8;0
22686;639;243;8;11;8;0
22687;648;243;8;11;8;0
22696;657;243;8;11;8;0
22697;666;243;8;11;8;0
22721;432;243;8;11;8;0
22741;423;243;8;11;8;0
22756;414;243;8;11;8;0
22763;405;243;8;11;8;0
22764;181;243;8;11;8;0
22766;190;243;8;11;8;0
22768;199;243;8;11;8;0
22771;208;243;8;11;8;0
22774;217;243;8;11;8;0
22777;226;243;8;11;8;0
22788;235;243;8;11;8;0
22791;244;243;8;11;8;0
22797;253;243;8;11;8;0
22799;262;243;8;11;8;0
22805;271;243;7;11;8;1
22806;279;243;8;11;8;0
22810;288;243;8;11;8;0
22812;297;243;8;11;8;0
22815;306;243;8;11;8;0
22823;315;243;8;11;8;0
22825;324;243;8;11;8;0
22826;333;243;8;11;8;0
22827;342;243;8;11;8;0
22830;351;243;8;11;8;0
22831;360;243;8;11;8;0
22833;369;243;8;11;8;0
22836;378;243;8;11;8;0
22839;387;243;8;11;8;0
22840;396;243;8;11;8;0
22841;549;243;8;11;8;0
22842;693;243;8;11;8;0
22852;64;255;8;11;8;0
22855;702;243;8;11;8;0
22856;972;243;8;11;8;0
22857;981;243;8;11;8;0
22859;990;243;8;11;8;0
22862;999;243;8;11;8;0
22863;1008;243;8;11;8;0
22865;1;255;8;11;8;0
22868;10;255;8;11;8;0
22870;19;255;8;11;8;0
22871;28;255;8;11;8;0
22880;37;255;8;11;8;0
22882;46;255;8;11;8;0
22885;55;255;8;11;8;0
22899;73;255;8;11;8;0
22900;190;255;8;11;8;0
22902;82;255;8;11;8;0
22904;91;255;8;11;8;0
22905;100;255;8;11;8;0
22909;109;255;8;11;8;0
22914;118;255;8;11;8;0
22916;127;255;8;11;8;0
22918;136;255;8;11;8;0
22919;145;255;8;11;8;0
22920;154;255;8;11;8;0
22922;163;255;8;11;8;0
22930;172;255;8;11;8;0
22931;181;255;8;11;8;0
22934;963;243;8;11;8;0
22937;954;243;8;11;8;0
22949;945;243;8;11;8;0
22952;936;243;8;11;8;0
22958;711;243;8;11;8;0
22969;720;243;8;11;8;0
22971;729;243;8;11;8;0
22982;738;243;8;11;8;0
22987;747;243;8;11;8;0
22992;756;243;8;11;8;0
22993;765;243;8;11;8;0
22995;774;243;8;11;8;0
22996;783;243;8;11;8;0
23002;792;243;8;11;8;0
23004;801;243;8;11;8;0
23013;810;243;8;11;8;0
23016;819;243;8;11;8;0
23020;828;243;8;11;8;0
23035;837;243;8;11;8;0
23039;846;243;8;11;8;0
23041;855;243;8;11;8;0
23043;864;243;8;11;8;0
23044;873;243;8;11;8;0
23047;882;243;8;11;8;0
23064;891;243;8;11;8;0
23068;900;243;8;11;8;0
23071;909;243;8;11;8;0
23072;918;243;8;11;8;0
23077;927;243;8;11;8;0
23081;172;243;8;11;8;0
23089;163;243;8;11;8;0
23094;154;243;8;11;8;0
23110;19;243;8;11;8;0
23113;406;231;8;11;8;0
23130;415;231;8;11;8;0
23146;424;231;8;11;8;0
23156;433;231;8;11;8;0
23158;442;231;8;11;8;0
23167;451;231;8;11;8;0
23186;460;231;8;11;8;0
23194;469;231;8;11;8;0
23219;478;231;8;11;8;0
23233;487;231;8;11;8;0
23234;496;231;8;11;8;0
23241;505;231;8;11;8;0
23244;514;231;8;11;8;0
23265;523;231;8;11;8;0
23273;532;231;8;11;8;0
23376;541;231;8;11;8;0
23380;550;231;8;11;8;0
23381;559;231;8;11;8;0
23383;568;231;8;11;8;0
23384;577;231;8;11;8;0
23385;586;231;8;11;8;0
23388;595;231;8;11;8;0
23389;604;231;8;11;8;0
23391;613;231;8;11;8;0
23395;622;231;8;11;8;0
23396;397;231;8;11;8;0
23398;631;231;8;11;8;0
23401;388;231;8;11;8;0
23402;370;231;8;11;8;0
23408;145;231;8;11;8;0
23413;154;231;8;11;8;0
23418;163;231;8;11;8;0
23421;172;231;8;11;8;0
23425;181;231;8;11;8;0
23427;190;231;8;11;8;0
23429;199;231;8;11;8;0
23431;208;231;8;11;8;0
23432;217;231;8;11;8;0
23433;226;231;8;11;8;0
23435;235;231;8;11;8;0
23436;244;231;8;11;8;0
23439;253;231;8;11;8;0
23447;262;231;8;11;8;0
23448;271;231;8;11;8;0
23449;280;231;8;11;8;0
23450;289;231;8;11;8;0
23451;298;231;8;11;8;0
23452;307;231;8;11;8;0
23453;316;231;8;11;8;0
23454;325;231;8;11;8;0
23456;334;231;8;11;8;0
23457;343;231;8;11;8;0
23458;352;231;8;11;8;0
23459;361;231;8;11;8;0
23460;379;231;8;11;8;0
23462;640;231;8;11;8;0
23466;649;231;8;11;8;0
23467;658;231;8;11;8;0
23472;928;231;8;11;8;0
23475;937;231;8;11;8;0
23476;946;231;8;11;8;0
23477;955;231;8;11;8;0
23478;964;231;8;11;8;0
23481;973;231;8;11;8;0
23485;982;231;8;11;8;0
23486;991;231;8;11;8;0
23487;1000;231;8;11;8;0
23490;1009;231;8;11;8;0
23492;1;243;8;11;8;0
23493;10;243;8;11;8;0
23494;28;243;8;11;8;0
23495;145;243;8;11;8;0
23500;37;243;8;11;8;0
23504;46;243;8;11;8;0
23506;55;243;8;11;8;0
23507;64;243;8;11;8;0
23517;73;243;8;11;8;0
23518;82;243;8;11;8;0
23519;91;243;8;11;8;0
23521;100;243;8;11;8;0
23525;109;243;8;11;8;0
23528;118;243;8;11;8;0
23544;127;243;8;11;8;0
23545;136;243;8;11;8;0
23546;919;231;8;11;8;0
23547;910;231;8;11;8;0
23548;901;231;8;11;8;0
23551;892;231;8;11;8;0
23553;667;231;8;11;8;0
23556;676;231;8;11;8;0
23558;685;231;8;11;8;0
23561;694;231;8;11;8;0
23562;703;231;8;11;8;0
23567;712;231;8;11;8;0
23569;721;231;8;11;8;0
23572;730;231;8;11;8;0
23574;739;231;8;11;8;0
23576;748;231;8;11;8;0
23578;757;231;8;11;8;0
23581;766;231;8;11;8;0
23588;775;231;8;11;8;0
23591;784;231;8;11;8;0
23601;793;231;8;11;8;0
23608;802;231;8;11;8;0
23609;811;231;8;11;8;0
23610;820;231;8;11;8;0
23612;829;231;8;11;8;0
23613;838;231;8;11;8;0
23614;847;231;8;11;8;0
23615;856;231;8;11;8;0
23616;865;231;8;11;8;0
23617;874;231;8;11;8;0
23618;883;231;8;11;8;0
23621;270;279;8;11;8;0
23624;333;303;8;11;8;0
23625;342;303;8;11;8;0
23626;351;303;8;11;8;0
23627;801;363;8;11;8;0
23630;810;363;8;11;8;0
23631;819;363;8;11;8;0
23633;828;363;8;11;8;0
23637;837;363;8;11;8;0
23646;846;363;8;11;8;0
23648;855;363;8;11;8;0
23649;864;363;8;11;8;0
23653;873;363;8;11;8;0
23663;882;363;8;11;8;0
23665;891;363;8;11;8;0
23673;900;363;8;11;8;0
23679;918;363;8;11;8;0
23681;19;375;8;11;8;0
23682;927;363;8;11;8;0
23700;936;363;8;11;8;0
23703;945;363;8;11;8;0
23707;954;363;8;11;8;0
23721;963;363;8;11;8;0
23725;972;363;8;11;8;0
23731;981;363;8;11;8;0
23736;990;363;8;11;8;0
23743;999;363;8;11;8;0
23769;1008;363;8;11;8;0
23777;1;375;8;11;8;0
23782;10;375;8;11;8;0
23784;792;363;8;11;8;0
23786;783;363;8;11;8;0
23789;774;363;8;11;8;0
23792;765;363;8;11;8;0
23803;541;363;8;11;8;0
23815;550;363;8;11;8;0
23822;559;363;8;11;8;0
23828;568;363;8;11;8;0
23830;577;363;8;11;8;0
23849;586;363;8;11;8;0
23853;595;363;8;11;8;0
23884;604;363;8;11;8;0
24013;613;363;8;11;8;0
24029;622;363;8;11;8;0
24030;631;363;8;11;8;0
24033;640;363;8;11;8;0
24034;649;363;8;11;8;0
24037;658;363;8;11;8;0
24038;667;363;8;11;8;0
24039;676;363;8;11;8;0
24040;685;363;7;11;8;1
24041;693;363;8;11;8;0
24043;702;363;8;11;8;0
24046;711;363;8;11;8;0
24049;720;363;8;11;8;0
24050;729;363;8;11;8;0
24051;738;363;8;11;8;0
24052;747;363;8;11;8;0
24055;756;363;8;11;8;0
24062;909;363;8;11;8;0
24065;37;375;8;11;8;0
24066;424;375;8;11;8;0
24067;46;375;8;11;8;0
24069;316;375;8;11;8;0
24070;325;375;8;11;8;0
24072;334;375;8;11;8;0
24076;343;375;8;11;8;0
24080;352;375;8;11;8;0
24085;361;375;8;11;8;0
24086;370;375;8;11;8;0
24088;379;375;8;11;8;0
24090;388;375;8;11;8;0
24091;397;375;8;11;8;0
24092;406;375;8;11;8;0
24093;415;375;8;11;8;0
24102;433;375;8;11;8;0
24103;550;375;8;11;8;0
24109;442;375;8;11;8;0
24110;451;375;8;11;8;0
24120;460;375;8;11;8;0
24125;469;375;8;11;8;0
24130;478;375;8;11;8;0
24133;487;375;8;11;8;0
24140;496;375;8;11;8;0
24149;505;375;8;11;8;0
24162;514;375;8;11;8;0
24178;523;375;8;11;8;0
24179;532;375;8;11;8;0
24180;541;375;8;11;8;0
24182;307;375;8;11;8;0
24184;298;375;8;11;8;0
24187;289;375;8;11;8;0
24188;280;375;8;11;8;0
24189;55;375;8;11;8;0
24191;64;375;8;11;8;0
24196;73;375;8;11;8;0
24198;82;375;8;11;8;0
24199;91;375;8;11;8;0
24202;100;375;8;11;8;0
24207;109;375;8;11;8;0
24208;118;375;8;11;8;0
24211;127;375;8;11;8;0
24212;136;375;8;11;8;0
24213;145;375;8;11;8;0
24215;154;375;8;11;8;0
24217;163;375;8;11;8;0
24218;172;375;8;11;8;0
24220;181;375;8;11;8;0
24222;190;375;8;11;8;0
24223;199;375;8;11;8;0
24230;208;375;8;11;8;0
24231;217;375;8;11;8;0
24237;226;375;8;11;8;0
24246;235;375;8;11;8;0
24247;244;375;8;11;8;0
24248;253;375;8;11;8;0
24265;262;375;8;11;8;0
24266;271;375;8;11;8;0
24275;532;363;8;11;8;0
24278;523;363;8;11;8;0
24310;514;363;8;11;8;0
24311;379;363;8;11;8;0
24314;766;351;8;11;8;0
24320;775;351;8;11;8;0
24322;784;351;8;11;8;0
24323;793;351;8;11;8;0
24324;802;351;8;11;8;0
24330;811;351;8;11;8;0
24335;820;351;8;11;8;0
24339;829;351;8;11;8;0
24341;838;351;8;11;8;0
24343;847;351;8;11;8;0
24344;856;351;8;11;8;0
24347;865;351;8;11;8;0
24351;874;351;8;11;8;0
24352;883;351;8;11;8;0
24357;892;351;8;11;8;0
24358;901;351;8;11;8;0
24359;910;351;8;11;8;0
24367;919;351;8;11;8;0
24369;928;351;8;11;8;0
24377;937;351;8;11;8;0
24378;946;351;8;11;8;0
24402;955;351;8;11;8;0
24403;964;351;8;11;8;0
24405;973;351;8;11;8;0
24413;982;351;8;11;8;0
24418;757;351;8;11;8;0
24420;991;351;8;11;8;0
24422;748;351;8;11;8;0
24425;730;351;8;11;8;0
24426;505;351;8;11;8;0
24428;514;351;8;11;8;0
24429;523;351;8;11;8;0
24432;532;351;8;11;8;0
24433;541;351;8;11;8;0
24441;550;351;8;11;8;0
24443;559;351;8;11;8;0
24444;568;351;8;11;8;0
24448;577;351;8;11;8;0
24449;586;351;8;11;8;0
24452;595;351;8;11;8;0
24453;604;351;8;11;8;0
24456;613;351;8;11;8;0
24458;622;351;8;11;8;0
24459;631;351;8;11;8;0
24464;640;351;8;11;8;0
24466;649;351;8;11;8;0
24471;658;351;8;11;8;0
24472;667;351;8;11;8;0
24481;676;351;8;11;8;0
24490;685;351;8;11;8;0
24494;694;351;8;11;8;0
24503;703;351;8;11;8;0
24509;712;351;8;11;8;0
24515;721;351;8;11;8;0
24517;739;351;8;11;8;0
24518;1000;351;8;11;8;0
24524;1009;351;8;11;8;0
24525;1;363;8;11;8;0
24535;271;363;8;11;8;0
24536;280;363;8;11;8;0
24537;289;363;8;11;8;0
24544;298;363;8;11;8;0
24551;307;363;8;11;8;0
24555;316;363;8;11;8;0
24561;325;363;8;11;8;0
24565;334;363;8;11;8;0
24571;343;363;8;11;8;0
24573;352;363;8;11;8;0
24575;361;363;8;11;8;0
24576;370;363;8;11;8;0
24577;388;363;8;11;8;0
24578;505;363;8;11;8;0
24590;397;363;8;11;8;0
24594;406;363;8;11;8;0
24596;415;363;8;11;8;0
24597;424;363;8;11;8;0
24598;433;363;8;11;8;0
24604;442;363;8;11;8;0
24605;451;363;8;11;8;0
24608;460;363;8;11;8;0
24613;469;363;8;11;8;0
24615;478;363;8;11;8;0
24616;487;363;8;11;8;0
24618;496;363;8;11;8;0
24623;262;363;8;11;8;0
24635;253;363;8;11;8;0
24643;244;363;8;11;8;0
24651;235;363;8;11;8;0
24653;10;363;8;11;8;0
24656;19;363;8;11;8;0
24658;28;363;8;11;8;0
24661;37;363;8;11;8;0
24674;46;363;8;11;8;0
24676;55;363;8;11;8;0
24680;64;363;8;11;8;0
24681;73;363;8;11;8;0
24683;82;363;8;11;8;0
24684;91;363;8;11;8;0
24685;100;363;8;11;8;0
24687;109;363;8;11;8;0
24688;118;363;8;11;8;0
24691;127;363;8;11;8;0
24694;136;363;8;11;8;0
24700;145;363;8;11;8;0
24703;154;363;8;11;8;0
24708;163;363;8;11;8;0
24713;172;363;8;11;8;0
24717;181;363;8;11;8;0
24724;190;363;8;11;8;0
24735;199;363;8;11;8;0
24736;208;363;8;11;8;0
24739;217;363;8;11;8;0
24742;226;363;8;11;8;0
24744;28;375;8;11;8;0
24748;568;375;8;11;8;0
24751;109;399;8;11;8;0
24754;577;375;8;11;8;0
24760;883;387;8;11;8;0
24764;892;387;8;11;8;0
24773;901;387;8;11;8;0
24778;910;387;8;11;8;0
24779;919;387;8;11;8;0
24785;928;387;8;11;8;0
24789;937;387;8;11;8;0
24796;946;387;8;11;8;0
24799;955;387;8;11;8;0
24800;964;387;8;11;8;0
24806;973;387;8;11;8;0
24807;982;387;8;11;8;0
24808;1000;387;8;11;8;0
24809;100;399;8;11;8;0
24811;1009;387;8;11;8;0
24813;1;399;8;11;8;0
24814;10;399;8;11;8;0
24815;19;399;8;11;8;0
24816;28;399;8;11;8;0
24819;37;399;8;11;8;0
24822;46;399;8;11;8;0
24825;55;399;8;11;8;0
24826;64;399;8;11;8;0
24833;73;399;8;11;8;0
24840;82;399;8;11;8;0
24841;91;399;8;11;8;0
24847;874;387;8;11;8;0
24858;865;387;8;11;8;0
24863;856;387;8;11;8;0
24868;847;387;8;11;8;0
24871;622;387;8;11;8;0
24895;631;387;8;11;8;0
24904;640;387;8;11;8;0
24908;649;387;8;11;8;0
24910;658;387;8;11;8;0
24913;667;387;8;11;8;0
24917;676;387;8;11;8;0
24930;685;387;8;11;8;0
24935;694;387;8;11;8;0
24936;703;387;8;11;8;0
24944;712;387;8;11;8;0
24951;721;387;8;11;8;0
24971;730;387;8;11;8;0
24974;739;387;8;11;8;0
25000;748;387;8;11;8;0
25022;757;387;8;11;8;0
25026;766;387;8;11;8;0
25032;775;387;8;11;8;0
25034;784;387;8;11;8;0
25042;793;387;8;11;8;0
25062;802;387;8;11;8;0
25096;811;387;8;11;8;0
25098;820;387;8;11;8;0
25100;829;387;8;11;8;0
25101;838;387;8;11;8;0
25102;991;387;8;11;8;0
25103;118;399;8;11;8;0
25104;505;399;8;11;8;0
25105;127;399;8;11;8;0
25106;397;399;8;11;8;0
25110;406;399;8;11;8;0
25112;415;399;8;11;8;0
25114;424;399;8;11;8;0
25130;433;399;8;11;8;0
25134;442;399;8;11;8;0
25139;451;399;8;11;8;0
25140;460;399;8;11;8;0
25143;469;399;8;11;8;0
25151;478;399;8;11;8;0
25152;487;399;8;11;8;0
25153;496;399;8;11;8;0
25159;514;399;8;11;8;0
25163;631;399;8;11;8;0
25165;523;399;8;11;8;0
25166;532;399;8;11;8;0
25169;541;399;8;11;8;0
25170;550;399;8;11;8;0
25171;559;399;8;11;8;0
25172;568;399;8;11;8;0
25176;577;399;8;11;8;0
25179;586;399;8;11;8;0
25187;595;399;8;11;8;0
25190;604;399;8;11;8;0
25191;613;399;8;11;8;0
25193;622;399;8;11;8;0
25195;388;399;8;11;8;0
25196;379;399;8;11;8;0
25197;370;399;8;11;8;0
25198;361;399;8;11;8;0
25199;136;399;8;11;8;0
25200;145;399;8;11;8;0
25203;154;399;8;11;8;0
25206;163;399;8;11;8;0
25209;172;399;8;11;8;0
25212;181;399;8;11;8;0
25214;190;399;8;11;8;0
25215;199;399;8;11;8;0
25216;208;399;8;11;8;0
25220;217;399;8;11;8;0
25225;226;399;8;11;8;0
25226;235;399;8;11;8;0
25233;244;399;8;11;8;0
25234;253;399;8;11;8;0
25235;262;399;8;11;8;0
25237;271;399;8;11;8;0
25238;280;399;8;11;8;0
25239;289;399;8;11;8;0
25240;298;399;8;11;8;0
25242;307;399;8;11;8;0
25243;316;399;8;11;8;0
25248;325;399;8;11;8;0
25249;334;399;8;11;8;0
25250;343;399;8;11;8;0
25252;352;399;8;11;8;0
25253;613;387;8;11;8;0
25256;604;387;8;11;8;0
25259;595;387;8;11;8;0
25260;460;387;8;11;8;0
25265;847;375;8;11;8;0
25269;856;375;8;11;8;0
25273;865;375;8;11;8;0
25276;874;375;8;11;8;0
25277;883;375;8;11;8;0
25279;892;375;8;11;8;0
25282;901;375;8;11;8;0
25284;910;375;8;11;8;0
25285;919;375;8;11;8;0
25286;928;375;8;11;8;0
25287;937;375;8;11;8;0
25288;946;375;8;11;8;0
25289;955;375;8;11;8;0
25292;964;375;8;11;8;0
25293;973;375;8;11;8;0
25294;982;375;8;11;8;0
25296;991;375;8;11;8;0
25298;1000;375;8;11;8;0
25299;1009;375;8;11;8;0
25300;1;387;8;11;8;0
25302;10;387;8;11;8;0
25304;19;387;8;11;8;0
25305;28;387;8;11;8;0
25307;37;387;8;11;8;0
25308;46;387;8;11;8;0
25311;838;375;8;11;8;0
25314;55;387;8;11;8;0
25315;829;375;8;11;8;0
25317;811;375;8;11;8;0
25318;586;375;8;11;8;0
25319;595;375;8;11;8;0
25320;604;375;8;11;8;0
25321;613;375;8;11;8;0
25324;622;375;8;11;8;0
25325;631;375;8;11;8;0
25327;640;375;8;11;8;0
25329;649;375;8;11;8;0
25331;658;375;8;11;8;0
25332;667;375;8;11;8;0
25335;676;375;8;11;8;0
25340;685;375;8;11;8;0
25341;694;375;8;11;8;0
25342;703;375;8;11;8;0
25343;712;375;8;11;8;0
25345;721;375;8;11;8;0
25346;730;375;8;11;8;0
25351;739;375;8;11;8;0
25353;748;375;8;11;8;0
25358;757;375;8;11;8;0
25361;766;375;8;11;8;0
25366;775;375;8;11;8;0
25370;784;375;8;11;8;0
25371;793;375;8;11;8;0
25373;802;375;8;11;8;0
25374;820;375;8;11;8;0
25375;64;387;8;11;8;0
25376;73;387;8;11;8;0
25377;82;387;8;11;8;0
25379;352;387;8;11;8;0
25380;361;387;8;11;8;0
25381;370;387;8;11;8;0
25384;379;387;8;11;8;0
25386;388;387;8;11;8;0
25387;397;387;8;11;8;0
25391;406;387;8;11;8;0
25402;415;387;8;11;8;0
25405;424;387;8;11;8;0
25410;433;387;8;11;8;0
25413;442;387;8;11;8;0
25414;451;387;8;11;8;0
25417;469;387;8;11;8;0
25420;586;387;8;11;8;0
25421;478;387;8;11;8;0
25422;487;387;8;11;8;0
25423;496;387;8;11;8;0
25424;505;387;8;11;8;0
25429;514;387;8;11;8;0
25438;523;387;8;11;8;0
25439;532;387;8;11;8;0
25441;541;387;8;11;8;0
25442;550;387;8;11;8;0
25443;559;387;8;11;8;0
25447;568;387;8;11;8;0
25454;577;387;8;11;8;0
25462;343;387;8;11;8;0
25463;334;387;8;11;8;0
25467;325;387;8;11;8;0
25472;316;387;8;11;8;0
25474;91;387;8;11;8;0
25479;100;387;8;11;8;0
25480;109;387;8;11;8;0
25481;118;387;8;11;8;0
25484;127;387;8;11;8;0
25487;136;387;8;11;8;0
25488;145;387;8;11;8;0
25490;154;387;8;11;8;0
25494;163;387;8;11;8;0
25496;172;387;8;11;8;0
25504;181;387;8;11;8;0
25506;190;387;8;11;8;0
25507;199;387;8;11;8;0
25509;208;387;8;11;8;0
25511;217;387;8;11;8;0
25512;226;387;8;11;8;0
25513;235;387;8;11;8;0
25514;244;387;8;11;8;0
25523;253;387;8;11;8;0
25527;262;387;8;11;8;0
25528;271;387;8;11;8;0
25530;280;387;8;11;8;0
25545;289;387;8;11;8;0
25549;298;387;8;11;8;0
25551;307;387;8;11;8;0
25552;496;351;8;11;8;0
25554;559;375;8;11;8;0
25558;487;351;8;11;8;0
25569;405;327;8;11;8;0
25571;649;315;8;11;8;0
25577;658;315;8;11;8;0
25578;667;315;8;11;8;0
25581;676;315;8;11;8;0
25588;685;315;8;11;8;0
25597;694;315;8;11;8;0
25600;703;315;8;11;8;0
25601;712;315;8;11;8;0
25602;721;315;8;11;8;0
25605;730;315;8;11;8;0
25615;739;315;8;11;8;0
25616;748;315;8;11;8;0
25619;766;315;8;11;8;0
25620;883;315;8;11;8;0
25628;775;315;8;11;8;0
25630;784;315;8;11;8;0
25642;793;315;8;11;8;0
25644;802;315;8;11;8;0
25645;811;315;8;11;8;0
25658;820;315;8;11;8;0
25661;829;315;8;11;8;0
25668;838;315;8;11;8;0
25670;847;315;8;11;8;0
25671;856;315;8;11;8;0
25672;865;315;8;11;8;0
25674;874;315;8;11;8;0
25684;640;315;8;11;8;0
25688;631;315;8;11;8;0
25703;622;315;8;11;8;0
25705;613;315;8;11;8;0
25720;388;315;8;11;8;0
25721;397;315;8;11;8;0
25730;406;315;8;11;8;0
25733;415;315;8;11;8;0
25735;424;315;8;11;8;0
25745;433;315;8;11;8;0
25746;442;315;8;11;8;0
25749;451;315;8;11;8;0
25758;460;315;8;11;8;0
25764;469;315;8;11;8;0
25769;478;315;8;11;8;0
25772;487;315;8;11;8;0
25773;496;315;8;11;8;0
25774;505;315;8;11;8;0
25776;514;315;8;11;8;0
25781;523;315;8;11;8;0
25788;532;315;8;11;8;0
25794;541;315;8;11;8;0
25797;550;315;8;11;8;0
25805;559;315;8;11;8;0
25806;568;315;8;11;8;0
25810;577;315;8;11;8;0
25822;586;315;8;11;8;0
25830;595;315;8;11;8;0
25856;604;315;8;11;8;0
25874;757;315;8;11;8;0
25880;901;315;8;11;8;0
25899;270;327;8;11;8;0
25903;910;315;8;11;8;0
25910;162;327;8;11;8;0
25913;171;327;8;11;8;0
25915;180;327;8;11;8;0
25918;189;327;8;11;8;0
25919;198;327;8;11;8;0
25925;207;327;8;11;8;0
25928;216;327;8;11;8;0
25932;225;327;8;11;8;0
25935;234;327;8;11;8;0
25937;243;327;8;11;8;0
25942;252;327;8;11;8;0
25945;261;327;8;11;8;0
25947;279;327;8;11;8;0
25949;396;327;8;11;8;0
25950;288;327;8;11;8;0
25954;297;327;8;11;8;0
25955;306;327;8;11;8;0
25958;315;327;8;11;8;0
25964;324;327;8;11;8;0
25968;333;327;8;11;8;0
25970;342;327;8;11;8;0
25972;351;327;8;11;8;0
25975;360;327;8;11;8;0
25991;369;327;8;11;8;0
25995;378;327;8;11;8;0
25996;387;327;8;11;8;0
26001;153;327;8;11;8;0
26007;144;327;8;11;8;0
26009;135;327;8;11;8;0
26012;126;327;8;11;8;0
26015;919;315;8;11;8;0
26017;928;315;8;11;8;0
26020;937;315;8;11;8;0
26021;946;315;8;11;8;0
26023;955;315;8;11;8;0
26025;964;315;8;11;8;0
26029;973;315;8;11;8;0
26031;982;315;8;11;8;0
26032;991;315;8;11;8;0
26041;1000;315;8;11;8;0
26045;1009;315;8;11;8;0
26049;1;327;8;11;8;0
26053;10;327;8;11;8;0
26059;19;327;8;11;8;0
26063;28;327;8;11;8;0
26071;37;327;8;11;8;0
26080;46;327;8;11;8;0
26082;55;327;8;11;8;0
26085;64;327;7;11;8;1
26086;72;327;8;11;8;0
26087;81;327;8;11;8;0
26088;90;327;8;11;8;0
26089;99;327;8;11;8;0
26092;108;327;8;11;8;0
26093;117;327;8;11;8;0
26097;379;315;8;11;8;0
26102;370;315;8;11;8;0
26103;361;315;8;11;8;0
26106;226;315;8;11;8;0
26114;619;303;8;11;8;0
26118;628;303;8;11;8;0
26124;637;303;8;11;8;0
26126;646;303;8;11;8;0
26127;655;303;8;11;8;0
26131;664;303;8;11;8;0
26132;673;303;8;11;8;0
26143;682;303;8;11;8;0
26144;691;303;8;11;8;0
26149;700;303;8;11;8;0
26151;709;303;8;11;8;0
26152;718;303;8;11;8;0
26157;727;303;8;11;8;0
26159;736;303;8;11;8;0
26172;745;303;8;11;8;0
26174;754;303;8;11;8;0
26179;763;303;8;11;8;0
26187;772;303;8;11;8;0
26188;781;303;8;11;8;0
26194;790;303;8;11;8;0
26195;799;303;8;11;8;0
26197;808;303;8;11;8;0
26202;817;303;8;11;8;0
26212;826;303;8;11;8;0
26214;835;303;8;11;8;0
26216;610;303;8;11;8;0
26222;844;303;8;11;8;0
26223;601;303;8;11;8;0
26224;583;303;8;11;8;0
26228;360;303;8;11;8;0
26230;369;303;8;11;8;0
26234;378;303;8;11;8;0
26238;387;303;8;11;8;0
26242;396;303;8;11;8;0
26247;405;303;8;11;8;0
26257;414;303;8;11;8;0
26262;423;303;8;11;8;0
26263;432;303;8;11;8;0
26286;441;303;8;11;8;0
26292;450;303;8;11;8;0
26329;459;303;8;11;8;0
26333;468;303;8;11;8;0
26352;477;303;7;11;8;1
26354;485;303;8;11;8;0
26355;494;303;8;11;8;0
26356;503;303;8;11;8;0
26361;512;303;8;11;8;0
26364;521;303;8;11;8;0
26366;530;303;8;11;8;0
26367;539;303;8;11;8;0
26368;548;303;8;11;8;0
26376;557;303;7;11;8;1
26377;565;303;8;11;8;0
26379;574;303;8;11;8;0
26381;592;303;8;11;8;0
26388;853;303;8;11;8;0
26391;862;303;8;11;8;0
26395;871;303;8;11;8;0
26397;118;315;8;11;8;0
26399;127;315;8;11;8;0
26408;136;315;8;11;8;0
26410;145;315;8;11;8;0
26411;154;315;8;11;8;0
26412;163;315;8;11;8;0
26413;172;315;8;11;8;0
26415;181;315;8;11;8;0
26417;190;315;8;11;8;0
26420;199;315;8;11;8;0
26421;208;315;8;11;8;0
26426;217;315;8;11;8;0
26429;235;315;8;11;8;0
26432;352;315;8;11;8;0
26434;244;315;8;11;8;0
26435;253;315;8;11;8;0
26438;262;315;8;11;8;0
26441;271;315;8;11;8;0
26446;280;315;8;11;8;0
26447;289;315;8;11;8;0
26448;298;315;8;11;8;0
26449;307;315;8;11;8;0
26454;316;315;8;11;8;0
26460;325;315;8;11;8;0
26463;334;315;8;11;8;0
26464;343;315;8;11;8;0
26465;109;315;8;11;8;0
26469;100;315;8;11;8;0
26472;91;315;8;11;8;0
26477;82;315;8;11;8;0
26479;880;303;8;11;8;0
26480;889;303;8;11;8;0
26494;898;303;8;11;8;0
26495;907;303;8;11;8;0
26497;916;303;8;11;8;0
26500;925;303;8;11;8;0
26505;934;303;8;11;8;0
26512;943;303;8;11;8;0
26517;952;303;8;11;8;0
26519;961;303;8;11;8;0
26522;970;303;8;11;8;0
26524;979;303;8;11;8;0
26525;988;303;8;11;8;0
26530;997;303;8;11;8;0
26531;1006;303;8;11;8;0
26538;1015;303;8;11;8;0
26539;1;315;8;11;8;0
26543;10;315;8;11;8;0
26550;19;315;8;11;8;0
26551;28;315;8;11;8;0
26564;37;315;8;11;8;0
26575;46;315;8;11;8;0
26576;55;315;8;11;8;0
26577;64;315;8;11;8;0
26578;73;315;8;11;8;0
26579;892;315;8;11;8;0
26580;414;327;8;11;8;0
26588;964;339;8;11;8;0
26590;423;327;8;11;8;0
26592;721;339;8;11;8;0
26597;730;339;8;11;8;0
26604;739;339;8;11;8;0
26607;748;339;8;11;8;0
26609;757;339;8;11;8;0
26611;766;339;8;11;8;0
26612;775;339;8;11;8;0
26623;784;339;8;11;8;0
26629;793;339;8;11;8;0
26631;802;339;8;11;8;0
26632;811;339;8;11;8;0
26635;820;339;8;11;8;0
26639;838;339;8;11;8;0
26641;955;339;8;11;8;0
26643;847;339;8;11;8;0
26646;856;339;8;11;8;0
26647;865;339;8;11;8;0
26657;874;339;8;11;8;0
26666;883;339;8;11;8;0
26679;892;339;8;11;8;0
26680;901;339;8;11;8;0
26681;910;339;8;11;8;0
26684;919;339;8;11;8;0
26685;928;339;8;11;8;0
26690;937;339;8;11;8;0
26691;946;339;8;11;8;0
26693;712;339;8;11;8;0
26694;703;339;8;11;8;0
26696;694;339;8;11;8;0
26700;685;339;8;11;8;0
26704;460;339;8;11;8;0
26705;469;339;8;11;8;0
26707;478;339;8;11;8;0
26708;487;339;8;11;8;0
26723;496;339;8;11;8;0
26725;505;339;8;11;8;0
26728;514;339;8;11;8;0
26729;523;339;8;11;8;0
26742;532;339;8;11;8;0
26753;541;339;8;11;8;0
26757;550;339;8;11;8;0
26758;559;339;8;11;8;0
26775;568;339;8;11;8;0
26786;577;339;8;11;8;0
26790;586;339;8;11;8;0
26791;595;339;8;11;8;0
26792;604;339;8;11;8;0
26797;613;339;8;11;8;0
26799;622;339;8;11;8;0
26800;631;339;8;11;8;0
26803;640;339;8;11;8;0
26816;649;339;8;11;8;0
26825;658;339;8;11;8;0
26827;667;339;8;11;8;0
26829;676;339;8;11;8;0
26834;829;339;8;11;8;0
26837;973;339;8;11;8;0
26840;343;351;8;11;8;0
26842;982;339;8;11;8;0
26848;235;351;8;11;8;0
26862;244;351;8;11;8;0
26865;253;351;8;11;8;0
26869;262;351;8;11;8;0
26874;271;351;8;11;8;0
26885;280;351;8;11;8;0
26893;289;351;8;11;8;0
26894;298;351;8;11;8;0
26898;307;351;8;11;8;0
26925;316;351;8;11;8;0
26928;325;351;8;11;8;0
26941;334;351;8;11;8;0
26943;352;351;8;11;8;0
26964;469;351;8;11;8;0
26970;361;351;8;11;8;0
26974;370;351;8;11;8;0
26999;379;351;8;11;8;0
27004;388;351;8;11;8;0
27010;397;351;8;11;8;0
27014;406;351;8;11;8;0
27028;415;351;8;11;8;0
27036;424;351;8;11;8;0
27048;433;351;8;11;8;0
27060;442;351;8;11;8;0
27063;451;351;8;11;8;0
27088;460;351;8;11;8;0
27099;226;351;8;11;8;0
27133;217;351;8;11;8;0
27146;208;351;8;11;8;0
27167;199;351;8;11;8;0
27169;991;339;8;11;8;0
27178;1000;339;8;11;8;0
27185;1009;339;8;11;8;0
27207;1;351;8;11;8;0
27225;10;351;8;11;8;0
27233;19;351;8;11;8;0
27249;28;351;8;11;8;0
27264;37;351;8;11;8;0
27268;46;351;8;11;8;0
27308;55;351;8;11;8;0
27424;64;351;8;11;8;0
27425;73;351;8;11;8;0
27426;82;351;8;11;8;0
27427;91;351;8;11;8;0
27431;100;351;8;11;8;0
27442;109;351;8;11;8;0
27450;118;351;8;11;8;0
27454;127;351;8;11;8;0
27463;136;351;8;11;8;0
27465;145;351;8;11;8;0
27468;154;351;8;11;8;0
27490;163;351;8;11;8;0
27491;172;351;8;11;8;0
27492;181;351;8;11;8;0
27493;190;351;8;11;8;0
27494;451;339;8;11;8;0
27495;442;339;8;11;8;0
27498;433;339;8;11;8;0
27513;298;339;8;11;8;0
27515;692;327;8;11;8;0
27516;701;327;8;11;8;0
27523;710;327;8;11;8;0
27526;719;327;8;11;8;0
27529;728;327;8;11;8;0
27530;737;327;8;11;8;0
27531;746;327;8;11;8;0
27542;755;327;8;11;8;0
27572;764;327;8;11;8;0
27573;773;327;8;11;8;0
27575;782;327;8;11;8;0
27583;791;327;8;11;8;0
27585;800;327;8;11;8;0
27589;809;327;8;11;8;0
27595;818;327;8;11;8;0
27597;827;327;8;11;8;0
27599;836;327;8;11;8;0
27602;845;327;8;11;8;0
27604;854;327;8;11;8;0
27605;863;327;8;11;8;0
27606;872;327;8;11;8;0
27607;881;327;8;11;8;0
27609;890;327;8;11;8;0
27611;899;327;8;11;8;0
27617;908;327;8;11;8;0
27627;683;327;8;11;8;0
27631;917;327;8;11;8;0
27663;674;327;8;11;8;0
27665;657;327;7;11;8;1
27667;432;327;8;11;8;0
27668;441;327;8;11;8;0
27670;450;327;8;11;8;0
27675;459;327;8;11;8;0
27679;468;327;8;11;8;0
27682;477;327;8;11;8;0
27686;486;327;8;11;8;0
27687;495;327;8;11;8;0
27688;504;327;8;11;8;0
27694;513;327;8;11;8;0
27695;522;327;8;11;8;0
27696;531;327;8;11;8;0
27700;540;327;8;11;8;0
27704;549;327;8;11;8;0
27712;558;327;8;11;8;0
27713;567;327;8;11;8;0
27714;576;327;8;11;8;0
27719;585;327;8;11;8;0
27721;594;327;8;11;8;0
27728;603;327;8;11;8;0
27733;612;327;8;11;8;0
27735;621;327;8;11;8;0
27739;630;327;8;11;8;0
27741;639;327;8;11;8;0
27742;648;327;8;11;8;0
27743;665;327;8;11;8;0
27744;926;327;8;11;8;0
27745;935;327;8;11;8;0
27748;944;327;8;11;8;0
27754;190;339;8;11;8;0
27760;199;339;8;11;8;0
27762;208;339;8;11;8;0
27769;217;339;8;11;8;0
27773;226;339;8;11;8;0
27774;235;339;8;11;8;0
27777;244;339;8;11;8;0
27778;253;339;8;11;8;0
27779;262;339;8;11;8;0
27784;64;207;8;11;8;0
27785;280;339;8;11;8;0
27791;289;339;8;11;8;0
27801;307;339;8;11;8;0
27803;424;339;8;11;8;0
27807;316;339;8;11;8;0
27809;325;339;8;11;8;0
27812;334;339;8;11;8;0
27813;343;339;8;11;8;0
27814;352;339;8;11;8;0
27815;361;339;8;11;8;0
27818;370;339;8;11;8;0
27819;379;339;8;11;8;0
27822;388;339;8;11;8;0
27827;397;339;8;11;8;0
27832;406;339;8;11;8;0
27833;415;339;8;11;8;0
27835;181;339;8;11;8;0
27836;172;339;8;11;8;0
27837;163;339;8;11;8;0
27838;154;339;8;11;8;0
27839;953;327;8;11;8;0
27844;962;327;8;11;8;0
27845;971;327;8;11;8;0
27849;980;327;8;11;8;0
27850;989;327;8;11;8;0
27852;998;327;8;11;8;0
27861;1007;327;8;11;8;0
27867;1016;327;8;11;8;0
27870;1;339;8;11;8;0
27873;10;339;8;11;8;0
27874;19;339;8;11;8;0
27875;28;339;8;11;8;0
27877;37;339;8;11;8;0
27880;46;339;8;11;8;0
27882;55;339;8;11;8;0
27888;64;339;8;11;8;0
27891;73;339;8;11;8;0
27893;82;339;8;11;8;0
27899;91;339;8;11;8;0
27900;100;339;8;11;8;0
27901;109;339;8;11;8;0
27905;118;339;8;11;8;0
27915;127;339;8;11;8;0
27922;136;339;8;11;8;0
27927;145;339;8;11;8;0
27931;73;207;8;11;8;0
27934;478;351;8;11;8;0
27941;55;207;8;11;8;0
27946;100;171;8;11;8;0
27953;928;63;8;11;8;0
27954;937;63;8;11;8;0
27963;946;63;7;11;8;1
27964;954;63;8;11;8;0
27965;963;63;8;11;8;0
27966;972;63;8;11;8;0
27969;981;63;8;11;8;0
27973;990;63;8;11;8;0
27974;999;63;8;11;8;0
27975;1008;63;8;11;8;0
27978;1;75;8;11;8;0
27979;10;75;8;11;8;0
27982;28;75;8;11;8;0
27985;145;75;8;11;8;0
27987;37;75;8;11;8;0
27993;46;75;8;11;8;0
27994;55;75;8;11;8;0
28006;64;75;8;11;8;0
28009;73;75;8;11;8;0
28010;82;75;8;11;8;0
28014;91;75;8;11;8;0
28020;100;75;8;11;8;0
28023;109;75;8;11;8;0
28024;118;75;8;11;8;0
28034;127;75;8;11;8;0
28037;136;75;8;11;8;0
28040;919;63;8;11;8;0
28041;910;63;8;11;8;0
28044;901;63;8;11;8;0
28046;892;63;8;11;8;0
28053;667;63;8;11;8;0
28059;676;63;8;11;8;0
28061;685;63;8;11;8;0
28063;694;63;8;11;8;0
28065;703;63;8;11;8;0
28067;712;63;8;11;8;0
28068;721;63;8;11;8;0
28070;730;63;8;11;8;0
28071;739;63;8;11;8;0
28072;748;63;8;11;8;0
28073;757;63;8;11;8;0
28074;766;63;8;11;8;0
28079;775;63;8;11;8;0
28082;784;63;8;11;8;0
28085;793;63;8;11;8;0
28088;802;63;8;11;8;0
28096;811;63;8;11;8;0
28100;820;63;8;11;8;0
28102;829;63;8;11;8;0
28107;838;63;8;11;8;0
28108;847;63;8;11;8;0
28113;856;63;8;11;8;0
28118;865;63;8;11;8;0
28120;874;63;8;11;8;0
28129;883;63;8;11;8;0
28132;19;75;8;11;8;0
28139;163;75;8;11;8;0
28140;550;75;8;11;8;0
28142;172;75;8;11;8;0
28145;442;75;8;11;8;0
28147;451;75;8;11;8;0
28151;460;75;8;11;8;0
28153;469;75;8;11;8;0
28155;478;75;8;11;8;0
28165;487;75;8;11;8;0
28170;496;75;8;11;8;0
28173;505;75;8;11;8;0
28176;514;75;8;11;8;0
28180;523;75;8;11;8;0
28183;532;75;8;11;8;0
28189;541;75;8;11;8;0
28192;559;75;8;11;8;0
28193;676;75;8;11;8;0
28195;568;75;8;11;8;0
28196;577;75;8;11;8;0
28201;586;75;8;11;8;0
28205;595;75;8;11;8;0
28207;604;75;8;11;8;0
28212;613;75;8;11;8;0
28216;622;75;8;11;8;0
28218;631;75;8;11;8;0
28227;640;75;8;11;8;0
28237;649;75;8;11;8;0
28246;658;75;8;11;8;0
28248;667;75;8;11;8;0
28251;433;75;8;11;8;0
28286;424;75;8;11;8;0
28287;415;75;8;11;8;0
28291;406;75;8;11;8;0
28293;181;75;8;11;8;0
28297;190;75;8;11;8;0
28304;199;75;8;11;8;0
28316;208;75;8;11;8;0
28322;217;75;8;11;8;0
28330;226;75;8;11;8;0
28335;235;75;8;11;8;0
28342;244;75;8;11;8;0
28346;253;75;8;11;8;0
28353;262;75;8;11;8;0
28359;271;75;8;11;8;0
28363;280;75;8;11;8;0
28369;289;75;8;11;8;0
28371;298;75;8;11;8;0
28372;307;75;8;11;8;0
28378;316;75;8;11;8;0
28382;325;75;8;11;8;0
28385;334;75;8;11;8;0
28388;343;75;8;11;8;0
28389;352;75;8;11;8;0
28390;361;75;8;11;8;0
28392;370;75;8;11;8;0
28393;379;75;8;11;8;0
28404;388;75;8;11;8;0
28418;397;75;8;11;8;0
28422;658;63;8;11;8;0
28431;649;63;8;11;8;0
28435;640;63;8;11;8;0
28436;505;63;8;11;8;0
28448;892;51;8;11;8;0
28459;901;51;8;11;8;0
28465;910;51;8;11;8;0
28467;919;51;8;11;8;0
28478;928;51;8;11;8;0
28493;937;51;8;11;8;0
28504;946;51;8;11;8;0
28508;955;51;8;11;8;0
28510;964;51;8;11;8;0
28518;973;51;8;11;8;0
28525;982;51;8;11;8;0
28526;991;51;8;11;8;0
28548;1000;51;8;11;8;0
28552;1009;51;8;11;8;0
28558;1;63;8;11;8;0
28572;10;63;8;11;8;0
28577;19;63;8;11;8;0
28595;28;63;8;11;8;0
28608;37;63;8;11;8;0
28626;46;63;8;11;8;0
28689;55;63;8;11;8;0
28748;64;63;8;11;8;0
28779;73;63;8;11;8;0
28781;82;63;8;11;8;0
28783;91;63;8;11;8;0
28784;883;51;8;11;8;0
28789;100;63;8;11;8;0
28790;874;51;8;11;8;0
28792;856;51;8;11;8;0
28796;631;51;8;11;8;0
28798;640;51;8;11;8;0
28799;649;51;8;11;8;0
28809;658;51;8;11;8;0
28810;667;51;8;11;8;0
28814;676;51;8;11;8;0
28818;685;51;8;11;8;0
28820;694;51;8;11;8;0
28821;703;51;8;11;8;0
28825;712;51;8;11;8;0
28844;721;51;8;11;8;0
28845;730;51;8;11;8;0
28846;739;51;8;11;8;0
28847;748;51;8;11;8;0
28851;757;51;8;11;8;0
28856;766;51;8;11;8;0
28857;775;51;8;11;8;0
28860;784;51;8;11;8;0
28861;793;51;8;11;8;0
28865;802;51;8;11;8;0
28866;811;51;8;11;8;0
28867;820;51;8;11;8;0
28872;829;51;8;11;8;0
28888;838;51;8;11;8;0
28889;847;51;8;11;8;0
28891;865;51;8;11;8;0
28895;109;63;8;11;8;0
28900;118;63;8;11;8;0
28902;127;63;8;11;8;0
28903;397;63;8;11;8;0
28905;406;63;8;11;8;0
28907;415;63;8;11;8;0
28908;424;63;8;11;8;0
28909;433;63;8;11;8;0
28911;442;63;8;11;8;0
28919;451;63;8;11;8;0
28921;460;63;8;11;8;0
28925;469;63;8;11;8;0
28937;478;63;8;11;8;0
28938;487;63;8;11;8;0
28949;496;63;8;11;8;0
28953;514;63;8;11;8;0
28954;631;63;8;11;8;0
28966;523;63;8;11;8;0
28976;532;63;8;11;8;0
28982;541;63;8;11;8;0
29004;550;63;8;11;8;0
29006;559;63;8;11;8;0
29022;568;63;8;11;8;0
29028;577;63;8;11;8;0
29031;586;63;8;11;8;0
29038;595;63;8;11;8;0
29053;604;63;8;11;8;0
29060;613;63;8;11;8;0
29066;622;63;8;11;8;0
29071;388;63;8;11;8;0
29076;379;63;8;11;8;0
29081;370;63;8;11;8;0
29087;361;63;8;11;8;0
29100;136;63;8;11;8;0
29123;145;63;8;11;8;0
29134;154;63;8;11;8;0
29141;163;63;8;11;8;0
29157;172;63;8;11;8;0
29190;181;63;8;11;8;0
29226;190;63;8;11;8;0
29228;199;63;8;11;8;0
29233;208;63;8;11;8;0
29237;217;63;8;11;8;0
29238;226;63;8;11;8;0
29239;235;63;8;11;8;0
29240;244;63;8;11;8;0
29241;253;63;8;11;8;0
29245;262;63;8;11;8;0
29255;271;63;8;11;8;0
29256;280;63;8;11;8;0
29260;289;63;8;11;8;0
29273;298;63;8;11;8;0
29275;307;63;8;11;8;0
29279;316;63;8;11;8;0
29281;325;63;8;11;8;0
29282;334;63;8;11;8;0
29287;343;63;8;11;8;0
29289;352;63;8;11;8;0
29298;154;75;8;11;8;0
29301;694;75;8;11;8;0
29305;235;99;8;11;8;0
29306;703;75;8;11;8;0
29312;1008;87;8;11;8;0
29313;1;99;8;11;8;0
29322;10;99;8;11;8;0
29356;19;99;8;11;8;0
29359;28;99;8;11;8;0
29366;37;99;8;11;8;0
29369;46;99;8;11;8;0
29378;55;99;8;11;8;0
29380;64;99;8;11;8;0
29384;73;99;8;11;8;0
29392;82;99;8;11;8;0
29399;91;99;8;11;8;0
29401;109;99;8;11;8;0
29406;226;99;8;11;8;0
29408;118;99;8;11;8;0
29409;127;99;8;11;8;0
29420;136;99;8;11;8;0
29421;145;99;8;11;8;0
29422;154;99;8;11;8;0
29424;163;99;8;11;8;0
29425;172;99;8;11;8;0
29432;181;99;8;11;8;0
29436;190;99;8;11;8;0
29454;199;99;8;11;8;0
29462;208;99;8;11;8;0
29467;217;99;8;11;8;0
29468;999;87;8;11;8;0
29481;990;87;8;11;8;0
29482;981;87;8;11;8;0
29483;972;87;8;11;8;0
29486;747;87;8;11;8;0
29492;756;87;8;11;8;0
29502;765;87;8;11;8;0
29503;774;87;8;11;8;0
29549;783;87;8;11;8;0
29572;792;87;8;11;8;0
29575;801;87;8;11;8;0
29577;810;87;8;11;8;0
29579;819;87;8;11;8;0
29590;828;87;8;11;8;0
29595;837;87;8;11;8;0
29609;846;87;8;11;8;0
29611;855;87;8;11;8;0
29615;864;87;8;11;8;0
29616;873;87;8;11;8;0
29618;882;87;8;11;8;0
29627;891;87;8;11;8;0
29642;900;87;8;11;8;0
29645;909;87;8;11;8;0
29648;918;87;8;11;8;0
29664;927;87;8;11;8;0
29677;936;87;8;11;8;0
29699;945;87;8;11;8;0
29701;954;87;8;11;8;0
29702;963;87;8;11;8;0
29705;100;99;8;11;8;0
29712;244;99;8;11;8;0
29730;630;99;8;11;8;0
29747;253;99;8;11;8;0
29748;522;99;8;11;8;0
29749;531;99;8;11;8;0
29750;540;99;8;11;8;0
29756;549;99;8;11;8;0
29786;558;99;8;11;8;0
29790;567;99;8;11;8;0
29791;576;99;8;11;8;0
29808;585;99;8;11;8;0
29814;594;99;8;11;8;0
29827;603;99;8;11;8;0
29916;612;99;8;11;8;0
29922;621;99;8;11;8;0
29923;639;99;8;11;8;0
29924;756;99;8;11;8;0
29926;648;99;8;11;8;0
29934;657;99;8;11;8;0
29942;666;99;8;11;8;0
29943;675;99;8;11;8;0
29956;684;99;8;11;8;0
29976;693;99;8;11;8;0
29978;702;99;8;11;8;0
29980;711;99;8;11;8;0
29983;720;99;8;11;8;0
29989;729;99;8;11;8;0
29992;738;99;8;11;8;0
29993;747;99;8;11;8;0
29995;513;99;8;11;8;0
29997;504;99;8;11;8;0
30000;495;99;8;11;8;0
30001;486;99;8;11;8;0
30002;262;99;8;11;8;0
30003;271;99;8;11;8;0
30005;280;99;7;11;8;1
30007;288;99;8;11;8;0
30008;297;99;8;11;8;0
30011;306;99;8;11;8;0
30021;315;99;8;11;8;0
30028;324;99;8;11;8;0
30031;333;99;8;11;8;0
30036;342;99;8;11;8;0
30041;351;99;8;11;8;0
30044;360;99;8;11;8;0
30053;369;99;8;11;8;0
30054;378;99;8;11;8;0
30058;387;99;8;11;8;0
30068;396;99;8;11;8;0
30072;405;99;8;11;8;0
30086;414;99;8;11;8;0
30095;423;99;8;11;8;0
30097;432;99;8;11;8;0
30103;441;99;8;11;8;0
30105;450;99;8;11;8;0
30106;459;99;8;11;8;0
30111;468;99;8;11;8;0
30113;477;99;8;11;8;0
30116;738;87;8;11;8;0
30117;729;87;8;11;8;0
30123;720;87;8;11;8;0
30126;585;87;8;11;8;0
30127;972;75;8;11;8;0
30130;981;75;8;11;8;0
30133;990;75;8;11;8;0
30137;999;75;8;11;8;0
30140;1008;75;8;11;8;0
30141;1;87;8;11;8;0
30142;10;87;8;11;8;0
30149;19;87;8;11;8;0
30151;28;87;8;11;8;0
30152;37;87;8;11;8;0
30153;46;87;8;11;8;0
30154;55;87;8;11;8;0
30162;64;87;8;11;8;0
30164;73;87;8;11;8;0
30165;82;87;8;11;8;0
30168;91;87;8;11;8;0
30171;100;87;8;11;8;0
30174;109;87;8;11;8;0
30178;118;87;8;11;8;0
30186;127;87;8;11;8;0
30192;136;87;8;11;8;0
30196;145;87;8;11;8;0
30201;154;87;8;11;8;0
30209;163;87;8;11;8;0
30239;172;87;8;11;8;0
30244;963;75;8;11;8;0
30246;181;87;8;11;8;0
30249;954;75;8;11;8;0
30250;936;75;8;11;8;0
30251;712;75;8;11;8;0
30260;721;75;8;11;8;0
30264;730;75;8;11;8;0
30284;739;75;8;11;8;0
30307;748;75;8;11;8;0
30328;757;75;8;11;8;0
30331;766;75;8;11;8;0
30333;775;75;7;11;8;1
30334;783;75;8;11;8;0
30338;792;75;8;11;8;0
30340;801;75;8;11;8;0
30342;810;75;8;11;8;0
30343;819;75;8;11;8;0
30347;828;75;8;11;8;0
30353;837;75;8;11;8;0
30358;846;75;8;11;8;0
30382;855;75;8;11;8;0
30385;864;75;8;11;8;0
30399;873;75;8;11;8;0
30402;882;75;8;11;8;0
30405;891;75;8;11;8;0
30406;900;75;8;11;8;0
30408;909;75;8;11;8;0
30410;918;75;8;11;8;0
30414;927;75;8;11;8;0
30415;945;75;8;11;8;0
30416;190;87;8;11;8;0
30417;199;87;8;11;8;0
30418;208;87;8;11;8;0
30420;478;87;8;11;8;0
30422;487;87;8;11;8;0
30423;496;87;8;11;8;0
30424;505;87;8;11;8;0
30427;514;87;8;11;8;0
30431;523;87;8;11;8;0
30446;532;87;7;11;8;1
30447;540;87;8;11;8;0
30450;549;87;8;11;8;0
30452;613;51;8;11;8;0
30456;567;87;8;11;8;0
30460;576;87;8;11;8;0
30462;594;87;8;11;8;0
30465;711;87;8;11;8;0
30473;603;87;8;11;8;0
30475;612;87;8;11;8;0
30495;621;87;8;11;8;0
30496;630;87;8;11;8;0
30504;639;87;8;11;8;0
30505;648;87;8;11;8;0
30511;657;87;8;11;8;0
30518;666;87;8;11;8;0
30519;675;87;8;11;8;0
30522;684;87;8;11;8;0
30524;693;87;8;11;8;0
30528;702;87;8;11;8;0
30529;469;87;8;11;8;0
30555;460;87;8;11;8;0
30561;451;87;8;11;8;0
30563;442;87;8;11;8;0
30566;217;87;8;11;8;0
30571;226;87;8;11;8;0
30572;235;87;8;11;8;0
30585;244;87;8;11;8;0
30596;253;87;8;11;8;0
30597;262;87;8;11;8;0
30606;271;87;8;11;8;0
30610;280;87;8;11;8;0
30629;289;87;8;11;8;0
30631;298;87;8;11;8;0
30633;307;87;8;11;8;0
30634;316;87;8;11;8;0
30636;325;87;8;11;8;0
30643;334;87;8;11;8;0
30651;343;87;8;11;8;0
30679;352;87;8;11;8;0
30683;361;87;8;11;8;0
30690;370;87;8;11;8;0
30691;379;87;8;11;8;0
30693;388;87;8;11;8;0
30697;397;87;8;11;8;0
30699;406;87;8;11;8;0
30701;415;87;8;11;8;0
30702;424;87;8;11;8;0
30707;433;87;8;11;8;0
30717;622;51;8;11;8;0
30718;685;75;8;11;8;0
30719;604;51;8;11;8;0
30721;728;39;8;11;8;0
30722;784;15;8;11;8;0
30732;793;15;8;11;8;0
30733;802;15;8;11;8;0
30738;811;15;8;11;8;0
30740;820;15;8;11;8;0
30742;829;15;8;11;8;0
30746;838;15;8;11;8;0
30759;847;15;8;11;8;0
30768;856;15;8;11;8;0
30772;865;15;8;11;8;0
30775;874;15;8;11;8;0
30776;883;15;8;11;8;0
30777;667;399;8;11;8;0
30782;892;15;8;11;8;0
30784;901;15;8;11;8;0
30789;910;15;8;11;8;0
30802;919;15;8;11;8;0
30805;928;15;8;11;8;0
30813;937;15;8;11;8;0
30827;946;15;8;11;8;0
30828;955;15;8;11;8;0
30830;964;15;8;11;8;0
30839;973;15;8;11;8;0
30844;982;15;8;11;8;0
30857;991;15;8;11;8;0
30860;1000;15;8;11;8;0
30861;775;15;8;11;8;0
30862;1009;15;8;11;8;0
30865;766;15;8;11;8;0
30871;748;15;8;11;8;0
30872;523;15;8;11;8;0
30879;532;15;8;11;8;0
30887;541;15;8;11;8;0
30896;550;15;8;11;8;0
30897;559;15;8;11;8;0
30899;568;15;8;11;8;0
30900;577;15;8;11;8;0
30910;586;15;8;11;8;0
30913;595;15;8;11;8;0
30917;604;15;8;11;8;0
30922;613;15;8;11;8;0
30923;622;15;8;11;8;0
30928;631;15;8;11;8;0
30933;640;15;8;11;8;0
30952;649;15;8;11;8;0
30967;658;15;8;11;8;0
30970;667;15;8;11;8;0
30977;676;15;8;11;8;0
31034;685;15;8;11;8;0
31036;694;15;8;11;8;0
31038;703;15;8;11;8;0
31041;712;15;8;11;8;0
31048;721;15;8;11;8;0
31062;730;15;8;11;8;0
31069;739;15;8;11;8;0
31070;757;15;8;11;8;0
31071;1;27;8;11;8;0
31077;10;27;8;11;8;0
31080;19;27;8;11;8;0
31085;289;27;8;11;8;0
31095;298;27;8;11;8;0
31096;307;27;8;11;8;0
31105;316;27;8;11;8;0
31108;325;27;8;11;8;0
31119;334;27;8;11;8;0
31161;343;27;8;11;8;0
31163;352;27;8;11;8;0
31165;361;27;8;11;8;0
31166;505;15;8;11;8;0
31168;379;27;8;11;8;0
31169;388;27;8;11;8;0
31171;406;27;8;11;8;0
31174;523;27;8;11;8;0
31177;415;27;8;11;8;0
31179;424;27;8;11;8;0
31181;433;27;8;11;8;0
31185;442;27;8;11;8;0
31186;451;27;8;11;8;0
31192;460;27;8;11;8;0
31199;469;27;8;11;8;0
31204;478;27;8;11;8;0
31206;487;27;8;11;8;0
31207;496;27;8;11;8;0
31209;505;27;8;11;8;0
31215;514;27;8;11;8;0
31216;280;27;8;11;8;0
31224;271;27;8;11;8;0
31227;262;27;8;11;8;0
31229;253;27;8;11;8;0
31232;28;27;8;11;8;0
31243;37;27;8;11;8;0
31245;46;27;8;11;8;0
31246;55;27;8;11;8;0
31255;64;27;8;11;8;0
31258;73;27;8;11;8;0
31264;82;27;8;11;8;0
31283;91;27;8;11;8;0
31291;100;27;8;11;8;0
31292;109;27;8;11;8;0
31293;118;27;8;11;8;0
31295;127;27;8;11;8;0
31302;136;27;8;11;8;0
31319;145;27;8;11;8;0
31348;154;27;8;11;8;0
31350;163;27;8;11;8;0
31351;172;27;8;11;8;0
31354;181;27;8;11;8;0
31359;190;27;8;11;8;0
31361;199;27;8;11;8;0
31363;208;27;8;11;8;0
31364;217;27;8;11;8;0
31373;226;27;8;11;8;0
31377;235;27;8;11;8;0
31378;244;27;8;11;8;0
31382;514;15;8;11;8;0
31383;397;27;8;11;8;0
31384;496;15;8;11;8;0
31388;127;15;8;11;8;0
31389;756;1;8;11;8;0
31391;765;1;8;11;8;0
31397;774;1;8;11;8;0
31423;783;1;8;11;8;0
31435;729;1;8;11;8;0
31446;792;1;8;11;8;0
31449;801;1;8;11;8;0
31454;810;1;8;11;8;0
31455;819;1;8;11;8;0
31456;828;1;8;11;8;0
31459;837;1;8;11;8;0
31461;846;1;8;11;8;0
31469;855;1;8;11;8;0
31471;864;1;8;11;8;0
31481;873;1;8;11;8;0
31487;882;1;8;11;8;0
31494;891;1;8;11;8;0
31499;900;1;8;11;8;0
31505;909;1;8;11;8;0
31508;918;1;8;11;8;0
31515;927;1;8;11;8;0
31526;936;1;8;11;8;0
31528;945;1;8;11;8;0
31532;954;1;8;11;8;0
31546;963;1;8;11;8;0
31548;738;1;8;11;8;0
31561;972;1;8;11;8;0
31563;720;1;8;11;8;0
31567;693;1;8;11;8;0
31568;549;1;8;11;8;0
31569;558;1;8;11;8;0
31570;531;1;8;11;8;0
31572;540;1;8;11;8;0
31574;576;1;8;11;8;0
31579;522;1;8;11;8;0
31607;513;1;8;11;8;0
31609;504;1;8;11;8;0
31614;495;1;8;11;8;0
31616;486;1;8;11;8;0
31629;567;1;8;11;8;0
31636;585;1;8;11;8;0
31637;711;1;8;11;8;0
31639;603;1;8;11;8;0
31649;612;1;8;11;8;0
31657;621;1;8;11;8;0
31661;630;1;8;11;8;0
31665;639;1;8;11;8;0
31686;648;1;8;11;8;0
31687;657;1;8;11;8;0
31699;666;1;8;11;8;0
31705;675;1;8;11;8;0
31713;594;1;8;11;8;0
31726;684;1;8;11;8;0
31729;702;1;8;11;8;0
31735;747;1;8;11;8;0
31751;981;1;8;11;8;0
31783;361;15;8;11;8;0
31807;999;1;8;11;8;0
31821;253;15;8;11;8;0
31859;262;15;8;11;8;0
31867;271;15;8;11;8;0
31869;280;15;8;11;8;0
31881;289;15;8;11;8;0
31890;298;15;8;11;8;0
31893;307;15;8;11;8;0
31895;316;15;8;11;8;0
31896;325;15;8;11;8;0
31903;334;15;8;11;8;0
31908;343;15;8;11;8;0
31909;352;15;8;11;8;0
31914;370;15;8;11;8;0
31918;487;15;8;11;8;0
31921;379;15;8;11;8;0
31923;388;15;8;11;8;0
31929;397;15;8;11;8;0
31934;406;15;8;11;8;0
31946;415;15;8;11;8;0
31957;424;15;8;11;8;0
31958;433;15;8;11;8;0
31961;442;15;8;11;8;0
31964;451;15;8;11;8;0
31967;460;15;8;11;8;0
31968;469;15;8;11;8;0
31983;478;15;8;11;8;0
31995;244;15;8;11;8;0
32010;235;15;8;11;8;0
32032;226;15;8;11;8;0
32034;217;15;8;11;8;0
32039;1008;1;8;11;8;0
32043;1;15;8;11;8;0
32047;10;15;8;11;8;0
32110;19;15;8;11;8;0
32321;28;15;8;11;8;0
32386;37;15;8;11;8;0
32416;46;15;8;11;8;0
32418;55;15;8;11;8;0
32420;64;15;8;11;8;0
32422;73;15;8;11;8;0
32423;82;15;8;11;8;0
32426;91;15;8;11;8;0
32427;100;15;8;11;8;0
32428;109;15;8;11;8;0
32431;118;15;8;11;8;0
32433;990;1;8;11;8;0
32434;136;15;8;11;8;0
32435;145;15;8;11;8;0
32437;154;15;8;11;8;0
32438;163;15;8;11;8;0
32439;172;15;8;11;8;0
32440;181;15;8;11;8;0
32441;190;15;8;11;8;0
32442;199;15;8;11;8;0
32445;208;15;8;11;8;0
32447;370;27;8;11;8;0
32451;532;27;8;11;8;0
32452;73;51;8;11;8;0
32453;550;27;8;11;8;0
32454;854;39;8;11;8;0
32455;863;39;8;11;8;0
32456;872;39;8;11;8;0
32458;881;39;8;11;8;0
32461;890;39;8;11;8;0
32462;899;39;8;11;8;0
32463;908;39;8;11;8;0
32465;917;39;8;11;8;0
32466;926;39;8;11;8;0
32467;935;39;8;11;8;0
32469;944;39;8;11;8;0
32472;953;39;8;11;8;0
32473;971;39;8;11;8;0
32474;64;51;8;11;8;0
32476;980;39;8;11;8;0
32477;989;39;8;11;8;0
32478;998;39;8;11;8;0
32479;1007;39;8;11;8;0
32482;1016;39;8;11;8;0
32483;1;51;8;11;8;0
32485;10;51;8;11;8;0
32486;19;51;8;11;8;0
32487;28;51;8;11;8;0
32489;37;51;8;11;8;0
32490;46;51;8;11;8;0
32493;55;51;8;11;8;0
32496;845;39;8;11;8;0
32499;836;39;8;11;8;0
32500;827;39;8;11;8;0
32501;818;39;8;11;8;0
32503;593;39;8;11;8;0
32504;602;39;8;11;8;0
32508;611;39;8;11;8;0
32509;620;39;8;11;8;0
32511;629;39;8;11;8;0
32512;638;39;8;11;8;0
32516;647;39;8;11;8;0
32517;656;39;8;11;8;0
32518;665;39;8;11;8;0
32521;674;39;8;11;8;0
32526;683;39;8;11;8;0
32531;692;39;8;11;8;0
32532;701;39;8;11;8;0
32533;710;39;8;11;8;0
32534;719;39;8;11;8;0
32536;541;27;8;11;8;0
32538;737;39;8;11;8;0
32541;746;39;8;11;8;0
32544;755;39;8;11;8;0
32552;764;39;8;11;8;0
32553;773;39;8;11;8;0
32558;782;39;8;11;8;0
32564;791;39;8;11;8;0
32568;800;39;8;11;8;0
32570;809;39;8;11;8;0
32592;962;39;8;11;8;0
32593;82;51;8;11;8;0
32597;469;51;8;11;8;0
32599;91;51;8;11;8;0
32602;361;51;8;11;8;0
32610;370;51;8;11;8;0
32617;379;51;8;11;8;0
32618;388;51;8;11;8;0
32622;397;51;8;11;8;0
32626;406;51;8;11;8;0
32650;415;51;8;11;8;0
32652;424;51;8;11;8;0
32654;433;51;8;11;8;0
32660;442;51;8;11;8;0
32666;451;51;8;11;8;0
32670;460;51;8;11;8;0
32673;478;51;8;11;8;0
32676;595;51;8;11;8;0
32697;487;51;8;11;8;0
32701;496;51;8;11;8;0
32705;505;51;8;11;8;0
32709;514;51;8;11;8;0
32716;523;51;8;11;8;0
32724;532;51;8;11;8;0
32728;541;51;8;11;8;0
32735;550;51;8;11;8;0
32736;559;51;8;11;8;0
32752;568;51;8;11;8;0
32753;577;51;8;11;8;0
32763;586;51;8;11;8;0
32764;352;51;8;11;8;0
32768;343;51;8;11;8;0
32769;334;51;8;11;8;0
32771;325;51;8;11;8;0
32773;100;51;8;11;8;0
32780;109;51;8;11;8;0
32781;118;51;8;11;8;0
32784;127;51;8;11;8;0
32789;136;51;8;11;8;0
32791;145;51;8;11;8;0
32792;154;51;8;11;8;0
32793;163;51;8;11;8;0
32810;172;51;8;11;8;0
32819;181;51;8;11;8;0
32822;190;51;8;11;8;0
32824;199;51;8;11;8;0
32827;208;51;8;11;8;0
32829;217;51;8;11;8;0
32831;226;51;8;11;8;0
32834;235;51;8;11;8;0
32842;244;51;8;11;8;0
32843;253;51;8;11;8;0
32844;262;51;8;11;8;0
32852;271;51;8;11;8;0
32856;280;51;8;11;8;0
32858;289;51;8;11;8;0
32874;298;51;8;11;8;0
32899;307;51;8;11;8;0
32900;316;51;8;11;8;0
32902;584;39;8;11;8;0
32903;575;39;8;11;8;0
32905;566;39;8;11;8;0
32907;433;39;8;11;8;0
32908;820;27;8;11;8;0
32918;829;27;7;11;8;1
32920;837;27;8;11;8;0
32922;846;27;8;11;8;0
32923;855;27;8;11;8;0
32925;864;27;8;11;8;0
32928;873;27;8;11;8;0
32929;882;27;8;11;8;0
32930;891;27;8;11;8;0
32932;900;27;8;11;8;0
32933;909;27;8;11;8;0
32937;918;27;8;11;8;0
32938;927;27;8;11;8;0
32942;936;27;8;11;8;0
32943;945;27;8;11;8;0
32946;954;27;8;11;8;0
32954;963;27;8;11;8;0
32958;972;27;8;11;8;0
32959;981;27;8;11;8;0
32960;990;27;8;11;8;0
32961;999;27;8;11;8;0
32963;1008;27;8;11;8;0
32966;1;39;8;11;8;0
32972;10;39;8;11;8;0
32974;19;39;8;11;8;0
32982;811;27;8;11;8;0
32986;28;39;8;11;8;0
32988;802;27;8;11;8;0
32990;784;27;8;11;8;0
32993;559;27;8;11;8;0
33007;568;27;8;11;8;0
33008;577;27;8;11;8;0
33011;586;27;8;11;8;0
33014;595;27;8;11;8;0
33016;604;27;8;11;8;0
33018;613;27;8;11;8;0
33021;622;27;8;11;8;0
33026;631;27;8;11;8;0
33030;640;27;8;11;8;0
33033;649;27;8;11;8;0
33034;658;27;8;11;8;0
33039;667;27;8;11;8;0
33040;676;27;8;11;8;0
33041;685;27;8;11;8;0
33043;694;27;8;11;8;0
33046;703;27;8;11;8;0
33050;712;27;8;11;8;0
33071;721;27;8;11;8;0
33073;730;27;8;11;8;0
33080;739;27;8;11;8;0
33086;748;27;8;11;8;0
33094;757;27;8;11;8;0
33098;766;27;8;11;8;0
33099;775;27;8;11;8;0
33104;793;27;8;11;8;0
33105;37;39;8;11;8;0
33108;46;39;8;11;8;0
33109;55;39;8;11;8;0
33125;325;39;8;11;8;0
33134;334;39;8;11;8;0
33136;343;39;8;11;8;0
33145;352;39;8;11;8;0
33146;361;39;8;11;8;0
33147;370;39;8;11;8;0
33150;379;39;8;11;8;0
33151;388;39;8;11;8;0
33152;397;39;8;11;8;0
33162;406;39;8;11;8;0
33167;415;39;8;11;8;0
33176;424;39;8;11;8;0
33179;442;39;8;11;8;0
33180;557;39;8;11;8;0
33181;451;39;8;11;8;0
33192;460;39;8;11;8;0
33203;469;39;8;11;8;0
33216;478;39;8;11;8;0
33218;487;39;8;11;8;0
33219;496;39;8;11;8;0
33222;505;39;8;11;8;0
33251;514;39;7;11;8;1
33258;522;39;7;11;8;1
33261;530;39;8;11;8;0
33267;539;39;8;11;8;0
33268;548;39;8;11;8;0
33275;316;39;8;11;8;0
33276;307;39;8;11;8;0
33280;298;39;8;11;8;0
33285;289;39;8;11;8;0
33286;64;39;8;11;8;0
33292;73;39;8;11;8;0
33293;82;39;8;11;8;0
33298;91;39;8;11;8;0
33300;100;39;8;11;8;0
33308;109;39;8;11;8;0
33310;118;39;8;11;8;0
33311;127;39;8;11;8;0
33322;136;39;8;11;8;0
33324;145;39;8;11;8;0
33328;154;39;8;11;8;0
33329;163;39;8;11;8;0
33333;172;39;8;11;8;0
33334;181;39;8;11;8;0
33335;190;39;8;11;8;0
33337;199;39;8;11;8;0
33351;208;39;8;11;8;0
33368;217;39;8;11;8;0
33391;226;39;8;11;8;0
33392;235;39;8;11;8;0
33394;244;39;8;11;8;0
33395;253;39;8;11;8;0
33402;262;39;8;11;8;0
33406;271;39;8;11;8;0
33410;280;39;8;11;8;0
33419;558;87;8;11;8;0
33421;765;99;8;11;8;0
33426;1000;171;8;11;8;0
33436;783;99;8;11;8;0
33437;226;171;8;11;8;0
33445;235;171;8;11;8;0
33446;244;171;8;11;8;0
33452;253;171;8;11;8;0
33453;262;171;8;11;8;0
33455;271;171;8;11;8;0
33457;280;171;8;11;8;0
33459;289;171;8;11;8;0
33465;298;171;8;11;8;0
33469;307;171;8;11;8;0
33479;316;171;8;11;8;0
33485;325;171;8;11;8;0
33487;343;171;8;11;8;0
33489;460;171;8;11;8;0
33492;352;171;8;11;8;0
33495;361;171;8;11;8;0
33499;370;171;8;11;8;0
33502;379;171;8;11;8;0
33503;388;171;8;11;8;0
33509;397;171;8;11;8;0
33510;406;171;8;11;8;0
33515;415;171;8;11;8;0
33519;424;171;8;11;8;0
33521;433;171;8;11;8;0
33529;442;171;8;11;8;0
33537;451;171;8;11;8;0
33538;217;171;8;11;8;0
33539;208;171;8;11;8;0
33540;199;171;8;11;8;0
33541;190;171;8;11;8;0
33550;982;159;8;11;8;0
33575;991;159;8;11;8;0
33576;1000;159;8;11;8;0
33579;1009;159;8;11;8;0
33580;1;171;8;11;8;0
33589;10;171;8;11;8;0
33590;19;171;8;11;8;0
33592;28;171;8;11;8;0
33593;37;171;8;11;8;0
33606;46;171;8;11;8;0
33609;55;171;8;11;8;0
33616;64;171;8;11;8;0
33618;73;171;8;11;8;0
33620;82;171;8;11;8;0
33626;91;171;8;11;8;0
33633;774;99;8;11;8;0
33635;109;171;8;11;8;0
33636;118;171;8;11;8;0
33639;127;171;8;11;8;0
33643;136;171;8;11;8;0
33647;145;171;8;11;8;0
33655;154;171;8;11;8;0
33670;163;171;8;11;8;0
33673;172;171;8;11;8;0
33678;181;171;8;11;8;0
33707;334;171;8;11;8;0
33713;478;171;8;11;8;0
33714;865;171;8;11;8;0
33719;487;171;8;11;8;0
33721;757;171;8;11;8;0
33725;766;171;8;11;8;0
33735;775;171;8;11;8;0
33738;784;171;8;11;8;0
33740;793;171;8;11;8;0
33743;802;171;8;11;8;0
33756;811;171;8;11;8;0
33760;820;171;8;11;8;0
33769;829;171;8;11;8;0
33777;838;171;8;11;8;0
33778;847;171;8;11;8;0
33796;856;171;8;11;8;0
33804;874;171;8;11;8;0
33805;991;171;8;11;8;0
33806;883;171;8;11;8;0
33821;892;171;8;11;8;0
33828;901;171;8;11;8;0
33829;910;171;8;11;8;0
33831;919;171;8;11;8;0
33832;928;171;8;11;8;0
33853;937;171;8;11;8;0
33879;946;171;8;11;8;0
33883;955;171;8;11;8;0
33889;964;171;8;11;8;0
33891;973;171;8;11;8;0
33899;982;171;8;11;8;0
33900;748;171;8;11;8;0
33905;739;171;8;11;8;0
33909;730;171;8;11;8;0
33922;721;171;8;11;8;0
33931;496;171;8;11;8;0
33945;505;171;8;11;8;0
33948;514;171;8;11;8;0
33970;523;171;8;11;8;0
33976;532;171;8;11;8;0
33988;541;171;8;11;8;0
33993;550;171;8;11;8;0
34001;559;171;8;11;8;0
34006;568;171;8;11;8;0
34013;577;171;8;11;8;0
34015;586;171;8;11;8;0
34028;595;171;8;11;8;0
34065;604;171;8;11;8;0
34067;613;171;8;11;8;0
34071;622;171;8;11;8;0
34074;631;171;8;11;8;0
34081;640;171;8;11;8;0
34091;649;171;8;11;8;0
34092;658;171;8;11;8;0
34103;667;171;8;11;8;0
34108;676;171;8;11;8;0
34109;685;171;8;11;8;0
34121;694;171;8;11;8;0
34122;703;171;8;11;8;0
34164;712;171;8;11;8;0
34174;973;159;8;11;8;0
34180;964;159;8;11;8;0
34203;955;159;8;11;8;0
34218;820;159;8;11;8;0
34223;190;159;8;11;8;0
34249;199;159;8;11;8;0
34255;208;159;8;11;8;0
34256;217;159;8;11;8;0
34261;226;159;8;11;8;0
34276;235;159;8;11;8;0
34281;244;159;8;11;8;0
34299;253;159;8;11;8;0
34321;262;159;8;11;8;0
34360;271;159;8;11;8;0
34382;280;159;8;11;8;0
34383;289;159;8;11;8;0
34384;298;159;8;11;8;0
34385;307;159;8;11;8;0
34394;316;159;8;11;8;0
34398;325;159;8;11;8;0
34411;334;159;8;11;8;0
34417;343;159;8;11;8;0
34425;352;159;8;11;8;0
34429;361;159;8;11;8;0
34430;370;159;8;11;8;0
34432;379;159;8;11;8;0
34433;388;159;8;11;8;0
34434;397;159;8;11;8;0
34442;406;159;8;11;8;0
34444;181;159;8;11;8;0
34453;415;159;8;11;8;0
34460;172;159;8;11;8;0
34468;154;159;8;11;8;0
34496;946;147;8;11;8;0
34502;955;147;8;11;8;0
34503;964;147;8;11;8;0
34506;973;147;8;11;8;0
34507;982;147;8;11;8;0
34516;991;147;8;11;8;0
34521;1000;147;8;11;8;0
34523;1009;147;8;11;8;0
34532;1;159;8;11;8;0
34542;10;159;8;11;8;0
34544;19;159;8;11;8;0
34553;28;159;8;11;8;0
34558;37;159;8;11;8;0
34560;46;159;8;11;8;0
34562;55;159;8;11;8;0
34578;64;159;8;11;8;0
34581;73;159;8;11;8;0
34583;82;159;8;11;8;0
34584;91;159;8;11;8;0
34588;100;159;8;11;8;0
34593;109;159;8;11;8;0
34631;118;159;8;11;8;0
34633;127;159;8;11;8;0
34638;136;159;8;11;8;0
34647;145;159;8;11;8;0
34676;163;159;8;11;8;0
34678;424;159;8;11;8;0
34701;433;159;8;11;8;0
34719;442;159;8;11;8;0
34746;712;159;8;11;8;0
34809;721;159;8;11;8;0
34837;730;159;8;11;8;0
34850;739;159;8;11;8;0
34880;748;159;8;11;8;0
34885;757;159;8;11;8;0
34892;766;159;8;11;8;0
34893;775;159;8;11;8;0
34900;784;159;8;11;8;0
34903;793;159;8;11;8;0
34905;802;159;8;11;8;0
34913;811;159;8;11;8;0
34915;829;159;8;11;8;0
34917;946;159;8;11;8;0
34920;838;159;8;11;8;0
34923;847;159;8;11;8;0
34924;856;159;8;11;8;0
34928;865;159;8;11;8;0
34935;874;159;8;11;8;0
34945;883;159;8;11;8;0
34948;892;159;8;11;8;0
34955;901;159;8;11;8;0
34957;910;159;8;11;8;0
34962;919;159;8;11;8;0
34966;928;159;8;11;8;0
34972;937;159;8;11;8;0
34987;703;159;8;11;8;0
34989;694;159;8;11;8;0
34993;685;159;8;11;8;0
35009;676;159;8;11;8;0
35010;451;159;8;11;8;0
35013;460;159;8;11;8;0
35028;469;159;8;11;8;0
35029;478;159;8;11;8;0
35033;487;159;8;11;8;0
35044;496;159;8;11;8;0
35059;505;159;8;11;8;0
35060;514;159;8;11;8;0
35064;523;159;8;11;8;0
35065;532;159;8;11;8;0
35074;541;159;8;11;8;0
35088;550;159;8;11;8;0
35090;559;159;8;11;8;0
35109;568;159;8;11;8;0
35114;577;159;8;11;8;0
35140;586;159;8;11;8;0
35167;595;159;8;11;8;0
35199;604;159;8;11;8;0
35201;613;159;8;11;8;0
35206;622;159;8;11;8;0
35265;631;159;8;11;8;0
35266;640;159;8;11;8;0
35268;649;159;8;11;8;0
35269;658;159;8;11;8;0
35270;667;159;8;11;8;0
35272;469;171;8;11;8;0
35273;1009;171;8;11;8;0
35282;550;195;7;11;8;0
35299;1;183;8;11;8;0
35302;307;195;8;11;8;0
35328;316;195;8;11;8;0
35449;325;195;8;11;8;0
35465;334;195;8;11;8;0
35466;343;195;8;11;8;0
35475;352;195;8;11;8;0
35686;361;195;8;11;8;0
35692;370;195;8;11;8;0
35745;379;195;8;11;8;0
35746;388;195;8;11;8;0
35747;397;195;8;11;8;0
35748;406;195;8;11;8;0
35749;424;195;8;11;8;0
35752;541;195;8;11;8;0
35753;433;195;8;11;8;0
35755;442;195;8;11;8;0
35757;451;195;8;11;8;0
35758;460;195;8;11;8;0
35759;469;195;8;11;8;0
35760;478;195;8;11;8;0
35762;487;195;8;11;8;0
35763;496;195;8;11;8;0
35766;505;195;8;11;8;0
35768;514;195;8;11;8;0
35769;523;195;8;11;8;0
35770;532;195;8;11;8;0
35772;298;195;8;11;8;0
35773;289;195;8;11;8;0
35774;280;195;8;11;8;0
35775;271;195;8;11;8;0
35776;46;195;8;11;8;0
35777;55;195;8;11;8;0
35780;64;195;8;11;8;0
35781;73;195;8;11;8;0
35782;82;195;8;11;8;0
35784;91;195;8;11;8;0
35785;100;195;8;11;8;0
35786;109;195;8;11;8;0
35788;118;195;8;11;8;0
35789;127;195;8;11;8;0
35793;136;195;8;11;8;0
35797;145;195;8;11;8;0
35799;154;195;8;11;8;0
35802;163;195;8;11;8;0
35803;172;195;8;11;8;0
35805;181;195;8;11;8;0
35806;190;195;8;11;8;0
35809;199;195;8;11;8;0
35810;208;195;8;11;8;0
35811;217;195;8;11;8;0
35813;226;195;8;11;8;0
35814;235;195;8;11;8;0
35815;244;195;8;11;8;0
35819;253;195;8;11;8;0
35820;262;195;8;11;8;0
35821;415;195;8;11;8;0
35823;558;195;8;11;8;0
35825;944;195;8;11;8;0
35826;567;195;8;11;8;0
35828;836;195;8;11;8;0
35829;845;195;8;11;8;0
35831;854;195;8;11;8;0
35832;863;195;8;11;8;0
35834;872;195;8;11;8;0
35835;881;195;8;11;8;0
35837;890;195;8;11;8;0
35838;899;195;8;11;8;0
35841;908;195;8;11;8;0
35843;917;195;8;11;8;0
35845;926;195;8;11;8;0
35846;935;195;8;11;8;0
35848;953;195;8;11;8;0
35850;46;207;8;11;8;0
35851;962;195;8;11;8;0
35853;971;195;8;11;8;0
35854;980;195;8;11;8;0
35856;989;195;8;11;8;0
35859;998;195;8;11;8;0
35863;1007;195;8;11;8;0
35866;1016;195;8;11;8;0
35868;1;207;8;11;8;0
35874;10;207;8;11;8;0
35875;19;207;8;11;8;0
35876;28;207;8;11;8;0
35878;37;207;8;11;8;0
35880;827;195;8;11;8;0
35881;818;195;8;11;8;0
35884;809;195;8;11;8;0
35885;800;195;8;11;8;0
35888;576;195;8;11;8;0
35889;585;195;8;11;8;0
35892;594;195;8;11;8;0
35895;603;195;8;11;8;0
35905;612;195;8;11;8;0
35910;621;195;8;11;8;0
35916;630;195;8;11;8;0
35937;639;195;8;11;8;0
35938;648;195;8;11;8;0
35946;657;195;8;11;8;0
35947;666;195;8;11;8;0
35961;675;195;8;11;8;0
35962;684;195;8;11;8;0
35977;693;195;8;11;8;0
35980;702;195;8;11;8;0
36125;711;195;8;11;8;0
36126;720;195;8;11;8;0
36127;729;195;7;11;8;1
36129;737;195;8;11;8;0
36130;746;195;8;11;8;0
36131;755;195;8;11;8;0
36132;764;195;8;11;8;0
36133;773;195;8;11;8;0
36134;782;195;8;11;8;0
36135;791;195;8;11;8;0
36136;37;195;8;11;8;0
36137;28;195;8;11;8;0
36138;19;195;8;11;8;0
36139;901;183;8;11;8;0
36140;271;183;8;11;8;0
36141;280;183;8;11;8;0
36142;289;183;8;11;8;0
36143;298;183;8;11;8;0
36144;307;183;8;11;8;0
36145;316;183;8;11;8;0
36148;325;183;8;11;8;0
36149;334;183;8;11;8;0
36151;343;183;8;11;8;0
36152;352;183;8;11;8;0
36153;361;183;8;11;8;0
36154;370;183;8;11;8;0
36156;379;183;8;11;8;0
36158;388;183;8;11;8;0
36159;397;183;8;11;8;0
36161;406;183;8;11;8;0
36162;415;183;8;11;8;0
36163;424;183;8;11;8;0
36164;433;183;8;11;8;0
36170;442;183;8;11;8;0
36171;451;183;8;11;8;0
36172;460;183;8;11;8;0
36174;469;183;8;11;8;0
36175;478;183;8;11;8;0
36176;487;183;8;11;8;0
36180;262;183;8;11;8;0
36182;496;183;8;11;8;0
36184;253;183;8;11;8;0
36186;235;183;8;11;8;0
36187;10;183;8;11;8;0
36190;19;183;8;11;8;0
36192;28;183;8;11;8;0
36193;37;183;8;11;8;0
36194;46;183;8;11;8;0
36195;55;183;8;11;8;0
36196;64;183;8;11;8;0
36198;73;183;8;11;8;0
36203;82;183;8;11;8;0
36208;91;183;8;11;8;0
36212;100;183;8;11;8;0
36213;109;183;8;11;8;0
36214;118;183;8;11;8;0
36215;127;183;8;11;8;0
36225;136;183;8;11;8;0
36229;145;183;8;11;8;0
36234;154;183;8;11;8;0
36235;163;183;8;11;8;0
36255;172;183;8;11;8;0
36259;181;183;8;11;8;0
36275;190;183;8;11;8;0
36276;199;183;8;11;8;0
36286;208;183;8;11;8;0
36291;217;183;8;11;8;0
36299;226;183;8;11;8;0
36300;244;183;8;11;8;0
36305;505;183;8;11;8;0
36317;514;183;8;11;8;0
36319;523;183;8;11;8;0
36328;793;183;8;11;8;0
36330;802;183;8;11;8;0
36335;811;183;8;11;8;0
36339;820;183;8;11;8;0
36341;829;183;8;11;8;0
36346;838;183;8;11;8;0
36362;847;183;8;11;8;0
36364;856;183;8;11;8;0
36367;865;183;8;11;8;0
36382;874;183;8;11;8;0
36386;883;183;8;11;8;0
36393;892;183;8;11;8;0
36394;910;183;8;11;8;0
36420;10;195;8;11;8;0
36424;919;183;8;11;8;0
36427;928;183;8;11;8;0
36454;937;183;8;11;8;0
36460;946;183;8;11;8;0
36461;955;183;8;11;8;0
36466;964;183;8;11;8;0
36479;973;183;8;11;8;0
36481;982;183;8;11;8;0
36487;991;183;8;11;8;0
36523;1000;183;8;11;8;0
36524;1009;183;8;11;8;0
36527;1;195;8;11;8;0
36530;784;183;8;11;8;0
36538;775;183;8;11;8;0
36710;766;183;8;11;8;0
36711;757;183;8;11;8;0
36712;532;183;8;11;8;0
36713;541;183;8;11;8;0
36716;550;183;8;11;8;0
36718;559;183;8;11;8;0
36719;568;183;8;11;8;0
36720;577;183;8;11;8;0
36724;586;183;8;11;8;0
36731;595;183;8;11;8;0
36733;604;183;8;11;8;0
36735;613;183;8;11;8;0
36739;622;183;8;11;8;0
36741;631;183;8;11;8;0
36742;640;183;8;11;8;0
36744;649;183;8;11;8;0
36745;658;183;8;11;8;0
36746;667;183;8;11;8;0
36752;676;183;8;11;8;0
36753;685;183;8;11;8;0
36755;694;183;8;11;8;0
36757;703;183;8;11;8;0
36758;712;183;8;11;8;0
36759;721;183;8;11;8;0
36761;730;183;8;11;8;0
36763;739;183;8;11;8;0
36764;748;183;8;11;8;0
36766;937;147;8;11;8;0
36767;928;147;8;11;8;0
36771;919;147;8;11;8;0
36776;388;147;8;11;8;0
36777;73;123;8;11;8;0
36779;82;123;8;11;8;0
36784;91;123;8;11;8;0
36785;100;123;8;11;8;0
36793;109;123;8;11;8;0
36797;118;123;8;11;8;0
36798;127;123;8;11;8;0
36801;136;123;8;11;8;0
36802;145;123;8;11;8;0
36804;154;123;8;11;8;0
36805;163;123;8;11;8;0
36807;172;123;8;11;8;0
36808;181;123;8;11;8;0
36814;190;123;8;11;8;0
36816;199;123;8;11;8;0
36817;208;123;8;11;8;0
36820;217;123;8;11;8;0
36824;226;123;8;11;8;0
36825;235;123;8;11;8;0
36827;244;123;8;11;8;0
36828;253;123;8;11;8;0
36829;262;123;8;11;8;0
36830;271;123;8;11;8;0
36831;280;123;8;11;8;0
36834;289;123;8;11;8;0
36842;64;123;8;11;8;0
36843;298;123;8;11;8;0
36845;55;123;8;11;8;0
36848;37;123;8;11;8;0
36855;829;111;8;11;8;0
36856;838;111;8;11;8;0
36857;847;111;8;11;8;0
36861;856;111;8;11;8;0
36864;865;111;8;11;8;0
36865;874;111;8;11;8;0
36866;883;111;8;11;8;0
36867;892;111;8;11;8;0
36870;901;111;8;11;8;0
36873;910;111;8;11;8;0
36874;919;111;8;11;8;0
36879;928;111;8;11;8;0
36880;937;111;8;11;8;0
36882;946;111;8;11;8;0
36884;955;111;8;11;8;0
36887;964;111;8;11;8;0
36890;973;111;8;11;8;0
36891;982;111;8;11;8;0
36893;991;111;8;11;8;0
36894;1000;111;8;11;8;0
36895;1009;111;8;11;8;0
36896;1;123;8;11;8;0
36898;10;123;8;11;8;0
36910;19;123;8;11;8;0
36920;28;123;8;11;8;0
36923;46;123;8;11;8;0
36924;307;123;8;11;8;0
36926;316;123;8;11;8;0
36929;325;123;8;11;8;0
36930;595;123;8;11;8;0
36935;604;123;8;11;8;0
36941;613;123;8;11;8;0
36943;622;123;8;11;8;0
36947;631;123;8;11;8;0
36951;640;123;8;11;8;0
36963;649;123;8;11;8;0
36965;658;123;8;11;8;0
36973;667;123;8;11;8;0
36974;676;123;8;11;8;0
36981;685;123;8;11;8;0
36991;694;123;8;11;8;0
36992;712;123;8;11;8;0
37009;829;123;8;11;8;0
37011;721;123;8;11;8;0
37026;730;123;8;11;8;0
37027;739;123;8;11;8;0
37030;748;123;8;11;8;0
37034;757;123;8;11;8;0
37038;766;123;8;11;8;0
37039;775;123;8;11;8;0
37041;784;123;8;11;8;0
37045;793;123;8;11;8;0
37049;802;123;8;11;8;0
37051;811;123;8;11;8;0
37057;820;123;8;11;8;0
37066;586;123;8;11;8;0
37070;577;123;8;11;8;0
37073;568;123;8;11;8;0
37085;559;123;8;11;8;0
37089;334;123;8;11;8;0
37095;343;123;8;11;8;0
37096;352;123;8;11;8;0
37101;361;123;8;11;8;0
37108;370;123;8;11;8;0
37112;379;123;8;11;8;0
37117;388;123;8;11;8;0
37122;397;123;8;11;8;0
37145;406;123;8;11;8;0
37193;415;123;8;11;8;0
37195;424;123;8;11;8;0
37196;433;123;8;11;8;0
37197;442;123;8;11;8;0
37202;451;123;8;11;8;0
37207;460;123;8;11;8;0
37210;469;123;8;11;8;0
37213;478;123;8;11;8;0
37214;487;123;8;11;8;0
37219;496;123;8;11;8;0
37221;505;123;8;11;8;0
37226;514;123;8;11;8;0
37228;523;123;8;11;8;0
37230;532;123;8;11;8;0
37233;541;123;8;11;8;0
37237;550;123;8;11;8;0
37238;820;111;8;11;8;0
37239;703;123;8;11;8;0
37240;811;111;8;11;8;0
37247;667;111;8;11;8;0
37255;37;111;8;11;8;0
37257;46;111;8;11;8;0
37259;55;111;8;11;8;0
37266;64;111;8;11;8;0
37274;73;111;8;11;8;0
37275;82;111;8;11;8;0
37319;91;111;8;11;8;0
37321;100;111;8;11;8;0
37322;109;111;8;11;8;0
37324;118;111;8;11;8;0
37325;127;111;8;11;8;0
37326;136;111;8;11;8;0
37327;145;111;8;11;8;0
37329;154;111;8;11;8;0
37340;163;111;8;11;8;0
37492;172;111;8;11;8;0
38024;181;111;8;11;8;0
38025;190;111;8;11;8;0
38030;199;111;8;11;8;0
38034;208;111;8;11;8;0
38035;217;111;8;11;8;0
38041;226;111;8;11;8;0
38043;658;399;8;11;8;0
38045;235;111;8;11;8;0
38046;244;111;8;11;8;0
38047;253;111;8;11;8;0
38048;28;111;8;11;8;0
38049;262;111;8;11;8;0
38050;19;111;8;11;8;0
38053;1;111;8;11;8;0
38054;792;99;8;11;8;0
38055;801;99;8;11;8;0
38056;810;99;8;11;8;0
38057;819;99;8;11;8;0
38062;828;99;8;11;8;0
38065;837;99;8;11;8;0
38067;846;99;8;11;8;0
38069;855;99;8;11;8;0
38075;864;99;8;11;8;0
38078;873;99;8;11;8;0
38080;882;99;8;11;8;0
38081;891;99;8;11;8;0
38082;900;99;8;11;8;0
38083;909;99;8;11;8;0
38085;918;99;8;11;8;0
38086;927;99;8;11;8;0
38108;936;99;8;11;8;0
38109;945;99;8;11;8;0
38113;954;99;8;11;8;0
38115;963;99;8;11;8;0
38124;972;99;8;11;8;0
38125;981;99;8;11;8;0
38128;990;99;8;11;8;0
38129;999;99;8;11;8;0
38130;1008;99;8;11;8;0
38134;10;111;8;11;8;0
38136;271;111;8;11;8;0
38138;280;111;8;11;8;0
38142;289;111;8;11;8;0
38144;559;111;8;11;8;0
38145;568;111;8;11;8;0
38148;577;111;8;11;8;0
38149;586;111;8;11;8;0
38152;595;111;8;11;8;0
38155;604;111;8;11;8;0
38156;613;111;8;11;8;0
38160;622;111;8;11;8;0
38161;631;111;8;11;8;0
38167;640;111;8;11;8;0
38169;649;111;8;11;8;0
38170;658;111;8;11;8;0
38177;676;111;8;11;8;0
38179;793;111;8;11;8;0
38180;685;111;8;11;8;0
38181;694;111;8;11;8;0
38182;703;111;8;11;8;0
38184;712;111;8;11;8;0
38189;721;111;8;11;8;0
38190;730;111;8;11;8;0
38191;739;111;8;11;8;0
38192;748;111;8;11;8;0
38201;757;111;8;11;8;0
38203;766;111;8;11;8;0
38208;775;111;8;11;8;0
38209;784;111;8;11;8;0
38215;550;111;8;11;8;0
38218;541;111;8;11;8;0
38221;532;111;8;11;8;0
38224;523;111;8;11;8;0
38225;298;111;8;11;8;0
38236;307;111;8;11;8;0
38243;316;111;8;11;8;0
38253;325;111;8;11;8;0
38256;334;111;8;11;8;0
38262;343;111;8;11;8;0
38271;352;111;8;11;8;0
38376;361;111;8;11;8;0
38378;370;111;8;11;8;0
38381;379;111;8;11;8;0
38382;388;111;8;11;8;0
38383;397;111;8;11;8;0
38384;406;111;8;11;8;0
38386;415;111;8;11;8;0
38388;424;111;8;11;8;0
38391;433;111;8;11;8;0
38392;442;111;8;11;8;0
38393;451;111;8;11;8;0
38394;460;111;8;11;8;0
38395;469;111;8;11;8;0
38397;478;111;8;11;8;0
38400;487;111;8;11;8;0
38401;496;111;8;11;8;0
38402;505;111;8;11;8;0
38405;514;111;8;11;8;0
38409;802;111;8;11;8;0
38414;838;123;8;11;8;0
38416;847;123;8;11;8;0
38417;856;123;8;11;8;0
38420;145;147;8;11;8;0
38428;154;147;8;11;8;0
38431;163;147;8;11;8;0
38446;172;147;8;11;8;0
38450;181;147;8;11;8;0
38451;190;147;8;11;8;0
38452;199;147;8;11;8;0
38453;208;147;8;11;8;0
38454;217;147;8;11;8;0
38459;226;147;8;11;8;0
38463;235;147;8;11;8;0
38464;244;147;8;11;8;0
38468;262;147;8;11;8;0
38469;379;147;8;11;8;0
38470;271;147;8;11;8;0
38471;280;147;8;11;8;0
38472;289;147;8;11;8;0
38475;298;147;8;11;8;0
38476;307;147;8;11;8;0
38477;316;147;8;11;8;0
38480;325;147;8;11;8;0
38485;334;147;8;11;8;0
38491;343;147;8;11;8;0
38497;352;147;8;11;8;0
38498;361;147;8;11;8;0
38500;370;147;8;11;8;0
38504;136;147;8;11;8;0
38505;127;147;8;11;8;0
38506;118;147;8;11;8;0
38517;109;147;8;11;8;0
38518;901;135;8;11;8;0
38519;910;135;8;11;8;0
38533;919;135;8;11;8;0
38534;928;135;8;11;8;0
38539;937;135;8;11;8;0
38543;946;135;8;11;8;0
38544;955;135;8;11;8;0
38548;964;135;8;11;8;0
38552;973;135;8;11;8;0
38553;982;135;8;11;8;0
38556;991;135;8;11;8;0
38567;1000;135;8;11;8;0
38582;1009;135;8;11;8;0
38590;1;147;8;11;8;0
38592;10;147;8;11;8;0
38593;19;147;8;11;8;0
38596;28;147;8;11;8;0
38597;37;147;8;11;8;0
38598;46;147;8;11;8;0
38599;55;147;8;11;8;0
38604;64;147;8;11;8;0
38605;73;147;8;11;8;0
38607;82;147;8;11;8;0
38613;91;147;8;11;8;0
38632;100;147;8;11;8;0
38634;253;147;8;11;8;0
38646;397;147;8;11;8;0
38647;784;147;8;11;8;0
38649;406;147;8;11;8;0
38654;676;147;8;11;8;0
38656;685;147;8;11;8;0
38660;694;147;8;11;8;0
38663;703;147;8;11;8;0
38665;712;147;8;11;8;0
38669;721;147;8;11;8;0
38675;730;147;8;11;8;0
38678;739;147;8;11;8;0
38684;748;147;8;11;8;0
38686;757;147;8;11;8;0
38706;766;147;8;11;8;0
38712;775;147;8;11;8;0
38713;793;147;8;11;8;0
38738;910;147;8;11;8;0
38742;802;147;8;11;8;0
38745;811;147;8;11;8;0
38747;820;147;8;11;8;0
38750;829;147;8;11;8;0
38752;838;147;8;11;8;0
38753;847;147;8;11;8;0
38754;856;147;8;11;8;0
38761;865;147;8;11;8;0
38771;874;147;8;11;8;0
38772;883;147;8;11;8;0
38774;892;147;8;11;8;0
38795;901;147;8;11;8;0
38797;667;147;8;11;8;0
38808;658;147;8;11;8;0
38816;649;147;8;11;8;0
38829;640;147;8;11;8;0
38886;415;147;8;11;8;0
38887;424;147;8;11;8;0
38889;433;147;8;11;8;0
38893;442;147;8;11;8;0
38899;451;147;8;11;8;0
38901;460;147;8;11;8;0
38902;469;147;8;11;8;0
39029;478;147;8;11;8;0
39030;487;147;8;11;8;0
39031;496;147;8;11;8;0
39033;505;147;8;11;8;0
39034;514;147;8;11;8;0
39035;523;147;8;11;8;0
39037;532;147;8;11;8;0
39038;541;147;8;11;8;0
39039;550;147;8;11;8;0
39041;559;147;8;11;8;0
39042;568;147;8;11;8;0
39044;577;147;8;11;8;0
39045;586;147;8;11;8;0
39046;595;147;8;11;8;0
39047;604;147;8;11;8;0
39048;613;147;8;11;8;0
39050;622;147;8;11;8;0
39056;631;147;8;11;8;0
39057;892;135;8;11;8;0
39059;883;135;8;11;8;0
39062;874;135;8;11;8;0
39063;739;135;8;11;8;0
39064;109;135;8;11;8;0
39068;118;135;8;11;8;0
39069;127;135;8;11;8;0
39072;136;135;8;11;8;0
39076;145;135;8;11;8;0
39079;154;135;8;11;8;0
39118;163;135;8;11;8;0
39128;172;135;8;11;8;0
39134;181;135;8;11;8;0
39135;190;135;8;11;8;0
39184;199;135;8;11;8;0
39269;208;135;8;11;8;0
39277;217;135;8;11;8;0
39278;226;135;8;11;8;0
39279;235;135;8;11;8;0
39280;244;135;8;11;8;0
39281;253;135;8;11;8;0
39282;262;135;8;11;8;0
39285;271;135;8;11;8;0
39286;280;135;8;11;8;0
39290;289;135;8;11;8;0
39292;298;135;8;11;8;0
39295;307;135;8;11;8;0
39297;316;135;8;11;8;0
39301;325;135;8;11;8;0
39302;100;135;8;11;8;0
39304;334;135;8;11;8;0
39307;91;135;8;11;8;0
39311;73;135;8;11;8;0
39314;865;123;8;11;8;0
39318;874;123;8;11;8;0
39321;883;123;8;11;8;0
39532;892;123;8;11;8;0
39533;901;123;8;11;8;0
39534;910;123;8;11;8;0
39535;919;123;8;11;8;0
39536;928;123;8;11;8;0
39537;937;123;8;11;8;0
39539;946;123;8;11;8;0
39540;955;123;8;11;8;0
39542;964;123;8;11;8;0
39545;973;123;8;11;8;0
39547;982;123;8;11;8;0
39548;991;123;8;11;8;0
39550;1000;123;8;11;8;0
39554;1009;123;8;11;8;0
39556;1;135;8;11;8;0
39558;10;135;8;11;8;0
39559;19;135;8;11;8;0
39563;28;135;8;11;8;0
39564;37;135;8;11;8;0
39567;46;135;8;11;8;0
39569;55;135;8;11;8;0
39575;64;135;8;11;8;0
39578;82;135;8;11;8;0
39585;343;135;8;11;8;0
39588;352;135;8;11;8;0
39592;361;135;8;11;8;0
39608;631;135;8;11;8;0
39635;640;135;8;11;8;0
39640;649;135;8;11;8;0
39683;658;135;8;11;8;0
39740;667;135;8;11;8;0
39745;676;135;8;11;8;0
39746;685;135;8;11;8;0
39748;694;135;8;11;8;0
39759;703;135;8;11;8;0
39764;712;135;8;11;8;0
40060;721;135;8;11;8;0
40065;730;135;8;11;8;0
40077;748;135;8;11;8;0
40092;865;135;8;11;8;0
40100;757;135;8;11;8;0
40120;766;135;8;11;8;0
40131;775;135;8;11;8;0
40150;784;135;8;11;8;0
40158;793;135;8;11;8;0
40479;802;135;8;11;8;0
40481;811;135;8;11;8;0
40483;820;135;8;11;8;0
40485;829;135;8;11;8;0
40486;838;135;8;11;8;0
40493;847;135;8;11;8;0
40495;856;135;8;11;8;0
40499;622;135;8;11;8;0
40501;613;135;8;11;8;0
40509;604;135;8;11;8;0
40511;595;135;8;11;8;0
40515;370;135;8;11;8;0
40517;379;135;8;11;8;0
40522;388;135;8;11;8;0
40527;397;135;8;11;8;0
40548;406;135;8;11;8;0
40560;415;135;8;11;8;0
40575;424;135;8;11;8;0
40595;433;135;8;11;8;0
40614;442;135;8;11;8;0
40635;451;135;8;11;8;0
40644;460;135;8;11;8;0
40653;469;135;8;11;8;0
40654;478;135;8;11;8;0
40657;487;135;8;11;8;0
40660;496;135;8;11;8;0
40664;505;135;8;11;8;0
40718;514;135;8;11;8;0
40723;523;135;8;11;8;0
40736;532;135;8;11;8;0
40763;541;135;8;11;8;0
40784;550;135;8;11;8;0
40831;559;135;8;11;8;0
40836;568;135;8;11;8;0
40843;577;135;8;11;8;0
40857;586;135;8;11;8;0
40858;271;339;8;11;8;0
40863;640;399;8;11;8;0
