"ChevyRay - Vector Mono";0;False;False;1;0;1;1
32;1;1;24;27;24;0
33;869;1018;3;21;24;9
34;1972;1018;9;6;24;6
35;1824;1018;15;18;24;3
36;873;1018;15;21;24;3
37;889;1018;18;21;24;0
38;908;1018;18;21;24;0
39;1968;1018;3;6;24;9
40;927;1018;9;21;24;6
41;937;1018;9;21;24;6
42;1929;1018;15;12;24;3
43;1789;1018;15;18;24;3
44;113;1;6;24;24;6
45;1913;1018;15;12;24;3
46;849;1018;3;21;24;9
47;969;1018;18;21;24;0
48;988;1018;15;21;24;3
49;1004;1018;15;21;24;3
50;1020;1018;15;21;24;3
51;1036;1018;15;21;24;3
52;1052;1018;15;21;24;3
53;1068;1018;15;21;24;3
54;1084;1018;15;21;24;3
55;1100;1018;15;21;24;3
56;1116;1018;15;21;24;3
57;853;1018;15;21;24;3
58;1132;1018;3;21;24;9
59;106;1;6;24;24;6
60;1805;1018;18;18;24;0
61;1859;1018;15;15;24;3
62;1840;1018;18;18;24;0
63;830;1018;18;21;24;0
64;503;1018;18;21;24;0
65;522;1018;21;21;24;0
66;544;1018;21;21;24;0
67;566;1018;21;21;24;0
68;588;1018;21;21;24;0
69;481;1018;21;21;24;0
70;610;1018;21;21;24;0
71;808;1018;21;21;24;0
72;654;1018;21;21;24;0
73;676;1018;21;21;24;0
74;698;1018;21;21;24;0
75;720;1018;21;21;24;0
76;632;1018;21;21;24;0
77;742;1018;21;21;24;0
78;764;1018;21;21;24;0
79;786;1018;21;21;24;0
80;947;1018;21;21;24;0
81;1136;1018;21;21;24;0
82;1190;1018;21;21;24;0
83;1168;1018;21;21;24;0
84;1494;1018;21;21;24;0
85;1516;1018;21;21;24;0
86;1538;1018;21;21;24;0
87;1560;1018;21;21;24;0
88;1582;1018;21;21;24;0
89;1472;1018;21;21;24;0
90;1620;1018;21;21;24;0
91;1158;1018;9;21;24;6
92;1642;1018;18;21;24;0
93;1661;1018;9;21;24;6
94;1945;1018;15;9;24;3
95;1687;1018;21;21;24;0
96;1961;1018;6;6;24;6
97;1757;1018;15;21;24;3
98;1773;1018;15;21;24;3
99;1725;1018;15;21;24;3
100;1709;1018;15;21;24;3
101;1741;1018;15;21;24;3
102;1604;1018;15;21;24;3
103;55;1;15;27;24;3
104;1440;1018;15;21;24;3
105;1424;1018;15;21;24;3
106;26;1;12;27;24;3
107;1671;1018;15;21;24;3
108;1456;1018;15;21;24;3
109;1212;1018;21;21;24;0
110;1234;1018;15;21;24;3
111;1250;1018;15;21;24;3
112;39;1;15;27;24;3
113;87;1;18;27;24;3
114;1266;1018;15;21;24;3
115;1282;1018;15;21;24;3
116;1298;1018;15;21;24;3
117;1314;1018;15;21;24;3
118;1330;1018;15;21;24;3
119;1346;1018;21;21;24;0
120;1368;1018;15;21;24;3
121;71;1;15;27;24;3
122;1384;1018;15;21;24;3
123;1400;1018;9;21;24;6
124;1410;1018;3;21;24;9
125;1414;1018;9;21;24;6
126;1875;1018;18;15;24;0
127;1894;1018;18;15;24;0
19968;1485;673;23;22;26;0
19969;1509;673;23;22;26;0
19971;1533;673;23;22;26;0
19975;1557;673;23;22;26;0
19976;1581;673;23;22;26;0
19977;1605;673;23;22;26;0
19978;1629;673;23;22;26;0
19979;1653;673;23;22;26;0
19981;1677;673;23;22;26;0
19982;1701;673;23;22;26;0
19985;1725;673;23;22;26;0
19987;1749;673;23;22;26;0
19988;1773;673;23;22;26;0
19990;1797;673;23;22;26;0
19992;1821;673;23;22;26;0
19993;1845;673;23;22;26;0
19994;1869;673;23;22;26;0
19995;1893;673;23;22;26;0
19996;1917;673;23;22;26;0
19997;1941;673;23;22;26;0
20002;1965;673;23;22;26;0
20004;1989;673;23;22;26;0
20005;2013;673;23;22;26;0
20007;1;696;23;22;26;0
20010;25;696;23;22;26;0
20011;1465;673;19;22;26;2
20013;1441;673;23;22;26;0
20016;1417;673;23;22;26;0
20018;1081;673;23;22;26;0
20020;817;673;23;22;26;0
20024;841;673;23;22;26;0
20025;865;673;23;22;26;0
20026;889;673;23;22;26;0
20027;913;673;23;22;26;0
20029;937;673;23;22;26;0
20030;961;673;23;22;26;0
20035;985;673;23;22;26;0
20037;1009;673;23;22;26;0
20040;1033;673;23;22;26;0
20041;1057;673;23;22;26;0
20043;1105;673;23;22;26;0
20044;1393;673;23;22;26;0
20045;1129;673;23;22;26;0
20046;1153;673;23;22;26;0
20047;1177;673;23;22;26;0
20048;1201;673;23;22;26;0
20050;1225;673;23;22;26;0
20051;1249;673;23;22;26;0
20052;1273;673;23;22;26;0
20054;1297;673;23;22;26;0
20056;1321;673;23;22;26;0
20057;1345;673;23;22;26;0
20061;1369;673;23;22;26;0
20062;49;696;23;22;26;0
20063;73;696;23;22;26;0
20064;97;696;23;22;26;0
20065;121;696;17;22;26;4
20070;835;696;23;22;26;0
20080;859;696;23;22;26;0
20081;883;696;23;22;26;0
20083;907;696;23;22;26;0
20094;931;696;23;22;26;0
20102;955;696;21;22;26;0
20104;977;696;23;22;26;0
20105;1001;696;23;22;26;0
20107;1025;696;23;22;26;0
20108;1049;696;23;22;26;0
20110;1073;696;23;22;26;0
20111;1097;696;23;22;26;0
20113;1121;696;23;22;26;0
20114;1145;696;23;22;26;0
20116;1169;696;23;22;26;0
20117;1193;696;23;22;26;0
20122;1217;696;23;22;26;0
20123;1241;696;23;22;26;0
20129;1265;696;23;22;26;0
20130;1289;696;23;22;26;0
20132;1313;696;23;22;26;0
20133;1337;696;23;22;26;0
20134;1361;696;23;22;26;0
20135;1385;696;23;22;26;0
20136;1409;696;23;22;26;0
20137;811;696;23;22;26;0
20139;1433;696;23;22;26;0
20140;787;696;23;22;26;0
20141;739;696;23;22;26;0
20142;139;696;23;22;26;0
20146;163;696;23;22;26;0
20154;187;696;23;22;26;0
20159;211;696;23;22;26;0
20160;235;696;23;22;26;0
20161;259;696;23;22;26;0
20165;283;696;23;22;26;0
20166;307;696;23;22;26;0
20167;331;696;23;22;26;0
20170;355;696;23;22;26;0
20171;379;696;23;22;26;0
20173;403;696;23;22;26;0
20174;427;696;23;22;26;0
20177;451;696;23;22;26;0
20179;475;696;23;22;26;0
20180;499;696;23;22;26;0
20181;523;696;23;22;26;0
20182;547;696;23;22;26;0
20183;571;696;23;22;26;0
20184;595;696;23;22;26;0
20185;619;696;23;22;26;0
20191;643;696;23;22;26;0
20195;667;696;23;22;26;0
20196;691;696;23;22;26;0
20197;715;696;23;22;26;0
20202;793;673;23;22;26;0
20204;769;673;23;22;26;0
20208;745;673;23;22;26;0
20210;1417;650;23;22;26;0
20214;793;650;23;22;26;0
20215;817;650;23;22;26;0
20219;841;650;23;22;26;0
20221;865;650;23;22;26;0
20223;889;650;23;22;26;0
20225;913;650;23;22;26;0
20234;937;650;23;22;26;0
20237;961;650;23;22;26;0
20238;985;650;23;22;26;0
20239;1009;650;23;22;26;0
20240;1033;650;23;22;26;0
20241;1057;650;23;22;26;0
20247;1081;650;23;22;26;0
20248;1105;650;23;22;26;0
20249;1129;650;23;22;26;0
20250;1153;650;23;22;26;0
20254;1177;650;23;22;26;0
20255;1201;650;23;22;26;0
20256;1225;650;23;22;26;0
20260;1249;650;23;22;26;0
20262;1273;650;23;22;26;0
20266;1297;650;23;22;26;0
20271;1321;650;23;22;26;0
20272;1345;650;23;22;26;0
20276;1369;650;23;22;26;0
20278;769;650;23;22;26;0
20280;745;650;23;22;26;0
20282;721;650;23;22;26;0
20284;385;650;23;22;26;0
20291;121;650;23;22;26;0
20294;145;650;23;22;26;0
20301;169;650;23;22;26;0
20302;193;650;23;22;26;0
20303;217;650;23;22;26;0
20304;241;650;23;22;26;0
20305;265;650;23;22;26;0
20307;289;650;23;22;26;0
20309;313;650;23;22;26;0
20313;337;650;23;22;26;0
20315;361;650;23;22;26;0
20316;409;650;23;22;26;0
20320;697;650;23;22;26;0
20323;433;650;23;22;26;0
20329;457;650;23;22;26;0
20332;481;650;23;22;26;0
20335;505;650;23;22;26;0
20336;529;650;23;22;26;0
20339;553;650;23;22;26;0
20351;577;650;23;22;26;0
20356;601;650;23;22;26;0
20360;625;650;23;22;26;0
20363;649;650;23;22;26;0
20365;673;650;23;22;26;0
20375;1393;650;23;22;26;0
20379;1441;650;23;22;26;0
20381;721;673;23;22;26;0
20384;1465;650;23;22;26;0
20387;121;673;23;22;26;0
20389;145;673;23;22;26;0
20390;169;673;23;22;26;0
20391;193;673;23;22;26;0
20392;217;673;23;22;26;0
20393;241;673;23;22;26;0
20398;265;673;23;22;26;0
20399;289;673;23;22;26;0
20405;313;673;23;22;26;0
20415;337;673;23;22;26;0
20419;361;673;23;22;26;0
20420;385;673;23;22;26;0
20426;409;673;23;22;26;0
20431;433;673;23;22;26;0
20432;457;673;23;22;26;0
20439;481;673;23;22;26;0
20440;505;673;23;22;26;0
20445;529;673;23;22;26;0
20446;553;673;23;22;26;0
20449;577;673;23;22;26;0
20457;601;673;23;22;26;0
20461;625;673;23;22;26;0
20462;649;673;23;22;26;0
20463;673;673;23;22;26;0
20465;697;673;23;22;26;0
20474;97;673;23;22;26;0
20493;73;673;23;22;26;0
20498;49;673;23;22;26;0
20500;1753;650;23;22;26;0
20504;1489;650;23;22;26;0
20505;1513;650;23;22;26;0
20506;1537;650;23;22;26;0
20511;1561;650;23;22;26;0
20513;1585;650;23;22;26;0
20518;1609;650;23;22;26;0
20522;1633;650;23;22;26;0
20538;1657;650;23;22;26;0
20540;1681;650;23;22;26;0
20542;1705;650;23;22;26;0
20551;1729;650;23;22;26;0
20559;1777;650;23;22;26;0
20570;25;673;23;22;26;0
20572;1801;650;23;22;26;0
20581;1825;650;23;22;26;0
20598;1849;650;23;22;26;0
20599;1873;650;23;22;26;0
20607;1897;650;23;22;26;0
20608;1921;650;23;22;26;0
20613;1945;650;23;22;26;0
20616;1969;650;23;22;26;0
20621;1993;650;23;22;26;0
20643;2017;650;23;22;26;0
20648;1;673;23;22;26;0
20652;763;696;23;22;26;0
20658;1457;696;23;22;26;0
20667;1481;696;23;22;26;0
20687;1505;696;23;22;26;0
20698;885;742;23;22;26;0
20711;909;742;23;22;26;0
20723;933;742;23;22;26;0
20725;957;742;23;22;26;0
20731;981;742;23;22;26;0
20754;1005;742;23;22;26;0
20769;1029;742;23;22;26;0
20799;1053;742;23;22;26;0
20801;1077;742;23;22;26;0
20803;1101;742;23;22;26;0
20804;1125;742;23;22;26;0
20805;1149;742;23;22;26;0
20806;1173;742;23;22;26;0
20808;1197;742;23;22;26;0
20809;1221;742;23;22;26;0
20811;1245;742;23;22;26;0
20813;1269;742;23;22;26;0
20817;1293;742;23;22;26;0
20820;1317;742;23;22;26;0
20826;1341;742;23;22;26;0
20828;1365;742;23;22;26;0
20834;1389;742;23;22;26;0
20837;1413;742;23;22;26;0
20840;1437;742;23;22;26;0
20843;1461;742;23;22;26;0
20844;861;742;23;22;26;0
20845;837;742;23;22;26;0
20848;813;742;23;22;26;0
20849;479;742;23;22;26;0
20851;215;742;23;22;26;0
20852;239;742;23;22;26;0
20853;263;742;23;22;26;0
20854;287;742;23;22;26;0
20855;311;742;23;22;26;0
20856;335;742;23;22;26;0
20857;359;742;23;22;26;0
20859;383;742;23;22;26;0
20860;407;742;23;22;26;0
20861;431;742;23;22;26;0
20864;455;742;23;22;26;0
20869;503;742;23;22;26;0
20872;791;742;21;22;26;0
20873;527;742;23;22;26;0
20876;551;742;23;22;26;0
20877;575;742;23;22;26;0
20882;599;742;23;22;26;0
20885;623;742;23;22;26;0
20887;647;742;23;22;26;0
20889;671;742;23;22;26;0
20891;695;742;23;22;26;0
20892;719;742;23;22;26;0
20896;743;742;23;22;26;0
20900;767;742;23;22;26;0
20908;1485;742;23;22;26;0
20911;1509;742;21;22;26;0
20912;1531;742;23;22;26;0
20914;1555;742;23;22;26;0
20915;241;765;23;22;26;0
20917;265;765;23;22;26;0
20918;289;765;23;22;26;0
20919;313;765;23;22;26;0
20923;337;765;23;22;26;0
20928;361;765;23;22;26;0
20932;385;765;23;22;26;0
20934;409;765;23;22;26;0
20937;433;765;23;22;26;0
20939;457;765;23;22;26;0
20940;481;765;23;22;26;0
20943;505;765;23;22;26;0
20945;529;765;23;22;26;0
20955;553;765;23;22;26;0
20957;577;765;23;22;26;0
20960;601;765;23;22;26;0
20961;625;765;23;22;26;0
20964;649;765;23;22;26;0
20973;673;765;23;22;26;0
20975;697;765;23;22;26;0
20976;721;765;23;22;26;0
20979;745;765;23;22;26;0
20982;769;765;23;22;26;0
20984;793;765;23;22;26;0
20985;817;765;23;22;26;0
20986;217;765;23;22;26;0
20987;841;765;23;22;26;0
20989;193;765;23;22;26;0
20991;145;765;23;22;26;0
20992;1579;742;23;22;26;0
20993;1603;742;23;22;26;0
20995;1627;742;23;22;26;0
20998;1651;742;23;22;26;0
20999;1675;742;23;22;26;0
21002;1699;742;23;22;26;0
21009;1723;742;23;22;26;0
21010;1747;742;23;22;26;0
21015;1771;742;23;22;26;0
21016;1795;742;23;22;26;0
21017;1819;742;23;22;26;0
21018;1843;742;23;22;26;0
21019;1867;742;23;22;26;0
21021;1891;742;23;22;26;0
21024;1915;742;23;22;26;0
21028;1939;742;23;22;26;0
21032;1963;742;23;22;26;0
21033;1987;742;23;22;26;0
21035;2011;742;23;22;26;0
21038;1;765;23;22;26;0
21040;25;765;23;22;26;0
21046;49;765;23;22;26;0
21047;73;765;23;22;26;0
21048;97;765;23;22;26;0
21049;121;765;23;22;26;0
21050;191;742;23;22;26;0
21051;169;765;23;22;26;0
21053;167;742;23;22;26;0
21057;1489;719;23;22;26;0
21058;169;719;23;22;26;0
21059;193;719;23;22;26;0
21066;217;719;23;22;26;0
21069;241;719;23;22;26;0
21072;265;719;23;22;26;0
21073;289;719;23;22;26;0
21076;313;719;23;22;26;0
21078;337;719;23;22;26;0
21093;361;719;23;22;26;0
21095;385;719;23;22;26;0
21097;409;719;23;22;26;0
21098;433;719;23;22;26;0
21103;457;719;23;22;26;0
21106;481;719;23;22;26;0
21119;505;719;23;22;26;0
21128;529;719;23;22;26;0
21147;553;719;23;22;26;0
21149;577;719;23;22;26;0
21150;601;719;23;22;26;0
21151;625;719;23;22;26;0
21152;649;719;23;22;26;0
21153;673;719;23;22;26;0
21155;697;719;23;22;26;0
21160;721;719;23;22;26;0
21161;745;719;23;22;26;0
21162;145;719;23;22;26;0
21163;121;719;23;22;26;0
21169;97;719;23;22;26;0
21170;1793;696;23;22;26;0
21171;1529;696;23;22;26;0
21183;1553;696;23;22;26;0
21187;1577;696;23;22;26;0
21191;1601;696;23;22;26;0
21193;1625;696;23;22;26;0
21195;1649;696;23;22;26;0
21202;1673;696;23;22;26;0
21208;1697;696;23;22;26;0
21215;1721;696;23;22;26;0
21220;1745;696;23;22;26;0
21242;1769;696;23;22;26;0
21246;1817;696;23;22;26;0
21247;73;719;23;22;26;0
21248;1841;696;23;22;26;0
21253;1865;696;23;22;26;0
21254;1889;696;23;22;26;0
21256;1913;696;23;22;26;0
21270;1937;696;23;22;26;0
21271;1961;696;23;22;26;0
21273;1985;696;23;22;26;0
21277;2009;696;23;22;26;0
21280;1;719;23;22;26;0
21281;25;719;23;22;26;0
21283;49;719;23;22;26;0
21290;769;719;23;22;26;0
21305;793;719;23;22;26;0
21306;817;719;23;22;26;0
21307;841;719;23;22;26;0
21311;1561;719;23;22;26;0
21313;1585;719;23;22;26;0
21315;1609;719;23;22;26;0
21319;1633;719;21;22;26;0
21320;1655;719;23;22;26;0
21321;1679;719;23;22;26;0
21322;1703;719;23;22;26;0
21326;1727;719;23;22;26;0
21327;1751;719;23;22;26;0
21329;1775;719;23;22;26;0
21330;1799;719;23;22;26;0
21331;1823;719;23;22;26;0
21333;1847;719;23;22;26;0
21334;1871;719;23;22;26;0
21335;1895;719;23;22;26;0
21338;1919;719;23;22;26;0
21340;1943;719;15;22;26;8
21342;1959;719;25;22;26;0
21344;1985;719;21;22;26;0
21345;2007;719;23;22;26;0
21346;1;742;23;22;26;0
21348;25;742;21;22;26;0
21351;47;742;23;22;26;0
21355;71;742;23;22;26;0
21359;95;742;23;22;26;0
21360;1537;719;23;22;26;0
21361;119;742;23;22;26;0
21363;1513;719;23;22;26;0
21364;1465;719;23;22;26;0
21365;865;719;23;22;26;0
21367;889;719;23;22;26;0
21368;913;719;23;22;26;0
21375;937;719;23;22;26;0
21378;961;719;23;22;26;0
21380;985;719;23;22;26;0
21381;1009;719;23;22;26;0
21382;1033;719;23;22;26;0
21385;1057;719;23;22;26;0
21387;1081;719;23;22;26;0
21388;1105;719;23;22;26;0
21397;1129;719;23;22;26;0
21400;1153;719;23;22;26;0
21402;1177;719;23;22;26;0
21407;1201;719;23;22;26;0
21410;1225;719;23;22;26;0
21414;1249;719;23;22;26;0
21416;1273;719;23;22;26;0
21417;1297;719;23;22;26;0
21435;1321;719;23;22;26;0
21439;1345;719;23;22;26;0
21441;1369;719;23;22;26;0
21442;1393;719;23;22;26;0
21448;1417;719;23;22;26;0
21449;1441;719;23;22;26;0
21450;97;650;23;22;26;0
21451;73;650;23;22;26;0
21452;49;650;23;22;26;0
21453;673;581;23;22;26;0
21457;693;558;23;22;26;0
21460;717;558;23;22;26;0
21462;741;558;23;22;26;0
21463;765;558;23;22;26;0
21464;789;558;23;22;26;0
21465;813;558;23;22;26;0
21467;837;558;23;22;26;0
21472;861;558;23;22;26;0
21475;885;558;21;22;26;0
21476;907;558;23;22;26;0
21477;931;558;23;22;26;0
21478;955;558;23;22;26;0
21482;979;558;23;22;26;0
21483;1003;558;23;22;26;0
21484;1027;558;23;22;26;0
21485;1051;558;23;22;26;0
21486;1075;558;23;22;26;0
21487;1099;558;23;22;26;0
21488;1123;558;23;22;26;0
21490;1147;558;23;22;26;0
21491;1171;558;23;22;26;0
21494;1195;558;23;22;26;0
21495;1219;558;23;22;26;0
21496;1243;558;23;22;26;0
21497;1267;558;23;22;26;0
21500;669;558;23;22;26;0
21505;645;558;23;22;26;0
21507;621;558;23;22;26;0
21508;285;558;23;22;26;0
21512;25;558;23;22;26;0
21513;49;558;23;22;26;0
21514;73;558;23;22;26;0
21516;97;558;23;22;26;0
21517;121;558;21;22;26;0
21518;143;558;23;22;26;0
21519;167;558;23;22;26;0
21520;191;558;23;22;26;0
21521;215;558;23;22;26;0
21523;239;558;23;22;26;0
21525;263;558;21;22;26;0
21527;309;558;23;22;26;0
21531;597;558;23;22;26;0
21533;333;558;23;22;26;0
21534;357;558;23;22;26;0
21535;381;558;23;22;26;0
21536;405;558;23;22;26;0
21542;429;558;23;22;26;0
21543;453;558;23;22;26;0
21544;477;558;23;22;26;0
21545;501;558;23;22;26;0
21547;525;558;23;22;26;0
21548;549;558;23;22;26;0
21549;573;558;23;22;26;0
21550;1291;558;23;22;26;0
21551;1315;558;23;22;26;0
21553;1339;558;23;22;26;0
21556;1363;558;23;22;26;0
21557;49;581;23;22;26;0
21560;73;581;23;22;26;0
21561;97;581;23;22;26;0
21563;121;581;23;22;26;0
21564;145;581;23;22;26;0
21566;169;581;23;22;26;0
21568;193;581;23;22;26;0
21574;217;581;23;22;26;0
21576;241;581;23;22;26;0
21578;265;581;23;22;26;0
21584;289;581;23;22;26;0
21589;313;581;23;22;26;0
21592;337;581;23;22;26;0
21595;361;581;23;22;26;0
21596;385;581;23;22;26;0
21602;409;581;23;22;26;0
21608;433;581;23;22;26;0
21619;457;581;23;22;26;0
21621;481;581;23;22;26;0
21624;505;581;23;22;26;0
21627;529;581;23;22;26;0
21628;553;581;23;22;26;0
21629;577;581;23;22;26;0
21632;601;581;23;22;26;0
21638;625;581;23;22;26;0
21643;25;581;23;22;26;0
21644;649;581;23;22;26;0
21646;1;581;23;22;26;0
21647;1987;558;23;22;26;0
21648;1387;558;23;22;26;0
21650;1411;558;23;22;26;0
21653;1435;558;23;22;26;0
21654;1459;558;23;22;26;0
21657;1483;558;23;22;26;0
21672;1507;558;23;22;26;0
21676;1531;558;23;22;26;0
21679;1555;558;23;22;26;0
21681;1579;558;23;22;26;0
21683;1603;558;23;22;26;0
21688;1627;558;23;22;26;0
21693;1651;558;23;22;26;0
21696;1675;558;23;22;26;0
21697;1699;558;23;22;26;0
21700;1723;558;23;22;26;0
21702;1747;558;23;22;26;0
21703;1771;558;23;22;26;0
21704;1795;558;23;22;26;0
21705;1819;558;23;22;26;0
21709;1843;558;23;22;26;0
21710;1867;558;23;22;26;0
21713;1891;558;23;22;26;0
21719;1915;558;23;22;26;0
21727;1939;558;23;22;26;0
21733;1963;558;23;22;26;0
21734;1;558;23;22;26;0
21736;2017;535;23;22;26;0
21737;1993;535;23;22;26;0
21738;625;535;23;22;26;0
21741;1;535;23;22;26;0
21742;25;535;23;22;26;0
21746;49;535;23;22;26;0
21754;73;535;23;22;26;0
21756;97;535;23;22;26;0
21761;121;535;23;22;26;0
21766;145;535;23;22;26;0
21767;169;535;23;22;26;0
21769;193;535;23;22;26;0
21776;217;535;23;22;26;0
21796;241;535;23;22;26;0
21804;265;535;23;22;26;0
21806;289;535;23;22;26;0
21807;313;535;23;22;26;0
21809;337;535;23;22;26;0
21822;361;535;23;22;26;0
21827;385;535;23;22;26;0
21828;409;535;23;22;26;0
21830;433;535;23;22;26;0
21834;457;535;23;22;26;0
21857;481;535;23;22;26;0
21860;505;535;23;22;26;0
21861;529;535;23;22;26;0
21862;553;535;23;22;26;0
21866;577;535;23;22;26;0
21870;2017;512;23;22;26;0
21880;1993;512;23;22;26;0
21884;1969;512;23;22;26;0
21888;1633;512;23;22;26;0
21890;1369;512;23;22;26;0
21892;1393;512;23;22;26;0
21895;1417;512;23;22;26;0
21897;1441;512;23;22;26;0
21898;1465;512;23;22;26;0
21912;1489;512;23;22;26;0
21916;1513;512;23;22;26;0
21917;1537;512;23;22;26;0
21927;1561;512;23;22;26;0
21939;1585;512;23;22;26;0
21943;1609;512;23;22;26;0
21947;1657;512;23;22;26;0
21957;1945;512;23;22;26;0
21971;1681;512;23;22;26;0
21980;1705;512;23;22;26;0
21985;1729;512;23;22;26;0
21987;1753;512;23;22;26;0
22013;1777;512;23;22;26;0
22025;1801;512;23;22;26;0
22030;1825;512;23;22;26;0
22040;1849;512;23;22;26;0
22043;1873;512;23;22;26;0
22065;1897;512;23;22;26;0
22066;1921;512;23;22;26;0
22068;601;535;23;22;26;0
22070;649;535;23;22;26;0
22075;1969;535;23;22;26;0
22079;673;535;23;22;26;0
22094;1369;535;23;22;26;0
22120;1393;535;23;22;26;0
22122;1417;535;23;22;26;0
22124;1441;535;23;22;26;0
22134;1465;535;23;22;26;0
22158;1489;535;23;22;26;0
22159;1513;535;23;22;26;0
22179;1537;535;23;22;26;0
22199;1561;535;23;22;26;0
22204;1585;535;23;22;26;0
22218;1609;535;23;22;26;0
22234;1633;535;23;22;26;0
22235;1657;535;23;22;26;0
22238;1681;535;23;22;26;0
22240;1705;535;23;22;26;0
22242;1729;535;23;22;26;0
22244;1753;535;23;22;26;0
22253;1777;535;23;22;26;0
22256;1801;535;23;22;26;0
22257;1825;535;23;22;26;0
22260;1849;535;23;22;26;0
22266;1873;535;23;22;26;0
22269;1897;535;23;22;26;0
22270;1921;535;23;22;26;0
22275;1945;535;23;22;26;0
22278;1345;535;23;22;26;0
22280;1321;535;23;22;26;0
22303;1297;535;23;22;26;0
22307;961;535;23;22;26;0
22312;697;535;23;22;26;0
22317;721;535;23;22;26;0
22320;745;535;23;22;26;0
22330;769;535;23;22;26;0
22334;793;535;23;22;26;0
22336;817;535;23;22;26;0
22343;841;535;23;22;26;0
22346;865;535;23;22;26;0
22349;889;535;23;22;26;0
22350;913;535;23;22;26;0
22351;937;535;23;22;26;0
22352;985;535;23;22;26;0
22353;1273;535;23;22;26;0
22359;1009;535;23;22;26;0
22362;1033;535;23;22;26;0
22363;1057;535;23;22;26;0
22365;1081;535;23;22;26;0
22366;1105;535;23;22;26;0
22367;1129;535;23;22;26;0
22368;1153;535;23;22;26;0
22369;1177;535;23;22;26;0
22372;1201;535;23;22;26;0
22374;1225;535;23;22;26;0
22378;1249;535;23;22;26;0
22383;2011;558;23;22;26;0
22391;697;581;23;22;26;0
22402;1391;627;23;22;26;0
22403;721;581;23;22;26;0
22404;73;627;25;22;26;0
22411;99;627;23;22;26;0
22418;123;627;23;22;26;0
22427;147;627;23;22;26;0
22434;171;627;23;22;26;0
22435;195;627;23;22;26;0
22438;219;627;23;22;26;0
22443;243;627;23;22;26;0
22446;267;627;23;22;26;0
22466;291;627;23;22;26;0
22467;315;627;23;22;26;0
22475;339;627;23;22;26;0
22478;363;627;23;22;26;0
22484;387;627;23;22;26;0
22495;411;627;23;22;26;0
22496;435;627;23;22;26;0
22521;459;627;23;22;26;0
22522;483;627;23;22;26;0
22530;507;627;23;22;26;0
22534;531;627;23;22;26;0
22545;555;627;23;22;26;0
22549;579;627;23;22;26;0
22561;603;627;23;22;26;0
22564;627;627;23;22;26;0
22570;651;627;23;22;26;0
22576;49;627;23;22;26;0
22581;25;627;23;22;26;0
22604;1;627;23;22;26;0
22609;1705;604;23;22;26;0
22612;1441;604;23;22;26;0
22616;1465;604;23;22;26;0
22622;1489;604;23;22;26;0
22635;1513;604;23;22;26;0
22659;1537;604;23;22;26;0
22661;1561;604;23;22;26;0
22674;1585;604;23;22;26;0
22675;1609;604;23;22;26;0
22681;1633;604;23;22;26;0
22686;1657;604;23;22;26;0
22687;1681;604;23;22;26;0
22696;1729;604;23;22;26;0
22697;2017;604;23;22;26;0
22721;1753;604;23;22;26;0
22741;1777;604;23;22;26;0
22756;1801;604;23;22;26;0
22763;1825;604;23;22;26;0
22764;1849;604;23;22;26;0
22766;1873;604;23;22;26;0
22768;1897;604;23;22;26;0
22771;1921;604;23;22;26;0
22774;1945;604;23;22;26;0
22777;1969;604;23;22;26;0
22788;1993;604;23;22;26;0
22791;675;627;23;22;26;0
22797;699;627;23;22;26;0
22799;723;627;23;22;26;0
22805;747;627;21;22;26;0
22806;1463;627;23;22;26;0
22810;1487;627;23;22;26;0
22812;1511;627;23;22;26;0
22815;1535;627;23;22;26;0
22823;1559;627;23;22;26;0
22825;1583;627;23;22;26;0
22826;1607;627;23;22;26;0
22827;1631;627;23;22;26;0
22830;1655;627;23;22;26;0
22831;1679;627;23;22;26;0
22833;1703;627;23;22;26;0
22836;1727;627;23;22;26;0
22839;1751;627;23;22;26;0
22840;1775;627;23;22;26;0
22841;1799;627;23;22;26;0
22842;1823;627;23;22;26;0
22852;1847;627;23;22;26;0
22855;1871;627;23;22;26;0
22856;1895;627;23;22;26;0
22857;1919;627;23;22;26;0
22859;1943;627;23;22;26;0
22862;1967;627;23;22;26;0
22863;1991;627;23;22;26;0
22865;2015;627;23;22;26;0
22868;1;650;23;22;26;0
22870;1439;627;23;22;26;0
22871;25;650;23;22;26;0
22880;1415;627;23;22;26;0
22882;1367;627;23;22;26;0
22885;769;627;23;22;26;0
22899;793;627;23;22;26;0
22900;817;627;23;22;26;0
22902;841;627;23;22;26;0
22904;865;627;23;22;26;0
22905;889;627;23;22;26;0
22909;913;627;23;22;26;0
22914;937;627;23;22;26;0
22916;961;627;23;22;26;0
22918;985;627;23;22;26;0
22919;1009;627;21;22;26;0
22920;1031;627;23;22;26;0
22922;1055;627;23;22;26;0
22930;1079;627;23;22;26;0
22931;1103;627;23;22;26;0
22934;1127;627;23;22;26;0
22937;1151;627;23;22;26;0
22949;1175;627;23;22;26;0
22952;1199;627;23;22;26;0
22958;1223;627;23;22;26;0
22969;1247;627;23;22;26;0
22971;1271;627;23;22;26;0
22982;1295;627;23;22;26;0
22987;1319;627;23;22;26;0
22992;1343;627;23;22;26;0
22993;1417;604;23;22;26;0
22995;1393;604;23;22;26;0
22996;1369;604;23;22;26;0
23002;1;604;23;22;26;0
23004;1417;581;23;22;26;0
23013;1441;581;23;22;26;0
23016;1465;581;23;22;26;0
23020;1489;581;23;22;26;0
23035;1513;581;23;22;26;0
23039;1537;581;23;22;26;0
23041;1561;581;23;22;26;0
23043;1585;581;23;22;26;0
23044;1609;581;23;22;26;0
23047;1633;581;23;22;26;0
23064;1657;581;23;22;26;0
23068;1681;581;23;22;26;0
23071;1705;581;23;22;26;0
23072;1729;581;23;22;26;0
23077;1753;581;23;22;26;0
23081;1777;581;23;22;26;0
23089;1801;581;23;22;26;0
23094;1825;581;23;22;26;0
23110;1849;581;23;22;26;0
23113;1873;581;23;22;26;0
23130;1897;581;23;22;26;0
23146;1921;581;23;22;26;0
23156;1945;581;23;22;26;0
23158;1969;581;23;22;26;0
23167;1993;581;23;22;26;0
23186;1393;581;23;22;26;0
23194;1369;581;23;22;26;0
23219;1345;581;23;22;26;0
23233;1009;581;23;22;26;0
23234;745;581;23;22;26;0
23241;769;581;23;22;26;0
23244;793;581;23;22;26;0
23265;817;581;23;22;26;0
23273;841;581;23;22;26;0
23376;865;581;23;22;26;0
23380;889;581;23;22;26;0
23381;913;581;23;22;26;0
23383;937;581;23;22;26;0
23384;961;581;23;22;26;0
23385;985;581;23;22;26;0
23388;1033;581;23;22;26;0
23389;1321;581;23;22;26;0
23391;1057;581;23;22;26;0
23395;1081;581;23;22;26;0
23396;1105;581;23;22;26;0
23398;1129;581;23;22;26;0
23401;1153;581;23;22;26;0
23402;1177;581;23;22;26;0
23408;1201;581;23;22;26;0
23413;1225;581;23;22;26;0
23418;1249;581;23;22;26;0
23421;1273;581;23;22;26;0
23425;1297;581;23;22;26;0
23427;2017;581;23;22;26;0
23429;25;604;23;22;26;0
23431;1345;604;23;22;26;0
23432;49;604;23;22;26;0
23433;745;604;23;22;26;0
23435;769;604;23;22;26;0
23436;793;604;23;22;26;0
23439;817;604;23;22;26;0
23447;841;604;23;22;26;0
23448;865;604;23;22;26;0
23449;889;604;23;22;26;0
23450;913;604;23;22;26;0
23451;937;604;23;22;26;0
23452;961;604;23;22;26;0
23453;985;604;23;22;26;0
23454;889;765;23;22;26;0
23456;1033;604;23;22;26;0
23457;1057;604;23;22;26;0
23458;1081;604;23;22;26;0
23459;1105;604;23;22;26;0
23460;1129;604;23;22;26;0
23462;1153;604;23;22;26;0
23466;1177;604;23;22;26;0
23467;1201;604;23;22;26;0
23472;1225;604;23;22;26;0
23475;1249;604;23;22;26;0
23476;1273;604;23;22;26;0
23477;1297;604;23;22;26;0
23478;1321;604;23;22;26;0
23481;721;604;23;22;26;0
23485;697;604;23;22;26;0
23486;673;604;23;22;26;0
23487;337;604;23;22;26;0
23490;73;604;23;22;26;0
23492;97;604;23;22;26;0
23493;121;604;23;22;26;0
23494;145;604;23;22;26;0
23495;169;604;23;22;26;0
23500;193;604;23;22;26;0
23504;217;604;23;22;26;0
23506;241;604;23;22;26;0
23507;265;604;23;22;26;0
23517;289;604;23;22;26;0
23518;313;604;23;22;26;0
23519;361;604;23;22;26;0
23521;649;604;23;22;26;0
23525;385;604;23;22;26;0
23528;409;604;23;22;26;0
23544;433;604;23;22;26;0
23545;457;604;23;22;26;0
23546;481;604;23;22;26;0
23547;505;604;23;22;26;0
23548;529;604;23;22;26;0
23551;553;604;23;22;26;0
23553;577;604;23;22;26;0
23556;601;604;23;22;26;0
23558;625;604;23;22;26;0
23561;143;742;23;22;26;0
23562;865;765;23;22;26;0
23567;1941;788;23;22;26;0
23569;913;765;23;22;26;0
23572;1079;926;23;22;26;0
23574;1103;926;23;22;26;0
23576;1127;926;23;22;26;0
23578;1151;926;23;22;26;0
23581;1175;926;23;22;26;0
23588;1199;926;23;22;26;0
23591;1223;926;23;22;26;0
23601;1247;926;23;22;26;0
23608;1271;926;23;22;26;0
23609;1295;926;23;22;26;0
23610;1319;926;23;22;26;0
23612;1343;926;23;22;26;0
23613;1367;926;23;22;26;0
23614;1391;926;23;22;26;0
23615;1415;926;23;22;26;0
23616;1439;926;23;22;26;0
23617;1463;926;23;22;26;0
23618;1487;926;23;22;26;0
23621;1511;926;23;22;26;0
23624;1535;926;23;22;26;0
23625;1559;926;23;22;26;0
23626;1583;926;23;22;26;0
23627;1607;926;23;22;26;0
23630;1631;926;23;22;26;0
23631;1655;926;23;22;26;0
23633;1055;926;23;22;26;0
23637;1031;926;23;22;26;0
23646;1007;926;23;22;26;0
23648;671;926;23;22;26;0
23649;409;926;23;22;26;0
23653;433;926;23;22;26;0
23663;457;926;23;22;26;0
23665;481;926;23;22;26;0
23673;505;926;23;22;26;0
23679;529;926;23;22;26;0
23681;553;926;23;22;26;0
23682;577;926;23;22;26;0
23700;601;926;23;22;26;0
23703;625;926;21;22;26;0
23707;647;926;23;22;26;0
23721;695;926;23;22;26;0
23725;983;926;23;22;26;0
23731;719;926;23;22;26;0
23736;743;926;23;22;26;0
23743;767;926;23;22;26;0
23769;791;926;23;22;26;0
23777;815;926;23;22;26;0
23782;839;926;23;22;26;0
23784;863;926;23;22;26;0
23786;887;926;23;22;26;0
23789;911;926;23;22;26;0
23792;935;926;23;22;26;0
23803;959;926;23;22;26;0
23815;1679;926;23;22;26;0
23822;1703;926;23;22;26;0
23828;1727;926;23;22;26;0
23830;1751;926;23;22;26;0
23849;433;949;23;22;26;0
23853;457;949;23;22;26;0
23884;481;949;23;22;26;0
24013;505;949;23;22;26;0
24029;529;949;21;22;26;0
24030;551;949;23;22;26;0
24033;575;949;23;22;26;0
24034;599;949;23;22;26;0
24037;623;949;23;22;26;0
24038;647;949;23;22;26;0
24039;671;949;23;22;26;0
24040;695;949;23;22;26;0
24041;719;949;23;22;26;0
24043;743;949;23;22;26;0
24046;767;949;23;22;26;0
24049;791;949;23;22;26;0
24050;815;949;23;22;26;0
24051;839;949;23;22;26;0
24052;863;949;23;22;26;0
24055;887;949;23;22;26;0
24062;911;949;23;22;26;0
24065;935;949;23;22;26;0
24066;959;949;23;22;26;0
24067;983;949;23;22;26;0
24069;1007;949;23;22;26;0
24070;409;949;23;22;26;0
24072;1031;949;23;22;26;0
24076;385;949;23;22;26;0
24080;337;949;23;22;26;0
24085;1775;926;23;22;26;0
24086;1799;926;23;22;26;0
24088;1823;926;23;22;26;0
24090;1847;926;23;22;26;0
24091;1871;926;23;22;26;0
24092;1895;926;23;22;26;0
24093;1919;926;23;22;26;0
24102;1943;926;23;22;26;0
24103;1967;926;23;22;26;0
24109;1991;926;23;22;26;0
24110;2015;926;23;22;26;0
24120;1;949;23;22;26;0
24125;25;949;23;22;26;0
24130;49;949;23;22;26;0
24133;73;949;23;22;26;0
24140;97;949;23;22;26;0
24149;121;949;23;22;26;0
24162;145;949;23;22;26;0
24178;169;949;23;22;26;0
24179;193;949;23;22;26;0
24180;217;949;23;22;26;0
24182;241;949;23;22;26;0
24184;265;949;23;22;26;0
24187;289;949;23;22;26;0
24188;313;949;23;22;26;0
24189;385;926;23;22;26;0
24191;361;926;23;22;26;0
24196;337;926;23;22;26;0
24198;1007;903;23;22;26;0
24199;383;903;23;22;26;0
24202;407;903;23;22;26;0
24207;431;903;23;22;26;0
24208;455;903;23;22;26;0
24211;479;903;23;22;26;0
24212;503;903;23;22;26;0
24213;527;903;23;22;26;0
24215;551;903;23;22;26;0
24217;575;903;23;22;26;0
24218;599;903;23;22;26;0
24220;623;903;23;22;26;0
24222;647;903;23;22;26;0
24223;671;903;23;22;26;0
24230;695;903;23;22;26;0
24231;719;903;23;22;26;0
24237;743;903;23;22;26;0
24246;767;903;23;22;26;0
24247;791;903;23;22;26;0
24248;815;903;23;22;26;0
24265;839;903;23;22;26;0
24266;863;903;23;22;26;0
24275;887;903;23;22;26;0
24278;911;903;23;22;26;0
24310;935;903;23;22;26;0
24311;959;903;23;22;26;0
24314;359;903;23;22;26;0
24320;337;903;21;22;26;0
24322;313;903;23;22;26;0
24323;2015;880;23;22;26;0
24324;1753;880;23;22;26;0
24330;1777;880;23;22;26;0
24335;1801;880;23;22;26;0
24339;1825;880;23;22;26;0
24341;1849;880;21;22;26;0
24343;1871;880;23;22;26;0
24344;1895;880;23;22;26;0
24347;1919;880;23;22;26;0
24351;1943;880;23;22;26;0
24352;1967;880;23;22;26;0
24357;1991;880;23;22;26;0
24358;1;903;23;22;26;0
24359;289;903;23;22;26;0
24367;25;903;23;22;26;0
24369;49;903;23;22;26;0
24377;73;903;23;22;26;0
24378;97;903;23;22;26;0
24402;121;903;23;22;26;0
24403;145;903;23;22;26;0
24405;169;903;23;22;26;0
24413;193;903;23;22;26;0
24418;217;903;23;22;26;0
24420;241;903;23;22;26;0
24422;265;903;23;22;26;0
24425;983;903;23;22;26;0
24426;1031;903;23;22;26;0
24428;313;926;23;22;26;0
24429;1055;903;23;22;26;0
24432;1751;903;23;22;26;0
24433;1775;903;23;22;26;0
24441;1799;903;23;22;26;0
24443;1823;903;23;22;26;0
24444;1847;903;23;22;26;0
24448;1871;903;23;22;26;0
24449;1895;903;23;22;26;0
24452;1919;903;23;22;26;0
24453;1943;903;23;22;26;0
24456;1967;903;23;22;26;0
24458;1991;903;23;22;26;0
24459;1079;949;23;22;26;0
24464;1;926;23;22;26;0
24466;25;926;23;22;26;0
24471;49;926;23;22;26;0
24472;73;926;23;22;26;0
24481;97;926;23;22;26;0
24490;121;926;23;22;26;0
24494;145;926;23;22;26;0
24503;169;926;23;22;26;0
24509;193;926;23;22;26;0
24515;217;926;23;22;26;0
24517;241;926;23;22;26;0
24518;265;926;23;22;26;0
24524;289;926;23;22;26;0
24525;1727;903;23;22;26;0
24535;1703;903;23;22;26;0
24536;1679;903;23;22;26;0
24537;1343;903;23;22;26;0
24544;1079;903;23;22;26;0
24551;1103;903;23;22;26;0
24555;1127;903;23;22;26;0
24561;1151;903;23;22;26;0
24565;1175;903;23;22;26;0
24571;1199;903;23;22;26;0
24573;1223;903;23;22;26;0
24575;1247;903;23;22;26;0
24576;1271;903;23;22;26;0
24577;1295;903;23;22;26;0
24578;1319;903;23;22;26;0
24590;1367;903;23;22;26;0
24594;1655;903;23;22;26;0
24596;1391;903;23;22;26;0
24597;1415;903;23;22;26;0
24598;1439;903;23;22;26;0
24604;1463;903;23;22;26;0
24605;1487;903;23;22;26;0
24608;1511;903;23;22;26;0
24613;1535;903;23;22;26;0
24615;1559;903;23;22;26;0
24616;1583;903;23;22;26;0
24618;1607;903;23;22;26;0
24623;1631;903;23;22;26;0
24635;361;949;23;22;26;0
24643;1055;949;23;22;26;0
24651;1439;949;23;22;26;0
24653;1103;949;23;22;26;0
24656;481;995;23;22;26;0
24658;505;995;23;22;26;0
24661;529;995;23;22;26;0
24674;553;995;23;22;26;0
24676;577;995;23;22;26;0
24680;601;995;23;22;26;0
24681;625;995;23;22;26;0
24683;649;995;23;22;26;0
24684;673;995;23;22;26;0
24685;697;995;23;22;26;0
24687;721;995;23;22;26;0
24688;1129;995;23;22;26;0
24691;769;995;23;22;26;0
24694;793;995;23;22;26;0
24700;817;995;23;22;26;0
24703;841;995;23;22;26;0
24708;865;995;23;22;26;0
24713;889;995;23;22;26;0
24717;913;995;23;22;26;0
24724;937;995;23;22;26;0
24735;961;995;23;22;26;0
24736;985;995;23;22;26;0
24739;1009;995;23;22;26;0
24742;1033;995;23;22;26;0
24744;1057;995;23;22;26;0
24748;457;995;23;22;26;0
24751;433;995;23;22;26;0
24754;409;995;23;22;26;0
24760;73;995;23;22;26;0
24764;1849;972;23;22;26;0
24773;1873;972;23;22;26;0
24778;1897;972;23;22;26;0
24779;1921;972;23;22;26;0
24785;1945;972;23;22;26;0
24789;1969;972;23;22;26;0
24796;1993;972;23;22;26;0
24799;2017;972;23;22;26;0
24800;1;995;23;22;26;0
24806;25;995;23;22;26;0
24807;49;995;23;22;26;0
24808;97;995;23;22;26;0
24809;385;995;23;22;26;0
24811;121;995;23;22;26;0
24813;145;995;23;22;26;0
24814;169;995;23;22;26;0
24815;193;995;23;22;26;0
24816;217;995;23;22;26;0
24819;241;995;23;22;26;0
24822;265;995;23;22;26;0
24825;289;995;23;22;26;0
24826;313;995;23;22;26;0
24833;337;995;23;22;26;0
24840;361;995;23;22;26;0
24841;1081;995;23;22;26;0
24847;1105;995;23;22;26;0
24858;1751;995;23;22;26;0
24863;1153;995;23;22;26;0
24868;1965;995;23;22;26;0
24871;1893;995;23;22;26;0
24895;1917;995;23;22;26;0
24904;1941;995;23;22;26;0
24908;145;1018;23;22;26;0
24910;1989;995;23;22;26;0
24913;2013;995;23;22;26;0
24917;1;1018;23;22;26;0
24930;25;1018;23;22;26;0
24935;49;1018;23;22;26;0
24936;73;1018;23;22;26;0
24944;97;1018;23;22;26;0
24951;121;1018;23;22;26;0
24971;217;1018;23;22;26;0
24974;169;1018;23;22;26;0
25000;433;1018;23;22;26;0
25022;409;1018;23;22;26;0
25026;385;1018;23;22;26;0
25032;361;1018;23;22;26;0
25034;337;1018;23;22;26;0
25042;457;1018;23;22;26;0
25062;289;1018;23;22;26;0
25096;265;1018;23;22;26;0
25098;313;1018;23;22;26;0
25100;241;1018;23;22;26;0
25101;193;1018;23;22;26;0
25102;1845;995;23;22;26;0
25103;1869;995;23;22;26;0
25104;1799;995;23;22;26;0
25105;1775;995;23;22;26;0
25106;1177;995;23;22;26;0
25110;1201;995;23;22;26;0
25112;1225;995;23;22;26;0
25114;1249;995;23;22;26;0
25130;1273;995;23;22;26;0
25134;1297;995;23;22;26;0
25139;1321;995;23;22;26;0
25140;1345;995;23;22;26;0
25143;1369;995;21;22;26;0
25151;1391;995;23;22;26;0
25152;1415;995;23;22;26;0
25153;1439;995;23;22;26;0
25159;1463;995;23;22;26;0
25163;1487;995;23;22;26;0
25165;1511;995;23;22;26;0
25166;1535;995;23;22;26;0
25169;1559;995;23;22;26;0
25170;1583;995;23;22;26;0
25171;1607;995;23;22;26;0
25172;1631;995;23;22;26;0
25176;1655;995;23;22;26;0
25179;1679;995;23;22;26;0
25187;1703;995;23;22;26;0
25190;1727;995;23;22;26;0
25191;1825;972;23;22;26;0
25193;745;995;23;22;26;0
25195;1777;972;23;22;26;0
25196;1081;972;23;22;26;0
25197;1799;949;23;22;26;0
25198;1823;949;23;22;26;0
25199;1847;949;23;22;26;0
25200;1871;949;23;22;26;0
25203;1895;949;23;22;26;0
25206;1919;949;23;22;26;0
25209;1943;949;23;22;26;0
25212;1967;949;23;22;26;0
25214;1991;949;23;22;26;0
25215;2015;949;23;22;26;0
25216;1;972;23;22;26;0
25220;25;972;23;22;26;0
25225;49;972;23;22;26;0
25226;73;972;23;22;26;0
25233;97;972;23;22;26;0
25234;121;972;23;22;26;0
25235;145;972;23;22;26;0
25237;169;972;23;22;26;0
25238;193;972;23;22;26;0
25239;217;972;23;22;26;0
25240;241;972;23;22;26;0
25242;265;972;23;22;26;0
25243;289;972;23;22;26;0
25248;313;972;23;22;26;0
25249;337;972;23;22;26;0
25250;1775;949;23;22;26;0
25252;1751;949;23;22;26;0
25253;1727;949;23;22;26;0
25256;1391;949;23;22;26;0
25259;1127;949;23;22;26;0
25260;1151;949;23;22;26;0
25265;1175;949;23;22;26;0
25269;1199;949;23;22;26;0
25273;1223;949;23;22;26;0
25276;1247;949;23;22;26;0
25277;1271;949;23;22;26;0
25279;1295;949;23;22;26;0
25282;1319;949;23;22;26;0
25284;1343;949;23;22;26;0
25285;1367;949;23;22;26;0
25286;1415;949;23;22;26;0
25287;1703;949;23;22;26;0
25288;1801;972;23;22;26;0
25289;1463;949;23;22;26;0
25292;1487;949;23;22;26;0
25293;1511;949;23;22;26;0
25294;1535;949;23;22;26;0
25296;1559;949;23;22;26;0
25298;1583;949;23;22;26;0
25299;1607;949;23;22;26;0
25300;1631;949;23;22;26;0
25302;1655;949;23;22;26;0
25304;1679;949;23;22;26;0
25305;361;972;23;22;26;0
25307;385;972;23;22;26;0
25308;409;972;23;22;26;0
25311;433;972;23;22;26;0
25314;1153;972;23;22;26;0
25315;1177;972;23;22;26;0
25317;1201;972;23;22;26;0
25318;1225;972;23;22;26;0
25319;1249;972;23;22;26;0
25320;1273;972;23;22;26;0
25321;1297;972;23;22;26;0
25324;1321;972;23;22;26;0
25325;1345;972;23;22;26;0
25327;1369;972;23;22;26;0
25329;1393;972;23;22;26;0
25331;1417;972;23;22;26;0
25332;1441;972;23;22;26;0
25335;1465;972;23;22;26;0
25340;1489;972;23;22;26;0
25341;1513;972;23;22;26;0
25342;1537;972;23;22;26;0
25343;1561;972;23;22;26;0
25345;1585;972;23;22;26;0
25346;1609;972;23;22;26;0
25351;1633;972;23;22;26;0
25353;1657;972;23;22;26;0
25358;1681;972;23;22;26;0
25361;1705;972;23;22;26;0
25366;1729;972;23;22;26;0
25370;1129;972;23;22;26;0
25371;1753;972;23;22;26;0
25373;1105;972;23;22;26;0
25374;1057;972;23;22;26;0
25375;457;972;23;22;26;0
25376;481;972;23;22;26;0
25377;505;972;23;22;26;0
25379;529;972;23;22;26;0
25380;553;972;23;22;26;0
25381;577;972;23;22;26;0
25384;601;972;23;22;26;0
25386;625;972;23;22;26;0
25387;649;972;23;22;26;0
25391;673;972;23;22;26;0
25402;697;972;23;22;26;0
25405;721;972;23;22;26;0
25410;745;972;23;22;26;0
25413;769;972;23;22;26;0
25414;793;972;23;22;26;0
25417;817;972;23;22;26;0
25420;841;972;23;22;26;0
25421;865;972;23;22;26;0
25422;889;972;23;22;26;0
25423;913;972;23;22;26;0
25424;937;972;23;22;26;0
25429;961;972;23;22;26;0
25438;985;972;23;22;26;0
25439;1009;972;23;22;26;0
25441;1033;972;23;22;26;0
25442;1729;880;23;22;26;0
25443;2015;903;23;22;26;0
25447;1681;880;23;22;26;0
25454;961;857;23;22;26;0
25462;265;811;23;22;26;0
25463;289;811;23;22;26;0
25467;313;811;23;22;26;0
25472;337;811;23;22;26;0
25474;361;811;23;22;26;0
25479;385;811;23;22;26;0
25480;409;811;23;22;26;0
25481;433;811;23;22;26;0
25484;457;811;23;22;26;0
25487;481;811;23;22;26;0
25488;505;811;23;22;26;0
25490;529;811;23;22;26;0
25494;553;811;23;22;26;0
25496;577;811;23;22;26;0
25504;601;811;23;22;26;0
25506;625;811;23;22;26;0
25507;649;811;23;22;26;0
25509;673;811;23;22;26;0
25511;697;811;23;22;26;0
25512;721;811;23;22;26;0
25513;745;811;23;22;26;0
25514;769;811;23;22;26;0
25523;793;811;23;22;26;0
25527;817;811;23;22;26;0
25528;841;811;23;22;26;0
25530;241;811;23;22;26;0
25545;217;811;23;22;26;0
25549;193;811;23;22;26;0
25551;1893;788;23;22;26;0
25552;1629;788;23;22;26;0
25554;1653;788;23;22;26;0
25558;1677;788;23;22;26;0
25569;1701;788;23;22;26;0
25571;1725;788;23;22;26;0
25577;1749;788;23;22;26;0
25578;1773;788;23;22;26;0
25581;1797;788;23;22;26;0
25588;1821;788;23;22;26;0
25597;1845;788;23;22;26;0
25600;1869;788;23;22;26;0
25601;1917;788;23;22;26;0
25602;169;811;23;22;26;0
25605;1705;880;23;22;26;0
25615;1965;788;23;22;26;0
25616;1989;788;23;22;26;0
25619;2013;788;23;22;26;0
25620;1;811;23;22;26;0
25628;25;811;23;22;26;0
25630;49;811;23;22;26;0
25642;73;811;23;22;26;0
25644;97;811;23;22;26;0
25645;121;811;23;22;26;0
25658;145;811;23;22;26;0
25661;865;811;23;22;26;0
25668;889;811;23;22;26;0
25670;913;811;23;22;26;0
25671;937;811;23;22;26;0
25672;1657;811;23;22;26;0
25674;1681;811;23;22;26;0
25684;1705;811;23;22;26;0
25688;1729;811;23;22;26;0
25703;1753;811;23;22;26;0
25705;1777;811;23;22;26;0
25720;1801;811;23;22;26;0
25721;1825;811;23;22;26;0
25730;1849;811;23;22;26;0
25733;1873;811;23;22;26;0
25735;1897;811;23;22;26;0
25745;1921;811;23;22;26;0
25746;1945;811;23;22;26;0
25749;1969;811;23;22;26;0
25758;1993;811;23;22;26;0
25764;2017;811;23;22;26;0
25769;1;834;23;22;26;0
25772;25;834;23;22;26;0
25773;49;834;23;22;26;0
25774;73;834;23;22;26;0
25776;97;834;23;22;26;0
25781;121;834;23;22;26;0
25788;145;834;23;22;26;0
25794;169;834;23;22;26;0
25797;193;834;23;22;26;0
25805;1633;811;23;22;26;0
25806;217;834;23;22;26;0
25810;1609;811;23;22;26;0
25822;1561;811;23;22;26;0
25830;961;811;23;22;26;0
25856;985;811;23;22;26;0
25874;1009;811;23;22;26;0
25880;1033;811;23;22;26;0
25899;1057;811;23;22;26;0
25903;1081;811;23;22;26;0
25910;1105;811;23;22;26;0
25913;1129;811;23;22;26;0
25915;1153;811;23;22;26;0
25918;1177;811;23;22;26;0
25919;1201;811;23;22;26;0
25925;1225;811;23;22;26;0
25928;1249;811;23;22;26;0
25932;1273;811;23;22;26;0
25935;1297;811;23;22;26;0
25937;1321;811;23;22;26;0
25942;1345;811;23;22;26;0
25945;1369;811;23;22;26;0
25947;1393;811;23;22;26;0
25949;1417;811;23;22;26;0
25950;1441;811;23;22;26;0
25954;1465;811;23;22;26;0
25955;1489;811;23;22;26;0
25958;1513;811;23;22;26;0
25964;1537;811;23;22;26;0
25968;1605;788;23;22;26;0
25970;1581;788;23;22;26;0
25972;1557;788;23;22;26;0
25975;193;788;23;22;26;0
25991;1605;765;23;22;26;0
25995;1629;765;23;22;26;0
25996;1653;765;23;22;26;0
26001;1677;765;23;22;26;0
26007;1701;765;23;22;26;0
26009;1725;765;23;22;26;0
26012;1749;765;23;22;26;0
26015;1773;765;23;22;26;0
26017;1797;765;23;22;26;0
26020;1821;765;23;22;26;0
26021;1845;765;23;22;26;0
26023;1869;765;23;22;26;0
26025;1893;765;23;22;26;0
26029;1917;765;23;22;26;0
26031;1941;765;23;22;26;0
26032;1965;765;23;22;26;0
26041;1989;765;23;22;26;0
26045;2013;765;23;22;26;0
26049;1;788;23;22;26;0
26053;25;788;23;22;26;0
26059;49;788;23;22;26;0
26063;73;788;23;22;26;0
26071;97;788;23;22;26;0
26080;121;788;23;22;26;0
26082;145;788;23;22;26;0
26085;1585;765;19;22;26;2
26086;1561;765;23;22;26;0
26087;1537;765;23;22;26;0
26088;1201;765;23;22;26;0
26089;937;765;23;22;26;0
26092;961;765;23;22;26;0
26093;985;765;23;22;26;0
26097;1009;765;23;22;26;0
26102;1033;765;23;22;26;0
26103;1057;765;23;22;26;0
26106;1081;765;23;22;26;0
26114;1105;765;23;22;26;0
26118;1129;765;23;22;26;0
26124;1153;765;23;22;26;0
26126;1177;765;23;22;26;0
26127;1225;765;23;22;26;0
26131;1513;765;23;22;26;0
26132;1249;765;23;22;26;0
26143;1273;765;23;22;26;0
26144;1297;765;23;22;26;0
26149;1321;765;23;22;26;0
26151;1345;765;23;22;26;0
26152;1369;765;23;22;26;0
26157;1393;765;23;22;26;0
26159;1417;765;23;22;26;0
26172;1441;765;23;22;26;0
26174;1465;765;23;22;26;0
26179;1489;765;23;22;26;0
26187;169;788;23;22;26;0
26188;217;788;23;22;26;0
26194;1533;788;23;22;26;0
26195;241;788;23;22;26;0
26197;933;788;23;22;26;0
26202;957;788;23;22;26;0
26212;981;788;23;22;26;0
26214;1005;788;23;22;26;0
26216;1029;788;23;22;26;0
26222;1053;788;23;22;26;0
26223;1077;788;23;22;26;0
26224;1101;788;23;22;26;0
26228;1125;788;23;22;26;0
26230;1149;788;23;22;26;0
26234;1173;788;23;22;26;0
26238;1197;788;23;22;26;0
26242;1221;788;23;22;26;0
26247;1245;788;23;22;26;0
26257;1269;788;23;22;26;0
26262;1293;788;23;22;26;0
26263;1317;788;23;22;26;0
26286;1341;788;23;22;26;0
26292;1365;788;23;22;26;0
26329;1389;788;23;22;26;0
26333;1413;788;23;22;26;0
26352;1437;788;23;22;26;0
26354;1461;788;23;22;26;0
26355;1485;788;23;22;26;0
26356;1509;788;23;22;26;0
26361;909;788;23;22;26;0
26364;885;788;23;22;26;0
26366;865;788;19;22;26;2
26367;529;788;23;22;26;0
26368;265;788;23;22;26;0
26376;289;788;23;22;26;0
26377;313;788;23;22;26;0
26379;337;788;23;22;26;0
26381;361;788;23;22;26;0
26388;385;788;23;22;26;0
26391;409;788;23;22;26;0
26395;433;788;23;22;26;0
26397;457;788;23;22;26;0
26399;481;788;23;22;26;0
26408;505;788;23;22;26;0
26410;553;788;23;22;26;0
26411;841;788;23;22;26;0
26412;577;788;23;22;26;0
26413;601;788;23;22;26;0
26415;625;788;23;22;26;0
26417;649;788;23;22;26;0
26420;673;788;23;22;26;0
26421;697;788;23;22;26;0
26426;721;788;23;22;26;0
26429;745;788;23;22;26;0
26432;769;788;23;22;26;0
26434;793;788;23;22;26;0
26435;817;788;23;22;26;0
26438;1585;811;23;22;26;0
26441;241;834;23;22;26;0
26446;265;834;23;22;26;0
26447;289;834;23;22;26;0
26448;1705;857;23;22;26;0
26449;1729;857;23;22;26;0
26454;1753;857;23;22;26;0
26460;1777;857;23;22;26;0
26463;1801;857;23;22;26;0
26464;1825;857;23;22;26;0
26465;1849;857;23;22;26;0
26469;1873;857;23;22;26;0
26472;1897;857;23;22;26;0
26477;1921;857;23;22;26;0
26479;1945;857;23;22;26;0
26480;1969;857;23;22;26;0
26494;1993;857;23;22;26;0
26495;2017;857;23;22;26;0
26497;1;880;23;22;26;0
26500;25;880;23;22;26;0
26505;49;880;23;22;26;0
26512;73;880;23;22;26;0
26517;97;880;23;22;26;0
26519;121;880;23;22;26;0
26522;145;880;23;22;26;0
26524;169;880;23;22;26;0
26525;193;880;23;22;26;0
26530;217;880;23;22;26;0
26531;241;880;23;22;26;0
26538;1681;857;23;22;26;0
26539;1657;857;23;22;26;0
26543;1633;857;23;22;26;0
26550;1297;857;23;22;26;0
26551;1033;857;23;22;26;0
26564;1057;857;23;22;26;0
26575;1081;857;23;22;26;0
26576;1105;857;23;22;26;0
26577;1129;857;23;22;26;0
26578;1153;857;23;22;26;0
26579;1177;857;23;22;26;0
26580;1201;857;23;22;26;0
26588;1225;857;23;22;26;0
26590;1249;857;23;22;26;0
26592;1273;857;23;22;26;0
26597;1321;857;23;22;26;0
26604;1609;857;23;22;26;0
26607;1345;857;23;22;26;0
26609;1369;857;23;22;26;0
26611;1393;857;23;22;26;0
26612;1417;857;23;22;26;0
26623;1441;857;23;22;26;0
26629;1465;857;23;22;26;0
26631;1489;857;23;22;26;0
26632;1513;857;23;22;26;0
26635;1537;857;23;22;26;0
26639;1561;857;23;22;26;0
26641;1585;857;23;22;26;0
26643;265;880;23;22;26;0
26646;289;880;23;22;26;0
26647;313;880;23;22;26;0
26657;337;880;23;22;26;0
26666;1057;880;23;22;26;0
26679;1081;880;23;22;26;0
26680;1105;880;23;22;26;0
26681;1129;880;23;22;26;0
26684;1153;880;23;22;26;0
26685;1177;880;23;22;26;0
26690;1201;880;23;22;26;0
26691;1225;880;23;22;26;0
26693;1249;880;23;22;26;0
26694;1273;880;23;22;26;0
26696;1297;880;23;22;26;0
26700;1321;880;23;22;26;0
26704;1345;880;23;22;26;0
26705;1369;880;23;22;26;0
26707;1393;880;23;22;26;0
26708;1417;880;23;22;26;0
26723;1441;880;23;22;26;0
26725;1465;880;23;22;26;0
26728;1489;880;23;22;26;0
26729;1513;880;23;22;26;0
26742;1537;880;23;22;26;0
26753;1561;880;23;22;26;0
26757;1585;880;23;22;26;0
26758;1609;880;23;22;26;0
26775;1633;880;23;22;26;0
26786;1033;880;23;22;26;0
26790;1657;880;23;22;26;0
26791;1009;880;23;22;26;0
26792;961;880;23;22;26;0
26797;361;880;23;22;26;0
26799;385;880;23;22;26;0
26800;409;880;23;22;26;0
26803;433;880;23;22;26;0
26816;457;880;23;22;26;0
26825;481;880;23;22;26;0
26827;505;880;23;22;26;0
26829;529;880;23;22;26;0
26834;553;880;23;22;26;0
26837;577;880;23;22;26;0
26840;601;880;23;22;26;0
26842;625;880;23;22;26;0
26848;649;880;23;22;26;0
26862;673;880;23;22;26;0
26865;697;880;23;22;26;0
26869;721;880;23;22;26;0
26874;745;880;23;22;26;0
26885;769;880;23;22;26;0
26893;793;880;23;22;26;0
26894;817;880;23;22;26;0
26898;841;880;23;22;26;0
26925;865;880;23;22;26;0
26928;889;880;23;22;26;0
26941;913;880;23;22;26;0
26943;937;880;23;22;26;0
26964;1009;857;23;22;26;0
26970;985;880;23;22;26;0
26974;985;857;23;22;26;0
26999;265;857;23;22;26;0
27004;985;834;23;22;26;0
27010;1009;834;23;22;26;0
27014;1033;834;23;22;26;0
27028;1057;834;23;22;26;0
27036;1081;834;23;22;26;0
27048;1105;834;23;22;26;0
27060;1129;834;23;22;26;0
27063;1153;834;23;22;26;0
27088;1177;834;23;22;26;0
27099;1201;834;23;22;26;0
27133;1225;834;23;22;26;0
27146;1249;834;23;22;26;0
27167;1273;834;23;22;26;0
27169;1297;834;23;22;26;0
27178;1321;834;23;22;26;0
27185;1345;834;23;22;26;0
27207;1369;834;23;22;26;0
27225;1393;834;23;22;26;0
27233;1417;834;23;22;26;0
27249;1441;834;23;22;26;0
27264;1465;834;23;22;26;0
27268;1489;834;23;22;26;0
27308;1513;834;23;22;26;0
27424;1537;834;23;22;26;0
27425;1561;834;23;22;26;0
27426;961;834;23;22;26;0
27427;937;834;23;22;26;0
27431;913;834;23;22;26;0
27442;577;834;23;22;26;0
27450;313;834;23;22;26;0
27454;337;834;23;22;26;0
27463;361;834;23;22;26;0
27465;385;834;23;22;26;0
27468;409;834;23;22;26;0
27490;433;834;23;22;26;0
27491;457;834;23;22;26;0
27492;481;834;23;22;26;0
27493;505;834;23;22;26;0
27494;529;834;23;22;26;0
27495;553;834;23;22;26;0
27498;601;834;23;22;26;0
27513;889;834;23;22;26;0
27515;625;834;23;22;26;0
27516;649;834;23;22;26;0
27523;673;834;23;22;26;0
27526;697;834;23;22;26;0
27529;721;834;23;22;26;0
27530;745;834;23;22;26;0
27531;769;834;23;22;26;0
27542;793;834;23;22;26;0
27572;817;834;23;22;26;0
27573;841;834;23;22;26;0
27575;865;834;23;22;26;0
27583;1585;834;23;22;26;0
27585;1609;834;23;22;26;0
27589;1633;834;23;22;26;0
27595;1657;834;23;22;26;0
27597;337;857;23;22;26;0
27599;361;857;23;22;26;0
27602;385;857;23;22;26;0
27604;409;857;23;22;26;0
27605;433;857;23;22;26;0
27606;457;857;23;22;26;0
27607;481;857;23;22;26;0
27609;505;857;23;22;26;0
27611;529;857;23;22;26;0
27617;553;857;23;22;26;0
27627;577;857;23;22;26;0
27631;601;857;23;22;26;0
27663;625;857;23;22;26;0
27665;649;857;23;22;26;0
27667;673;857;23;22;26;0
27668;697;857;23;22;26;0
27670;721;857;23;22;26;0
27675;745;857;23;22;26;0
27679;769;857;23;22;26;0
27682;793;857;23;22;26;0
27686;817;857;23;22;26;0
27687;841;857;23;22;26;0
27688;865;857;23;22;26;0
27694;889;857;23;22;26;0
27695;913;857;23;22;26;0
27696;313;857;23;22;26;0
27700;937;857;23;22;26;0
27704;289;857;23;22;26;0
27712;241;857;23;22;26;0
27713;1681;834;23;22;26;0
27714;1705;834;23;22;26;0
27719;1729;834;23;22;26;0
27721;1753;834;23;22;26;0
27728;1777;834;23;22;26;0
27733;1801;834;23;22;26;0
27735;1825;834;23;22;26;0
27739;1849;834;23;22;26;0
27741;1873;834;23;22;26;0
27742;1897;834;23;22;26;0
27743;1921;834;23;22;26;0
27744;1945;834;23;22;26;0
27745;1969;834;23;22;26;0
27748;1993;834;23;22;26;0
27754;2017;834;23;22;26;0
27760;1;857;23;22;26;0
27762;25;857;23;22;26;0
27769;49;857;23;22;26;0
27773;73;857;23;22;26;0
27774;97;857;23;22;26;0
27777;121;857;23;22;26;0
27778;145;857;23;22;26;0
27779;169;857;23;22;26;0
27784;1321;512;23;22;26;0
27785;217;857;23;22;26;0
27791;1345;512;23;22;26;0
27801;1009;604;23;22;26;0
27803;1297;512;23;22;26;0
27807;1609;420;23;22;26;0
27809;955;167;23;22;26;0
27812;979;167;23;22;26;0
27813;1003;167;23;22;26;0
27814;1027;167;23;22;26;0
27815;1051;167;23;22;26;0
27818;1075;167;23;22;26;0
27819;1099;167;23;22;26;0
27822;1123;167;23;22;26;0
27827;1147;167;23;22;26;0
27832;1171;167;23;22;26;0
27833;1195;167;23;22;26;0
27835;1219;167;23;22;26;0
27836;1267;167;23;22;26;0
27837;1575;167;23;22;26;0
27838;1291;167;21;22;26;0
27839;1313;167;21;22;26;0
27844;1335;167;23;22;26;0
27845;1359;167;23;22;26;0
27849;1383;167;23;22;26;0
27850;1407;167;23;22;26;0
27852;1431;167;23;22;26;0
27861;1455;167;23;22;26;0
27867;1479;167;23;22;26;0
27870;1503;167;23;22;26;0
27873;1527;167;23;22;26;0
27874;1551;167;23;22;26;0
27875;931;167;23;22;26;0
27877;1243;167;23;22;26;0
27880;907;167;23;22;26;0
27882;527;167;21;22;26;0
27888;241;167;23;22;26;0
27891;265;167;23;22;26;0
27893;289;167;23;22;26;0
27899;313;167;23;22;26;0
27900;337;167;23;22;26;0
27901;361;167;23;22;26;0
27905;385;167;21;22;26;0
27915;407;167;23;22;26;0
27922;431;167;23;22;26;0
27927;455;167;23;22;26;0
27931;479;167;23;22;26;0
27934;503;167;23;22;26;0
27941;549;167;23;22;26;0
27946;859;167;23;22;26;0
27953;573;167;21;22;26;0
27954;595;167;23;22;26;0
27963;619;167;23;22;26;0
27964;643;167;23;22;26;0
27965;667;167;23;22;26;0
27966;691;167;23;22;26;0
27969;715;167;23;22;26;0
27973;739;167;23;22;26;0
27974;763;167;23;22;26;0
27975;787;167;23;22;26;0
27978;811;167;23;22;26;0
27979;835;167;23;22;26;0
27982;883;167;23;22;26;0
27985;1623;167;23;22;26;0
27987;289;190;23;22;26;0
27993;1647;167;23;22;26;0
27994;361;190;23;22;26;0
28006;385;190;23;22;26;0
28009;409;190;23;22;26;0
28010;433;190;23;22;26;0
28014;457;190;23;22;26;0
28020;481;190;23;22;26;0
28023;505;190;23;22;26;0
28024;529;190;23;22;26;0
28034;553;190;23;22;26;0
28037;577;190;23;22;26;0
28040;601;190;23;22;26;0
28041;625;190;23;22;26;0
28044;673;190;23;22;26;0
28046;983;190;23;22;26;0
28053;697;190;21;22;26;0
28059;719;190;23;22;26;0
28061;743;190;23;22;26;0
28063;767;190;23;22;26;0
28065;791;190;23;22;26;0
28067;815;190;23;22;26;0
28068;839;190;23;22;26;0
28070;863;190;23;22;26;0
28071;887;190;23;22;26;0
28072;911;190;23;22;26;0
28073;935;190;23;22;26;0
28074;959;190;23;22;26;0
28079;337;190;23;22;26;0
28082;649;190;23;22;26;0
28085;313;190;23;22;26;0
28088;1959;167;23;22;26;0
28096;1671;167;23;22;26;0
28100;1695;167;23;22;26;0
28102;1719;167;23;22;26;0
28107;1743;167;23;22;26;0
28108;1767;167;23;22;26;0
28113;1791;167;23;22;26;0
28118;1815;167;23;22;26;0
28120;1839;167;23;22;26;0
28129;1863;167;23;22;26;0
28132;1887;167;23;22;26;0
28139;1911;167;23;22;26;0
28140;1935;167;23;22;26;0
28142;1983;167;23;22;26;0
28145;265;190;23;22;26;0
28147;2007;167;23;22;26;0
28151;1;190;23;22;26;0
28153;25;190;23;22;26;0
28155;49;190;23;22;26;0
28165;73;190;23;22;26;0
28170;97;190;23;22;26;0
28173;121;190;23;22;26;0
28176;145;190;23;22;26;0
28180;169;190;23;22;26;0
28183;193;190;23;22;26;0
28189;217;190;23;22;26;0
28192;241;190;23;22;26;0
28193;217;167;23;22;26;0
28195;1599;167;23;22;26;0
28196;193;167;23;22;26;0
28201;769;144;23;22;26;0
28205;121;144;23;22;26;0
28207;145;144;23;22;26;0
28212;169;144;23;22;26;0
28216;193;144;23;22;26;0
28218;217;144;23;22;26;0
28227;241;144;23;22;26;0
28237;265;144;23;22;26;0
28246;289;144;23;22;26;0
28248;313;144;23;22;26;0
28251;337;144;23;22;26;0
28286;361;144;23;22;26;0
28287;385;144;23;22;26;0
28291;433;144;23;22;26;0
28293;745;144;23;22;26;0
28297;457;144;23;22;26;0
28304;481;144;23;22;26;0
28316;505;144;23;22;26;0
28322;529;144;23;22;26;0
28330;553;144;23;22;26;0
28335;577;144;23;22;26;0
28342;601;144;23;22;26;0
28346;625;144;23;22;26;0
28353;649;144;23;22;26;0
28359;673;144;23;22;26;0
28363;697;144;23;22;26;0
28369;721;144;23;22;26;0
28371;97;144;23;22;26;0
28372;409;144;23;22;26;0
28378;73;144;23;22;26;0
28382;1729;121;23;22;26;0
28385;1441;121;23;22;26;0
28388;1465;121;23;22;26;0
28389;1489;121;23;22;26;0
28390;1513;121;23;22;26;0
28392;1537;121;23;22;26;0
28393;1561;121;23;22;26;0
28404;1585;121;23;22;26;0
28418;1609;121;23;22;26;0
28422;1633;121;23;22;26;0
28431;1657;121;23;22;26;0
28435;1681;121;23;22;26;0
28436;1705;121;23;22;26;0
28448;1753;121;23;22;26;0
28459;25;144;23;22;26;0
28465;1777;121;23;22;26;0
28467;1801;121;23;22;26;0
28478;1825;121;23;22;26;0
28493;1849;121;23;22;26;0
28504;1873;121;23;22;26;0
28508;1897;121;23;22;26;0
28510;1921;121;23;22;26;0
28518;1945;121;23;22;26;0
28525;1969;121;23;22;26;0
28526;1993;121;23;22;26;0
28548;2017;121;23;22;26;0
28552;1;144;23;22;26;0
28558;49;144;23;22;26;0
28572;793;144;23;22;26;0
28577;1489;144;23;22;26;0
28595;817;144;23;22;26;0
28608;1561;144;23;22;26;0
28626;1585;144;23;22;26;0
28689;1609;144;23;22;26;0
28748;1633;144;23;22;26;0
28779;1657;144;23;22;26;0
28781;1681;144;23;22;26;0
28783;1705;144;23;22;26;0
28784;1729;144;23;22;26;0
28789;1753;144;23;22;26;0
28790;1777;144;23;22;26;0
28792;1801;144;23;22;26;0
28796;1825;144;23;22;26;0
28798;1873;144;23;22;26;0
28799;145;167;23;22;26;0
28809;1897;144;23;22;26;0
28810;1921;144;23;22;26;0
28814;1945;144;23;22;26;0
28818;1969;144;23;22;26;0
28820;1993;144;23;22;26;0
28821;2017;144;23;22;26;0
28825;1;167;23;22;26;0
28844;25;167;23;22;26;0
28845;49;167;23;22;26;0
28846;73;167;23;22;26;0
28847;97;167;23;22;26;0
28851;121;167;23;22;26;0
28856;1537;144;23;22;26;0
28857;1849;144;23;22;26;0
28860;1513;144;23;22;26;0
28861;1129;144;23;22;26;0
28865;841;144;23;22;26;0
28866;865;144;23;22;26;0
28867;889;144;23;22;26;0
28872;913;144;23;22;26;0
28888;937;144;23;22;26;0
28889;961;144;23;22;26;0
28891;985;144;23;22;26;0
28895;1009;144;23;22;26;0
28900;1033;144;23;22;26;0
28902;1057;144;23;22;26;0
28903;1081;144;23;22;26;0
28905;1105;144;23;22;26;0
28907;1153;144;23;22;26;0
28908;1465;144;23;22;26;0
28909;1177;144;23;22;26;0
28911;1201;144;23;22;26;0
28919;1225;144;23;22;26;0
28921;1249;144;23;22;26;0
28925;1273;144;23;22;26;0
28937;1297;144;23;22;26;0
28938;1321;144;23;22;26;0
28949;1345;144;23;22;26;0
28953;1369;144;23;22;26;0
28954;1393;144;23;22;26;0
28966;1417;144;23;22;26;0
28976;1441;144;23;22;26;0
28982;169;167;23;22;26;0
29004;1007;190;23;22;26;0
29006;1031;190;23;22;26;0
29022;1055;190;23;22;26;0
29028;601;236;23;22;26;0
29031;625;236;23;22;26;0
29038;649;236;23;22;26;0
29053;673;236;23;22;26;0
29060;697;236;23;22;26;0
29066;721;236;23;22;26;0
29071;745;236;23;22;26;0
29076;769;236;23;22;26;0
29081;793;236;23;22;26;0
29087;817;236;23;22;26;0
29100;841;236;23;22;26;0
29123;865;236;23;22;26;0
29134;913;236;23;22;26;0
29141;1223;236;23;22;26;0
29157;937;236;23;22;26;0
29190;961;236;23;22;26;0
29226;985;236;23;22;26;0
29228;1009;236;23;22;26;0
29233;1033;236;23;22;26;0
29237;1057;236;23;22;26;0
29238;1081;236;23;22;26;0
29239;1105;236;23;22;26;0
29240;1129;236;23;22;26;0
29241;1153;236;21;22;26;0
29245;1175;236;23;22;26;0
29255;1199;236;23;22;26;0
29256;577;236;23;22;26;0
29260;889;236;23;22;26;0
29273;553;236;23;22;26;0
29275;169;236;23;22;26;0
29279;1915;213;23;22;26;0
29281;1939;213;23;22;26;0
29282;1963;213;23;22;26;0
29287;1987;213;23;22;26;0
29289;2011;213;23;22;26;0
29298;1;236;23;22;26;0
29301;25;236;23;22;26;0
29305;49;236;23;22;26;0
29306;73;236;23;22;26;0
29312;97;236;23;22;26;0
29313;121;236;23;22;26;0
29322;145;236;23;22;26;0
29356;193;236;23;22;26;0
29359;505;236;23;22;26;0
29366;217;236;23;22;26;0
29369;241;236;23;22;26;0
29378;265;236;23;22;26;0
29380;289;236;23;22;26;0
29384;313;236;23;22;26;0
29392;337;236;23;22;26;0
29399;361;236;23;22;26;0
29401;385;236;23;22;26;0
29406;409;236;23;22;26;0
29408;433;236;23;22;26;0
29409;457;236;23;22;26;0
29420;481;236;23;22;26;0
29421;529;236;23;22;26;0
29422;1247;236;23;22;26;0
29424;1271;236;23;22;26;0
29425;1295;236;23;22;26;0
29432;1;259;23;22;26;0
29436;25;259;23;22;26;0
29454;49;259;23;22;26;0
29462;73;259;23;22;26;0
29467;97;259;23;22;26;0
29468;121;259;23;22;26;0
29481;145;259;23;22;26;0
29482;169;259;23;22;26;0
29483;193;259;23;22;26;0
29486;217;259;23;22;26;0
29492;241;259;23;22;26;0
29502;265;259;23;22;26;0
29503;289;259;23;22;26;0
29549;313;259;23;22;26;0
29572;337;259;23;22;26;0
29575;361;259;23;22;26;0
29577;385;259;23;22;26;0
29579;409;259;23;22;26;0
29590;433;259;23;22;26;0
29595;457;259;23;22;26;0
29609;481;259;23;22;26;0
29611;505;259;23;22;26;0
29615;529;259;23;22;26;0
29616;553;259;23;22;26;0
29618;577;259;23;22;26;0
29627;601;259;23;22;26;0
29642;625;259;23;22;26;0
29645;2015;236;23;22;26;0
29648;1991;236;23;22;26;0
29664;1967;236;23;22;26;0
29677;1607;236;23;22;26;0
29699;1319;236;23;22;26;0
29701;1343;236;23;22;26;0
29702;1367;236;23;22;26;0
29705;1391;236;23;22;26;0
29712;1415;236;23;22;26;0
29730;1439;236;23;22;26;0
29747;1463;236;23;22;26;0
29748;1487;236;23;22;26;0
29749;1511;236;23;22;26;0
29750;1535;236;23;22;26;0
29756;1559;236;23;22;26;0
29786;1583;236;23;22;26;0
29790;1631;236;23;22;26;0
29791;1943;236;23;22;26;0
29808;1655;236;23;22;26;0
29814;1679;236;23;22;26;0
29827;1703;236;23;22;26;0
29916;1727;236;23;22;26;0
29922;1751;236;23;22;26;0
29923;1775;236;23;22;26;0
29924;1799;236;23;22;26;0
29926;1823;236;23;22;26;0
29934;1847;236;23;22;26;0
29942;1871;236;23;22;26;0
29943;1895;236;23;22;26;0
29956;1919;236;23;22;26;0
29976;1891;213;23;22;26;0
29978;1867;213;23;22;26;0
29980;1843;213;23;22;26;0
29983;409;213;23;22;26;0
29989;1799;190;23;22;26;0
29992;1823;190;21;22;26;0
29993;1845;190;23;22;26;0
29995;1869;190;23;22;26;0
29997;1893;190;23;22;26;0
30000;1917;190;23;22;26;0
30001;1941;190;23;22;26;0
30002;1965;190;23;22;26;0
30003;1989;190;19;22;26;2
30005;2009;190;23;22;26;0
30007;1;213;23;22;26;0
30008;25;213;23;22;26;0
30011;73;213;23;22;26;0
30021;385;213;23;22;26;0
30028;97;213;23;22;26;0
30031;121;213;23;22;26;0
30036;145;213;23;22;26;0
30041;169;213;23;22;26;0
30044;193;213;23;22;26;0
30053;217;213;23;22;26;0
30054;241;213;23;22;26;0
30058;265;213;23;22;26;0
30068;289;213;23;22;26;0
30072;313;213;23;22;26;0
30086;337;213;23;22;26;0
30095;361;213;23;22;26;0
30097;1775;190;23;22;26;0
30103;49;213;23;22;26;0
30105;1751;190;23;22;26;0
30106;1367;190;23;22;26;0
30111;1079;190;23;22;26;0
30113;1103;190;23;22;26;0
30116;1127;190;23;22;26;0
30117;1151;190;23;22;26;0
30123;1175;190;23;22;26;0
30126;1199;190;23;22;26;0
30127;1223;190;23;22;26;0
30130;1247;190;23;22;26;0
30133;1271;190;23;22;26;0
30137;1295;190;23;22;26;0
30140;1319;190;23;22;26;0
30141;1343;190;23;22;26;0
30142;1391;190;23;22;26;0
30149;1703;190;23;22;26;0
30151;1415;190;23;22;26;0
30152;1439;190;23;22;26;0
30153;1463;190;23;22;26;0
30154;1487;190;23;22;26;0
30162;1511;190;23;22;26;0
30164;1535;190;23;22;26;0
30165;1559;190;23;22;26;0
30168;1583;190;23;22;26;0
30171;1607;190;23;22;26;0
30174;1631;190;23;22;26;0
30178;1655;190;23;22;26;0
30186;1679;190;23;22;26;0
30192;1727;190;23;22;26;0
30196;433;213;23;22;26;0
30201;1125;213;23;22;26;0
30209;457;213;23;22;26;0
30239;1197;213;23;22;26;0
30244;1221;213;23;22;26;0
30246;1245;213;23;22;26;0
30249;1269;213;23;22;26;0
30250;1293;213;23;22;26;0
30251;1317;213;23;22;26;0
30260;1341;213;23;22;26;0
30264;1365;213;23;22;26;0
30284;1389;213;23;22;26;0
30307;1413;213;23;22;26;0
30328;1437;213;23;22;26;0
30331;1461;213;23;22;26;0
30333;1509;213;21;22;26;0
30334;1819;213;23;22;26;0
30338;1531;213;23;22;26;0
30340;1555;213;23;22;26;0
30342;1579;213;23;22;26;0
30343;1603;213;23;22;26;0
30347;1627;213;23;22;26;0
30353;1651;213;23;22;26;0
30358;1675;213;23;22;26;0
30382;1699;213;23;22;26;0
30385;1723;213;23;22;26;0
30399;1747;213;23;22;26;0
30402;1771;213;23;22;26;0
30405;1795;213;23;22;26;0
30406;1173;213;23;22;26;0
30408;1485;213;23;22;26;0
30410;1149;213;23;22;26;0
30414;765;213;23;22;26;0
30415;481;213;23;22;26;0
30416;505;213;23;22;26;0
30417;529;213;23;22;26;0
30418;553;213;23;22;26;0
30420;577;213;23;22;26;0
30422;601;213;23;22;26;0
30423;625;213;23;22;26;0
30424;649;213;23;22;26;0
30427;673;213;23;22;26;0
30431;697;213;23;22;26;0
30446;721;213;19;22;26;0
30447;741;213;23;22;26;0
30450;789;213;23;22;26;0
30452;1101;213;23;22;26;0
30456;813;213;23;22;26;0
30460;837;213;23;22;26;0
30462;861;213;23;22;26;0
30465;885;213;23;22;26;0
30473;909;213;23;22;26;0
30475;933;213;23;22;26;0
30495;957;213;23;22;26;0
30496;981;213;23;22;26;0
30504;1005;213;23;22;26;0
30505;1029;213;23;22;26;0
30511;1393;121;23;22;26;0
30518;1077;213;23;22;26;0
30519;1417;121;23;22;26;0
30522;649;259;23;22;26;0
30524;1369;121;23;22;26;0
30528;1347;98;23;22;26;0
30529;1681;29;23;22;26;0
30555;1705;29;23;22;26;0
30561;1729;29;23;22;26;0
30563;1753;29;23;22;26;0
30566;1777;29;23;22;26;0
30571;1801;29;23;22;26;0
30572;1825;29;23;22;26;0
30585;1849;29;23;22;26;0
30596;1873;29;23;22;26;0
30597;1897;29;23;22;26;0
30606;1921;29;23;22;26;0
30610;1945;29;23;22;26;0
30629;1993;29;23;22;26;0
30631;265;52;23;22;26;0
30633;2017;29;23;22;26;0
30634;1;52;23;22;26;0
30636;25;52;23;22;26;0
30643;49;52;23;22;26;0
30651;73;52;23;22;26;0
30679;97;52;23;22;26;0
30683;121;52;23;22;26;0
30690;145;52;23;22;26;0
30691;169;52;23;22;26;0
30693;193;52;23;22;26;0
30697;217;52;23;22;26;0
30699;241;52;23;22;26;0
30701;1657;29;23;22;26;0
30702;1969;29;23;22;26;0
30707;1633;29;23;22;26;0
30717;1249;29;23;22;26;0
30718;961;29;23;22;26;0
30719;985;29;23;22;26;0
30721;1009;29;23;22;26;0
30722;1033;29;23;22;26;0
30732;1057;29;23;22;26;0
30733;1081;29;23;22;26;0
30738;1105;29;23;22;26;0
30740;1129;29;23;22;26;0
30742;1153;29;23;22;26;0
30746;1177;29;23;22;26;0
30759;1201;29;23;22;26;0
30768;1225;29;23;22;26;0
30772;1273;29;23;22;26;0
30775;1585;29;23;22;26;0
30776;1297;29;23;22;26;0
30782;1321;29;23;22;26;0
30784;1345;29;23;22;26;0
30789;1369;29;23;22;26;0
30802;1393;29;23;22;26;0
30805;1417;29;23;22;26;0
30813;1441;29;23;22;26;0
30827;1465;29;23;22;26;0
30828;1489;29;23;22;26;0
30830;1513;29;23;22;26;0
30839;1537;29;23;22;26;0
30844;1561;29;23;22;26;0
30857;1609;29;23;22;26;0
30860;313;52;23;22;26;0
30861;1009;52;23;22;26;0
30862;337;52;23;22;26;0
30865;1081;52;23;22;26;0
30871;1105;52;23;22;26;0
30872;1129;52;23;22;26;0
30879;1153;52;23;22;26;0
30887;1177;52;23;22;26;0
30896;1201;52;23;22;26;0
30897;1225;52;23;22;26;0
30899;1249;52;23;22;26;0
30900;1273;52;23;22;26;0
30910;1297;52;23;22;26;0
30913;1321;52;23;22;26;0
30917;1345;52;23;22;26;0
30922;1393;52;23;22;26;0
30923;1705;52;23;22;26;0
30928;1417;52;23;22;26;0
30933;1441;52;23;22;26;0
30952;1465;52;23;22;26;0
30967;1489;52;23;22;26;0
30970;1513;52;23;22;26;0
30977;1537;52;23;22;26;0
31034;1561;52;23;22;26;0
31036;1585;52;23;22;26;0
31038;1609;52;23;22;26;0
31041;1633;52;23;22;26;0
31048;1657;52;23;22;26;0
31062;1681;52;23;22;26;0
31069;1057;52;23;22;26;0
31070;1369;52;23;22;26;0
31071;1033;52;23;22;26;0
31077;649;52;23;22;26;0
31080;361;52;23;22;26;0
31085;385;52;23;22;26;0
31095;409;52;23;22;26;0
31096;433;52;23;22;26;0
31105;457;52;23;22;26;0
31108;481;52;23;22;26;0
31119;505;52;23;22;26;0
31161;529;52;23;22;26;0
31163;553;52;23;22;26;0
31165;577;52;23;22;26;0
31166;601;52;23;22;26;0
31168;625;52;23;22;26;0
31169;673;52;23;22;26;0
31171;985;52;23;22;26;0
31174;697;52;23;22;26;0
31177;721;52;23;22;26;0
31179;745;52;23;22;26;0
31181;769;52;23;22;26;0
31185;793;52;23;22;26;0
31186;817;52;23;22;26;0
31192;841;52;23;22;26;0
31199;865;52;23;22;26;0
31204;889;52;23;22;26;0
31206;913;52;23;22;26;0
31207;913;29;23;22;26;0
31209;961;52;23;22;26;0
31215;937;29;23;22;26;0
31216;289;52;23;22;26;0
31224;889;29;23;22;26;0
31227;1464;1;23;22;26;0
31229;744;1;23;22;26;0
31232;768;1;23;22;26;0
31243;792;1;23;22;26;0
31245;816;1;23;22;26;0
31246;840;1;23;22;26;0
31255;864;1;23;22;26;0
31258;888;1;23;22;26;0
31264;912;1;23;22;26;0
31283;936;1;23;22;26;0
31291;960;1;23;22;26;0
31292;984;1;23;22;26;0
31293;1008;1;23;22;26;0
31295;1032;1;23;22;26;0
31302;1056;1;23;22;26;0
31319;1080;1;23;22;26;0
31348;1104;1;23;22;26;0
31350;1128;1;23;22;26;0
31351;1152;1;23;22;26;0
31354;1176;1;23;22;26;0
31359;1200;1;23;22;26;0
31361;1224;1;23;22;26;0
31363;1248;1;23;22;26;0
31364;1272;1;23;22;26;0
31373;1296;1;23;22;26;0
31377;1320;1;23;22;26;0
31378;1344;1;23;22;26;0
31382;1368;1;23;22;26;0
31383;720;1;23;22;26;0
31384;696;1;23;22;26;0
31388;672;1;23;22;26;0
31389;648;1;23;22;26;0
31391;168;1;23;22;26;0
31397;144;1;23;22;26;0
31423;312;1;23;22;26;0
31435;120;1;23;22;26;0
31446;336;1;23;22;26;0
31449;192;1;23;22;26;0
31454;216;1;23;22;26;0
31455;240;1;23;22;26;0
31456;264;1;23;22;26;0
31459;288;1;23;22;26;0
31461;360;1;23;22;26;0
31469;384;1;23;22;26;0
31471;408;1;23;22;26;0
31481;432;1;23;22;26;0
31487;456;1;23;22;26;0
31494;480;1;23;22;26;0
31499;504;1;23;22;26;0
31505;528;1;23;22;26;0
31508;552;1;23;22;26;0
31515;576;1;23;22;26;0
31526;600;1;23;22;26;0
31528;624;1;23;22;26;0
31532;1392;1;23;22;26;0
31546;1416;1;23;22;26;0
31548;505;29;23;22;26;0
31561;1440;1;23;22;26;0
31563;193;29;23;22;26;0
31567;217;29;23;22;26;0
31568;241;29;23;22;26;0
31569;265;29;23;22;26;0
31570;289;29;23;22;26;0
31572;313;29;23;22;26;0
31574;337;29;23;22;26;0
31579;361;29;23;22;26;0
31607;385;29;23;22;26;0
31609;409;29;23;22;26;0
31614;433;29;23;22;26;0
31616;457;29;23;22;26;0
31629;481;29;23;22;26;0
31636;529;29;23;22;26;0
31637;865;29;23;22;26;0
31639;553;29;23;22;26;0
31649;577;29;23;22;26;0
31657;601;29;23;22;26;0
31661;625;29;23;22;26;0
31665;649;29;23;22;26;0
31686;673;29;23;22;26;0
31687;697;29;23;22;26;0
31699;721;29;23;22;26;0
31705;745;29;23;22;26;0
31713;769;29;23;22;26;0
31726;793;29;23;22;26;0
31729;817;29;23;22;26;0
31735;841;29;23;22;26;0
31751;169;29;23;22;26;0
31783;145;29;23;22;26;0
31807;121;29;23;22;26;0
31821;97;29;23;22;26;0
31859;1488;1;23;22;26;0
31867;1512;1;23;22;26;0
31869;1536;1;23;22;26;0
31881;1560;1;23;22;26;0
31890;1584;1;23;22;26;0
31893;1608;1;23;22;26;0
31895;1632;1;23;22;26;0
31896;1656;1;23;22;26;0
31903;1680;1;23;22;26;0
31908;1704;1;23;22;26;0
31909;1728;1;23;22;26;0
31914;1752;1;23;22;26;0
31918;1776;1;23;22;26;0
31921;1800;1;23;22;26;0
31923;1824;1;23;22;26;0
31929;1848;1;23;22;26;0
31934;1872;1;23;22;26;0
31946;1896;1;23;22;26;0
31957;1920;1;23;22;26;0
31958;1944;1;23;22;26;0
31961;1968;1;23;22;26;0
31964;1992;1;23;22;26;0
31967;2016;1;23;22;26;0
31968;1;29;23;22;26;0
31983;25;29;23;22;26;0
31995;49;29;23;22;26;0
32010;73;29;23;22;26;0
32032;937;52;23;22;26;0
32034;1729;52;23;22;26;0
32039;531;98;23;22;26;0
32043;1777;52;23;22;26;0
32047;1323;98;23;22;26;0
32110;1753;52;23;22;26;0
32321;1371;98;23;22;26;0
32386;1395;98;23;22;26;0
32416;1419;98;23;22;26;0
32418;1443;98;23;22;26;0
32420;1467;98;23;22;26;0
32422;1491;98;23;22;26;0
32423;1515;98;23;22;26;0
32426;1539;98;23;22;26;0
32427;1563;98;23;22;26;0
32428;1587;98;23;22;26;0
32431;1635;98;23;22;26;0
32433;1947;98;23;22;26;0
32434;1659;98;23;22;26;0
32435;1683;98;23;22;26;0
32437;1707;98;23;22;26;0
32438;1731;98;23;22;26;0
32439;1755;98;23;22;26;0
32440;1779;98;23;22;26;0
32441;1803;98;23;22;26;0
32442;1827;98;23;22;26;0
32445;1851;98;23;22;26;0
32447;1875;98;23;22;26;0
32451;1899;98;23;22;26;0
32452;1923;98;23;22;26;0
32453;1299;98;23;22;26;0
32454;1611;98;23;22;26;0
32455;1275;98;23;22;26;0
32456;891;98;23;22;26;0
32458;603;98;23;22;26;0
32461;627;98;23;22;26;0
32462;651;98;23;22;26;0
32463;675;98;23;22;26;0
32465;699;98;23;22;26;0
32466;723;98;23;22;26;0
32467;747;98;23;22;26;0
32469;771;98;23;22;26;0
32472;795;98;23;22;26;0
32473;819;98;23;22;26;0
32474;843;98;23;22;26;0
32476;867;98;23;22;26;0
32477;915;98;23;22;26;0
32478;1227;98;23;22;26;0
32479;939;98;23;22;26;0
32482;963;98;23;22;26;0
32483;987;98;23;22;26;0
32485;1011;98;23;22;26;0
32486;1035;98;23;22;26;0
32487;1059;98;23;22;26;0
32489;1083;98;23;22;26;0
32490;1107;98;23;22;26;0
32493;1131;98;23;22;26;0
32496;1155;98;23;22;26;0
32499;1179;98;23;22;26;0
32500;1203;98;23;22;26;0
32501;1251;98;23;22;26;0
32503;1995;98;23;22;26;0
32504;649;121;23;22;26;0
32508;2019;98;23;22;26;0
32509;721;121;23;22;26;0
32511;745;121;23;22;26;0
32512;769;121;23;22;26;0
32516;793;121;23;22;26;0
32517;817;121;23;22;26;0
32518;841;121;23;22;26;0
32521;865;121;23;22;26;0
32526;889;121;23;22;26;0
32531;913;121;23;22;26;0
32532;937;121;23;22;26;0
32533;961;121;23;22;26;0
32534;985;121;23;22;26;0
32536;1033;121;23;22;26;0
32538;1345;121;23;22;26;0
32541;1057;121;23;22;26;0
32544;1081;121;23;22;26;0
32552;1105;121;23;22;26;0
32553;1129;121;23;22;26;0
32558;1153;121;23;22;26;0
32564;1177;121;23;22;26;0
32568;1201;121;23;22;26;0
32570;1225;121;23;22;26;0
32592;1249;121;23;22;26;0
32593;1273;121;23;22;26;0
32597;1297;121;23;22;26;0
32599;1321;121;23;22;26;0
32602;697;121;23;22;26;0
32610;1009;121;23;22;26;0
32617;673;121;23;22;26;0
32618;289;121;23;22;26;0
32622;1;121;23;22;26;0
32626;25;121;23;22;26;0
32650;49;121;23;22;26;0
32652;73;121;23;22;26;0
32654;97;121;23;22;26;0
32660;121;121;23;22;26;0
32666;145;121;23;22;26;0
32670;169;121;23;22;26;0
32673;193;121;23;22;26;0
32676;217;121;23;22;26;0
32697;241;121;23;22;26;0
32701;265;121;23;22;26;0
32705;313;121;23;22;26;0
32709;625;121;23;22;26;0
32716;337;121;23;22;26;0
32724;361;121;23;22;26;0
32728;385;121;23;22;26;0
32735;409;121;23;22;26;0
32736;433;121;23;22;26;0
32752;457;121;23;22;26;0
32753;481;121;23;22;26;0
32763;505;121;23;22;26;0
32764;529;121;23;22;26;0
32768;553;121;23;22;26;0
32769;577;121;23;22;26;0
32771;601;121;23;22;26;0
32773;579;98;23;22;26;0
32780;1971;98;23;22;26;0
32781;555;98;23;22;26;0
32784;1127;75;23;22;26;0
32789;477;75;23;22;26;0
32791;501;75;23;22;26;0
32792;525;75;23;22;26;0
32793;549;75;23;22;26;0
32810;573;75;23;22;26;0
32819;597;75;23;22;26;0
32822;621;75;23;22;26;0
32824;645;75;23;22;26;0
32827;669;75;23;22;26;0
32829;693;75;23;22;26;0
32831;717;75;25;22;26;0
32834;743;75;23;22;26;0
32842;791;75;23;22;26;0
32843;1103;75;23;22;26;0
32844;815;75;23;22;26;0
32852;839;75;23;22;26;0
32856;863;75;23;22;26;0
32858;887;75;23;22;26;0
32874;911;75;23;22;26;0
32899;935;75;23;22;26;0
32900;959;75;23;22;26;0
32902;983;75;23;22;26;0
32903;1007;75;23;22;26;0
32905;1031;75;23;22;26;0
32907;1055;75;23;22;26;0
32908;1079;75;23;22;26;0
32918;457;75;19;22;26;2
32920;767;75;23;22;26;0
32922;433;75;23;22;26;0
32923;49;75;23;22;26;0
32925;1801;52;23;22;26;0
32928;1825;52;23;22;26;0
32929;1849;52;23;22;26;0
32930;1873;52;23;22;26;0
32932;1897;52;23;22;26;0
32933;1921;52;23;22;26;0
32937;1945;52;23;22;26;0
32938;1969;52;23;22;26;0
32942;1993;52;23;22;26;0
32943;2017;52;23;22;26;0
32946;1;75;23;22;26;0
32954;25;75;23;22;26;0
32958;73;75;23;22;26;0
32959;385;75;23;22;26;0
32960;97;75;23;22;26;0
32961;121;75;23;22;26;0
32963;145;75;23;22;26;0
32966;169;75;23;22;26;0
32972;193;75;23;22;26;0
32974;217;75;23;22;26;0
32982;241;75;23;22;26;0
32986;265;75;23;22;26;0
32988;289;75;23;22;26;0
32990;313;75;23;22;26;0
32993;337;75;23;22;26;0
33007;361;75;23;22;26;0
33008;409;75;23;22;26;0
33011;1151;75;23;22;26;0
33014;1843;75;23;22;26;0
33016;1175;75;23;22;26;0
33018;1915;75;23;22;26;0
33021;1939;75;23;22;26;0
33026;1963;75;23;22;26;0
33030;1987;75;23;22;26;0
33033;2011;75;23;22;26;0
33034;1;98;23;22;26;0
33039;25;98;23;22;26;0
33040;49;98;23;22;26;0
33041;73;98;23;22;26;0
33043;97;98;23;22;26;0
33046;121;98;23;22;26;0
33050;145;98;23;22;26;0
33071;193;98;23;22;26;0
33073;507;98;23;22;26;0
33080;217;98;25;22;26;0
33086;243;98;23;22;26;0
33094;267;98;23;22;26;0
33098;291;98;23;22;26;0
33099;315;98;23;22;26;0
33104;339;98;23;22;26;0
33105;363;98;23;22;26;0
33108;387;98;23;22;26;0
33109;411;98;23;22;26;0
33125;435;98;23;22;26;0
33134;459;98;23;22;26;0
33136;483;98;23;22;26;0
33145;1891;75;23;22;26;0
33146;169;98;23;22;26;0
33147;1867;75;23;22;26;0
33150;1487;75;23;22;26;0
33151;1199;75;23;22;26;0
33152;1223;75;23;22;26;0
33162;1247;75;23;22;26;0
33167;1271;75;23;22;26;0
33176;1295;75;23;22;26;0
33179;1319;75;23;22;26;0
33180;1343;75;23;22;26;0
33181;1367;75;23;22;26;0
33192;1391;75;23;22;26;0
33203;1415;75;23;22;26;0
33216;1439;75;23;22;26;0
33218;1463;75;23;22;26;0
33219;1511;75;23;22;26;0
33222;1819;75;23;22;26;0
33251;1535;75;23;22;26;0
33258;1559;75;19;22;26;2
33261;1579;75;23;22;26;0
33267;1603;75;23;22;26;0
33268;1627;75;23;22;26;0
33275;1651;75;23;22;26;0
33276;1675;75;23;22;26;0
33280;1699;75;23;22;26;0
33285;1723;75;23;22;26;0
33286;1747;75;23;22;26;0
33292;1771;75;23;22;26;0
33293;1795;75;23;22;26;0
33298;1053;213;23;22;26;0
33300;673;259;23;22;26;0
33308;1273;512;23;22;26;0
33310;721;259;23;22;26;0
33311;1585;420;23;22;26;0
33322;697;259;23;22;26;0
33324;1633;420;23;22;26;0
33328;1657;420;23;22;26;0
33329;1681;420;23;22;26;0
33333;1705;420;23;22;26;0
33334;1729;420;23;22;26;0
33335;1753;420;23;22;26;0
33337;1777;420;23;22;26;0
33351;1801;420;23;22;26;0
33368;1825;420;23;22;26;0
33391;1849;420;23;22;26;0
33392;1897;420;23;22;26;0
33394;169;443;23;22;26;0
33395;1921;420;23;22;26;0
33402;1945;420;23;22;26;0
33406;1969;420;23;22;26;0
33410;1993;420;23;22;26;0
33419;2017;420;23;22;26;0
33421;1;443;23;22;26;0
33426;25;443;23;22;26;0
33436;49;443;23;22;26;0
33437;73;443;23;22;26;0
33445;97;443;23;22;26;0
33446;121;443;23;22;26;0
33452;145;443;23;22;26;0
33453;1561;420;23;22;26;0
33455;1873;420;23;22;26;0
33457;1537;420;23;22;26;0
33459;1153;420;23;22;26;0
33465;865;420;23;22;26;0
33469;889;420;23;22;26;0
33479;913;420;23;22;26;0
33485;937;420;23;22;26;0
33487;961;420;23;22;26;0
33489;985;420;23;22;26;0
33492;1009;420;23;22;26;0
33495;1033;420;23;22;26;0
33499;1057;420;23;22;26;0
33502;1081;420;23;22;26;0
33503;1105;420;23;22;26;0
33509;1129;420;23;22;26;0
33510;1177;420;23;22;26;0
33515;1489;420;23;22;26;0
33519;1201;420;23;22;26;0
33521;1225;420;23;22;26;0
33529;1249;420;23;22;26;0
33537;1273;420;23;22;26;0
33538;1297;420;23;22;26;0
33539;1321;420;23;22;26;0
33540;1345;420;23;22;26;0
33541;1369;420;23;22;26;0
33550;1393;420;23;22;26;0
33575;1417;420;23;22;26;0
33576;1441;420;23;22;26;0
33579;1465;420;23;22;26;0
33580;1513;420;23;22;26;0
33589;217;443;23;22;26;0
33590;913;443;23;22;26;0
33592;241;443;23;22;26;0
33593;985;443;23;22;26;0
33606;1009;443;21;22;26;0
33609;1031;443;23;22;26;0
33616;1055;443;23;22;26;0
33618;1079;443;23;22;26;0
33620;1103;443;23;22;26;0
33626;1127;443;23;22;26;0
33633;1151;443;23;22;26;0
33635;1175;443;23;22;26;0
33636;1199;443;23;22;26;0
33639;1223;443;23;22;26;0
33643;1247;443;23;22;26;0
33647;1295;443;23;22;26;0
33655;1607;443;23;22;26;0
33670;1319;443;23;22;26;0
33673;1343;443;23;22;26;0
33678;1367;443;23;22;26;0
33707;1391;443;23;22;26;0
33713;1415;443;23;22;26;0
33714;1439;443;23;22;26;0
33719;1463;443;23;22;26;0
33721;1487;443;23;22;26;0
33725;1511;443;23;22;26;0
33735;1535;443;23;22;26;0
33738;1559;443;23;22;26;0
33740;1583;443;23;22;26;0
33743;961;443;23;22;26;0
33756;1271;443;23;22;26;0
33760;937;443;23;22;26;0
33769;553;443;23;22;26;0
33777;265;443;23;22;26;0
33778;289;443;23;22;26;0
33796;313;443;23;22;26;0
33804;337;443;23;22;26;0
33805;361;443;23;22;26;0
33806;385;443;23;22;26;0
33821;409;443;23;22;26;0
33828;433;443;23;22;26;0
33829;457;443;23;22;26;0
33831;481;443;23;22;26;0
33832;505;443;23;22;26;0
33853;529;443;23;22;26;0
33879;577;443;23;22;26;0
33883;889;443;23;22;26;0
33889;601;443;23;22;26;0
33891;625;443;23;22;26;0
33899;649;443;23;22;26;0
33900;673;443;23;22;26;0
33905;697;443;23;22;26;0
33909;721;443;23;22;26;0
33922;745;443;23;22;26;0
33931;769;443;23;22;26;0
33945;793;443;23;22;26;0
33948;817;443;23;22;26;0
33970;841;443;23;22;26;0
33976;865;443;23;22;26;0
33988;841;420;23;22;26;0
33993;193;443;23;22;26;0
34001;817;420;23;22;26;0
34006;1393;397;23;22;26;0
34013;745;397;23;22;26;0
34015;769;397;23;22;26;0
34028;793;397;23;22;26;0
34065;817;397;23;22;26;0
34067;841;397;23;22;26;0
34071;865;397;23;22;26;0
34074;889;397;23;22;26;0
34081;913;397;23;22;26;0
34091;937;397;23;22;26;0
34092;961;397;23;22;26;0
34103;985;397;23;22;26;0
34108;1009;397;23;22;26;0
34109;1057;397;23;22;26;0
34121;1369;397;23;22;26;0
34122;1081;397;23;22;26;0
34164;1105;397;23;22;26;0
34174;1129;397;23;22;26;0
34180;1153;397;23;22;26;0
34203;1177;397;23;22;26;0
34218;1201;397;23;22;26;0
34223;1225;397;23;22;26;0
34249;1249;397;23;22;26;0
34255;1273;397;23;22;26;0
34256;1297;397;23;22;26;0
34261;1321;397;23;22;26;0
34276;1345;397;23;22;26;0
34281;721;397;23;22;26;0
34299;1033;397;23;22;26;0
34321;697;397;23;22;26;0
34360;313;397;23;22;26;0
34382;25;397;23;22;26;0
34383;49;397;23;22;26;0
34384;73;397;23;22;26;0
34385;97;397;23;22;26;0
34394;121;397;23;22;26;0
34398;145;397;23;22;26;0
34411;169;397;23;22;26;0
34417;193;397;23;22;26;0
34425;217;397;23;22;26;0
34429;241;397;23;22;26;0
34430;265;397;23;22;26;0
34432;289;397;23;22;26;0
34433;337;397;23;22;26;0
34434;649;397;23;22;26;0
34442;361;397;23;22;26;0
34444;385;397;23;22;26;0
34453;409;397;23;22;26;0
34460;433;397;23;22;26;0
34468;457;397;23;22;26;0
34496;481;397;23;22;26;0
34502;505;397;23;22;26;0
34503;529;397;23;22;26;0
34506;553;397;23;22;26;0
34507;577;397;23;22;26;0
34516;601;397;23;22;26;0
34521;625;397;23;22;26;0
34523;673;397;23;22;26;0
34532;1417;397;23;22;26;0
34542;73;420;23;22;26;0
34544;1441;397;23;22;26;0
34553;145;420;23;22;26;0
34558;169;420;23;22;26;0
34560;193;420;23;22;26;0
34562;217;420;23;22;26;0
34578;241;420;23;22;26;0
34581;265;420;23;22;26;0
34583;289;420;23;22;26;0
34584;313;420;23;22;26;0
34588;337;420;23;22;26;0
34593;361;420;23;22;26;0
34631;385;420;23;22;26;0
34633;409;420;23;22;26;0
34638;457;420;23;22;26;0
34647;769;420;23;22;26;0
34676;481;420;23;22;26;0
34678;505;420;23;22;26;0
34701;529;420;23;22;26;0
34719;553;420;23;22;26;0
34746;577;420;23;22;26;0
34809;601;420;23;22;26;0
34837;625;420;23;22;26;0
34850;649;420;23;22;26;0
34880;673;420;23;22;26;0
34885;697;420;23;22;26;0
34892;721;420;23;22;26;0
34893;745;420;23;22;26;0
34900;121;420;23;22;26;0
34903;433;420;23;22;26;0
34905;97;420;23;22;26;0
34913;1755;397;23;22;26;0
34915;1465;397;23;22;26;0
34917;1489;397;23;22;26;0
34920;1513;397;23;22;26;0
34923;1537;397;23;22;26;0
34924;1561;397;23;22;26;0
34928;1585;397;23;22;26;0
34935;1609;397;23;22;26;0
34945;1633;397;23;22;26;0
34948;1657;397;25;22;26;0
34955;1683;397;23;22;26;0
34957;1707;397;23;22;26;0
34962;1731;397;23;22;26;0
34966;1779;397;23;22;26;0
34972;49;420;23;22;26;0
34987;1803;397;23;22;26;0
34989;1827;397;23;22;26;0
34993;1851;397;23;22;26;0
35009;1875;397;23;22;26;0
35010;1899;397;23;22;26;0
35013;1923;397;23;22;26;0
35028;1947;397;23;22;26;0
35029;1971;397;23;22;26;0
35033;1995;397;23;22;26;0
35044;2019;397;23;22;26;0
35059;1;420;23;22;26;0
35060;25;420;23;22;26;0
35064;793;420;23;22;26;0
35065;1631;443;23;22;26;0
35074;1655;443;23;22;26;0
35088;1679;443;23;22;26;0
35090;1225;489;23;22;26;0
35109;1249;489;23;22;26;0
35114;1273;489;23;22;26;0
35140;1297;489;23;22;26;0
35167;1321;489;23;22;26;0
35199;1345;489;23;22;26;0
35201;1369;489;23;22;26;0
35206;1393;489;23;22;26;0
35265;1417;489;23;22;26;0
35266;1441;489;23;22;26;0
35268;1465;489;23;22;26;0
35269;1489;489;23;22;26;0
35270;1537;489;23;22;26;0
35272;1847;489;23;22;26;0
35273;1561;489;23;22;26;0
35282;1585;489;21;22;26;0
35299;1607;489;23;22;26;0
35302;1631;489;23;22;26;0
35328;1655;489;23;22;26;0
35449;1679;489;23;22;26;0
35465;1703;489;23;22;26;0
35466;1727;489;23;22;26;0
35475;1751;489;23;22;26;0
35686;1775;489;23;22;26;0
35692;1799;489;23;22;26;0
35745;1823;489;23;22;26;0
35746;1201;489;23;22;26;0
35747;1513;489;23;22;26;0
35748;1177;489;23;22;26;0
35749;793;489;23;22;26;0
35752;505;489;23;22;26;0
35753;529;489;23;22;26;0
35755;553;489;23;22;26;0
35757;577;489;23;22;26;0
35758;601;489;23;22;26;0
35759;625;489;23;22;26;0
35760;649;489;23;22;26;0
35762;673;489;23;22;26;0
35763;697;489;23;22;26;0
35766;721;489;23;22;26;0
35768;745;489;23;22;26;0
35769;769;489;23;22;26;0
35770;817;489;23;22;26;0
35772;1129;489;23;22;26;0
35773;841;489;23;22;26;0
35774;865;489;23;22;26;0
35775;889;489;23;22;26;0
35776;913;489;23;22;26;0
35777;937;489;23;22;26;0
35780;961;489;23;22;26;0
35781;985;489;23;22;26;0
35782;1009;489;23;22;26;0
35784;1033;489;23;22;26;0
35785;1057;489;23;22;26;0
35786;1081;489;23;22;26;0
35788;1105;489;23;22;26;0
35789;1153;489;23;22;26;0
35793;1871;489;23;22;26;0
35797;1895;489;23;22;26;0
35799;1919;489;23;22;26;0
35802;625;512;23;22;26;0
35803;649;512;23;22;26;0
35805;673;512;23;22;26;0
35806;697;512;23;22;26;0
35809;721;512;23;22;26;0
35810;745;512;23;22;26;0
35811;769;512;23;22;26;0
35813;793;512;23;22;26;0
35814;817;512;23;22;26;0
35815;841;512;23;22;26;0
35819;865;512;23;22;26;0
35820;889;512;23;22;26;0
35821;913;512;23;22;26;0
35823;937;512;23;22;26;0
35825;961;512;23;22;26;0
35826;985;512;23;22;26;0
35828;1009;512;23;22;26;0
35829;1033;512;23;22;26;0
35831;1057;512;23;22;26;0
35832;1081;512;23;22;26;0
35834;1105;512;23;22;26;0
35835;1129;512;23;22;26;0
35837;1153;512;23;22;26;0
35838;1177;512;23;22;26;0
35841;1201;512;23;22;26;0
35843;1225;512;23;22;26;0
35845;1249;512;23;22;26;0
35846;601;512;23;22;26;0
35848;577;512;23;22;26;0
35850;553;512;23;22;26;0
35851;193;512;23;22;26;0
35853;1943;489;23;22;26;0
35854;1967;489;23;22;26;0
35856;1991;489;23;22;26;0
35859;2015;489;23;22;26;0
35863;1;512;23;22;26;0
35866;25;512;23;22;26;0
35868;49;512;23;22;26;0
35874;73;512;23;22;26;0
35875;97;512;23;22;26;0
35876;121;512;23;22;26;0
35878;145;512;23;22;26;0
35880;169;512;23;22;26;0
35881;217;512;23;22;26;0
35884;529;512;23;22;26;0
35885;241;512;23;22;26;0
35888;265;512;23;22;26;0
35889;289;512;23;22;26;0
35892;313;512;23;22;26;0
35895;337;512;23;22;26;0
35905;361;512;23;22;26;0
35910;385;512;23;22;26;0
35916;409;512;23;22;26;0
35937;433;512;23;22;26;0
35938;457;512;23;22;26;0
35946;481;512;23;22;26;0
35947;505;512;23;22;26;0
35961;481;489;23;22;26;0
35962;457;489;23;22;26;0
35977;433;489;23;22;26;0
35980;1033;466;23;22;26;0
36125;385;466;23;22;26;0
36126;409;466;23;22;26;0
36127;433;466;23;22;26;0
36129;457;466;23;22;26;0
36130;481;466;23;22;26;0
36131;505;466;23;22;26;0
36132;529;466;23;22;26;0
36133;553;466;23;22;26;0
36134;577;466;23;22;26;0
36135;601;466;23;22;26;0
36136;625;466;23;22;26;0
36137;649;466;23;22;26;0
36138;697;466;23;22;26;0
36139;1009;466;23;22;26;0
36140;721;466;23;22;26;0
36141;745;466;23;22;26;0
36142;769;466;23;22;26;0
36143;793;466;23;22;26;0
36144;817;466;23;22;26;0
36145;841;466;23;22;26;0
36148;865;466;23;22;26;0
36149;889;466;23;22;26;0
36151;913;466;23;22;26;0
36152;937;466;23;22;26;0
36153;961;466;23;22;26;0
36154;985;466;23;22;26;0
36156;361;466;23;22;26;0
36158;673;466;23;22;26;0
36159;337;466;23;22;26;0
36161;1991;443;23;22;26;0
36162;1703;443;23;22;26;0
36163;1727;443;23;22;26;0
36164;1751;443;23;22;26;0
36170;1775;443;23;22;26;0
36171;1799;443;23;22;26;0
36172;1823;443;23;22;26;0
36174;1847;443;23;22;26;0
36175;1871;443;23;22;26;0
36176;1895;443;23;22;26;0
36180;1919;443;23;22;26;0
36182;1943;443;23;22;26;0
36184;1967;443;23;22;26;0
36186;2015;443;23;22;26;0
36187;289;466;23;22;26;0
36190;1;466;23;22;26;0
36192;25;466;23;22;26;0
36193;49;466;23;22;26;0
36194;73;466;23;22;26;0
36195;97;466;23;22;26;0
36196;121;466;23;22;26;0
36198;145;466;23;22;26;0
36203;169;466;23;22;26;0
36208;193;466;23;22;26;0
36212;217;466;23;22;26;0
36213;241;466;23;22;26;0
36214;265;466;23;22;26;0
36215;313;466;23;22;26;0
36225;1057;466;23;22;26;0
36229;1753;466;23;22;26;0
36234;1081;466;23;22;26;0
36235;1825;466;23;22;26;0
36255;1849;466;23;22;26;0
36259;1873;466;23;22;26;0
36275;1897;466;23;22;26;0
36276;1921;466;23;22;26;0
36286;1945;466;23;22;26;0
36291;1969;466;23;22;26;0
36299;1993;466;23;22;26;0
36300;2017;466;23;22;26;0
36305;1;489;23;22;26;0
36317;25;489;23;22;26;0
36319;49;489;23;22;26;0
36328;97;489;23;22;26;0
36330;409;489;23;22;26;0
36335;121;489;23;22;26;0
36339;145;489;23;22;26;0
36341;169;489;23;22;26;0
36346;193;489;23;22;26;0
36362;217;489;23;22;26;0
36364;241;489;23;22;26;0
36367;265;489;23;22;26;0
36382;289;489;23;22;26;0
36386;313;489;23;22;26;0
36393;337;489;23;22;26;0
36394;361;489;23;22;26;0
36420;385;489;23;22;26;0
36424;1801;466;23;22;26;0
36427;73;489;23;22;26;0
36454;1777;466;23;22;26;0
36460;1393;466;23;22;26;0
36461;1105;466;23;22;26;0
36466;1129;466;23;22;26;0
36479;1153;466;23;22;26;0
36481;1177;466;23;22;26;0
36487;1201;466;23;22;26;0
36523;1225;466;23;22;26;0
36524;1249;466;23;22;26;0
36527;1273;466;23;22;26;0
36530;1297;466;23;22;26;0
36538;1321;466;23;22;26;0
36710;1345;466;23;22;26;0
36711;1369;466;23;22;26;0
36712;1417;466;23;22;26;0
36713;1729;466;23;22;26;0
36716;1441;466;23;22;26;0
36718;1465;466;23;22;26;0
36719;1489;466;23;22;26;0
36720;1513;466;23;22;26;0
36724;1537;466;23;22;26;0
36731;1561;466;23;22;26;0
36733;1585;466;23;22;26;0
36735;1609;466;23;22;26;0
36739;1633;466;23;22;26;0
36741;1657;466;23;22;26;0
36742;1681;466;23;22;26;0
36744;1705;466;23;22;26;0
36745;1;397;23;22;26;0
36746;2017;374;23;22;26;0
36752;1993;374;23;22;26;0
36753;313;328;23;22;26;0
36755;265;305;23;22;26;0
36757;289;305;23;22;26;0
36758;313;305;23;22;26;0
36759;337;305;23;22;26;0
36761;361;305;23;22;26;0
36763;385;305;23;22;26;0
36764;409;305;23;22;26;0
36766;433;305;23;22;26;0
36767;457;305;23;22;26;0
36771;481;305;23;22;26;0
36776;505;305;23;22;26;0
36777;529;305;23;22;26;0
36779;577;305;23;22;26;0
36784;889;305;23;22;26;0
36785;601;305;23;22;26;0
36793;625;305;23;22;26;0
36797;649;305;23;22;26;0
36798;673;305;23;22;26;0
36801;697;305;23;22;26;0
36802;721;305;23;22;26;0
36804;745;305;23;22;26;0
36805;769;305;23;22;26;0
36807;793;305;23;22;26;0
36808;817;305;23;22;26;0
36814;841;305;23;22;26;0
36816;865;305;23;22;26;0
36817;241;305;23;22;26;0
36820;553;305;23;22;26;0
36824;217;305;23;22;26;0
36825;1873;282;23;22;26;0
36827;1585;282;23;22;26;0
36828;1609;282;23;22;26;0
36829;1633;282;23;22;26;0
36830;1657;282;23;22;26;0
36831;1681;282;23;22;26;0
36834;1705;282;23;22;26;0
36842;1729;282;23;22;26;0
36843;1753;282;23;22;26;0
36845;1777;282;23;22;26;0
36848;1801;282;23;22;26;0
36855;1825;282;23;22;26;0
36856;1849;282;23;22;26;0
36857;1897;282;23;22;26;0
36861;169;305;23;22;26;0
36864;1921;282;23;22;26;0
36865;1945;282;23;22;26;0
36866;1969;282;23;22;26;0
36867;1993;282;23;22;26;0
36870;2017;282;23;22;26;0
36873;1;305;23;22;26;0
36874;25;305;23;22;26;0
36879;49;305;23;22;26;0
36880;73;305;23;22;26;0
36882;97;305;23;22;26;0
36884;121;305;23;22;26;0
36887;145;305;23;22;26;0
36890;193;305;23;22;26;0
36891;937;305;23;22;26;0
36893;1633;305;23;22;26;0
36894;961;305;23;22;26;0
36895;1705;305;23;22;26;0
36896;1729;305;23;22;26;0
36898;1753;305;23;22;26;0
36910;1777;305;23;22;26;0
36920;1801;305;23;22;26;0
36923;1825;305;23;22;26;0
36924;1849;305;23;22;26;0
36926;1873;305;23;22;26;0
36929;1897;305;23;22;26;0
36930;1921;305;23;22;26;0
36935;1945;305;23;22;26;0
36941;1969;305;23;22;26;0
36943;2017;305;23;22;26;0
36947;289;328;23;22;26;0
36951;1;328;23;22;26;0
36963;25;328;23;22;26;0
36965;49;328;23;22;26;0
36973;73;328;23;22;26;0
36974;97;328;23;22;26;0
36981;121;328;23;22;26;0
36991;145;328;23;22;26;0
36992;169;328;23;22;26;0
37009;193;328;23;22;26;0
37011;217;328;23;22;26;0
37026;241;328;23;22;26;0
37027;265;328;23;22;26;0
37030;1681;305;23;22;26;0
37034;1993;305;23;22;26;0
37038;1657;305;23;22;26;0
37039;1273;305;23;22;26;0
37041;985;305;23;22;26;0
37045;1009;305;23;22;26;0
37049;1033;305;23;22;26;0
37051;1057;305;23;22;26;0
37057;1081;305;23;22;26;0
37066;1105;305;23;22;26;0
37070;1129;305;23;22;26;0
37073;1153;305;23;22;26;0
37085;1177;305;23;22;26;0
37089;1201;305;23;22;26;0
37095;1225;305;23;22;26;0
37096;1249;305;23;22;26;0
37101;1297;305;23;22;26;0
37108;1609;305;23;22;26;0
37112;1321;305;23;22;26;0
37117;1345;305;23;22;26;0
37122;1369;305;23;22;26;0
37145;1393;305;23;22;26;0
37193;1417;305;23;22;26;0
37195;1441;305;23;22;26;0
37196;1465;305;23;22;26;0
37197;1489;305;23;22;26;0
37202;1513;305;23;22;26;0
37207;1537;305;23;22;26;0
37210;1561;305;23;22;26;0
37213;1585;305;23;22;26;0
37214;1561;282;23;22;26;0
37219;913;305;23;22;26;0
37221;1537;282;23;22;26;0
37226;73;282;23;22;26;0
37228;1463;259;23;22;26;0
37230;1487;259;23;22;26;0
37233;1511;259;23;22;26;0
37237;1535;259;23;22;26;0
37238;1559;259;23;22;26;0
37239;1583;259;23;22;26;0
37240;1607;259;23;22;26;0
37247;1631;259;23;22;26;0
37255;1655;259;23;22;26;0
37257;1679;259;23;22;26;0
37259;1703;259;23;22;26;0
37266;1727;259;23;22;26;0
37274;1775;259;23;22;26;0
37275;49;282;23;22;26;0
37319;1799;259;23;22;26;0
37321;1823;259;23;22;26;0
37322;1847;259;23;22;26;0
37324;1871;259;23;22;26;0
37325;1895;259;23;22;26;0
37326;1919;259;23;22;26;0
37327;1943;259;23;22;26;0
37329;1967;259;23;22;26;0
37340;1991;259;23;22;26;0
37492;2015;259;23;22;26;0
38024;1;282;23;22;26;0
38025;25;282;23;22;26;0
38030;1439;259;23;22;26;0
38034;1751;259;23;22;26;0
38035;1415;259;23;22;26;0
38041;1031;259;23;22;26;0
38045;745;259;23;22;26;0
38046;769;259;23;22;26;0
38047;793;259;23;22;26;0
38048;817;259;23;22;26;0
38049;841;259;23;22;26;0
38050;865;259;23;22;26;0
38053;889;259;21;22;26;0
38054;911;259;23;22;26;0
38055;935;259;23;22;26;0
38056;959;259;23;22;26;0
38057;983;259;23;22;26;0
38062;1007;259;23;22;26;0
38065;1055;259;23;22;26;0
38067;1367;259;23;22;26;0
38069;1079;259;23;22;26;0
38075;1103;259;23;22;26;0
38078;1127;259;23;22;26;0
38080;1151;259;23;22;26;0
38081;1175;259;23;22;26;0
38082;1199;259;23;22;26;0
38083;1223;259;23;22;26;0
38085;1247;259;23;22;26;0
38086;1271;259;23;22;26;0
38108;1295;259;23;22;26;0
38109;1319;259;23;22;26;0
38113;1343;259;23;22;26;0
38115;1391;259;23;22;26;0
38124;97;282;23;22;26;0
38125;793;282;23;22;26;0
38128;121;282;23;22;26;0
38129;865;282;23;22;26;0
38130;889;282;23;22;26;0
38134;913;282;23;22;26;0
38136;937;282;23;22;26;0
38138;961;282;23;22;26;0
38142;985;282;23;22;26;0
38144;1009;282;23;22;26;0
38145;1033;282;23;22;26;0
38148;1057;282;23;22;26;0
38149;1081;282;23;22;26;0
38152;1105;282;23;22;26;0
38155;1129;282;23;22;26;0
38156;1177;282;23;22;26;0
38160;1489;282;23;22;26;0
38161;1201;282;23;22;26;0
38167;1225;282;23;22;26;0
38169;1249;282;23;22;26;0
38170;1273;282;23;22;26;0
38177;1297;282;23;22;26;0
38179;1321;282;23;22;26;0
38180;1345;282;23;22;26;0
38181;1369;282;23;22;26;0
38182;1393;282;23;22;26;0
38184;1417;282;23;22;26;0
38189;1441;282;23;22;26;0
38190;1465;282;23;22;26;0
38191;841;282;23;22;26;0
38192;1153;282;23;22;26;0
38201;817;282;23;22;26;0
38203;433;282;23;22;26;0
38208;145;282;23;22;26;0
38209;169;282;23;22;26;0
38215;193;282;23;22;26;0
38218;217;282;23;22;26;0
38221;241;282;23;22;26;0
38224;265;282;23;22;26;0
38225;289;282;23;22;26;0
38236;313;282;23;22;26;0
38243;337;282;23;22;26;0
38253;361;282;23;22;26;0
38256;385;282;23;22;26;0
38262;409;282;23;22;26;0
38271;457;282;23;22;26;0
38376;769;282;23;22;26;0
38378;481;282;23;22;26;0
38381;505;282;23;22;26;0
38382;529;282;23;22;26;0
38383;553;282;23;22;26;0
38384;577;282;23;22;26;0
38386;601;282;23;22;26;0
38388;625;282;23;22;26;0
38391;649;282;23;22;26;0
38392;673;282;23;22;26;0
38393;697;282;23;22;26;0
38394;721;282;23;22;26;0
38395;745;282;23;22;26;0
38397;1513;282;23;22;26;0
38400;337;328;23;22;26;0
38401;1153;351;23;22;26;0
38402;361;328;23;22;26;0
38405;1945;351;23;22;26;0
38409;1969;351;23;22;26;0
38414;1993;351;23;22;26;0
38416;2017;351;23;22;26;0
38417;1;374;23;22;26;0
38420;25;374;23;22;26;0
38428;49;374;23;22;26;0
38431;73;374;23;22;26;0
38446;97;374;23;22;26;0
38450;121;374;23;22;26;0
38451;145;374;23;22;26;0
38452;169;374;23;22;26;0
38453;217;374;23;22;26;0
38454;529;374;23;22;26;0
38459;241;374;23;22;26;0
38463;265;374;23;22;26;0
38464;289;374;23;22;26;0
38468;313;374;23;22;26;0
38469;337;374;23;22;26;0
38470;361;374;23;22;26;0
38471;385;374;23;22;26;0
38472;409;374;23;22;26;0
38475;433;374;23;22;26;0
38476;457;374;23;22;26;0
38477;481;374;23;22;26;0
38480;505;374;23;22;26;0
38485;1921;351;23;22;26;0
38491;193;374;23;22;26;0
38497;1897;351;23;22;26;0
38498;1513;351;23;22;26;0
38500;1225;351;23;22;26;0
38504;1249;351;23;22;26;0
38505;1273;351;23;22;26;0
38506;1297;351;23;22;26;0
38517;1321;351;23;22;26;0
38518;1345;351;23;22;26;0
38519;1369;351;23;22;26;0
38533;1393;351;23;22;26;0
38534;1417;351;23;22;26;0
38539;1441;351;23;22;26;0
38543;1465;351;23;22;26;0
38544;1489;351;23;22;26;0
38548;1537;351;23;22;26;0
38552;1849;351;23;22;26;0
38553;1561;351;23;22;26;0
38556;1585;351;23;22;26;0
38567;1609;351;23;22;26;0
38582;1633;351;23;22;26;0
38590;1657;351;23;22;26;0
38592;1681;351;23;22;26;0
38593;1705;351;23;22;26;0
38596;1729;351;23;22;26;0
38597;1753;351;23;22;26;0
38598;1777;351;23;22;26;0
38599;1801;351;23;22;26;0
38604;1825;351;23;22;26;0
38605;1873;351;23;22;26;0
38607;577;374;23;22;26;0
38613;1273;374;23;22;26;0
38632;601;374;23;22;26;0
38634;1345;374;23;22;26;0
38646;1369;374;23;22;26;0
38647;1393;374;23;22;26;0
38649;1417;374;23;22;26;0
38654;1441;374;23;22;26;0
38656;1465;374;23;22;26;0
38660;1489;374;23;22;26;0
38663;1513;374;23;22;26;0
38665;1537;374;23;22;26;0
38669;1561;374;23;22;26;0
38675;1585;374;23;22;26;0
38678;1609;374;23;22;26;0
38684;1657;374;23;22;26;0
38686;1969;374;23;22;26;0
38706;1681;374;23;22;26;0
38712;1705;374;23;22;26;0
38713;1729;374;23;22;26;0
38738;1753;374;23;22;26;0
38742;1777;374;23;22;26;0
38745;1801;374;23;22;26;0
38747;1825;374;23;22;26;0
38750;1849;374;23;22;26;0
38752;1873;374;23;22;26;0
38753;1897;374;23;22;26;0
38754;1921;374;23;22;26;0
38761;1945;374;23;22;26;0
38771;1321;374;23;22;26;0
38772;1633;374;23;22;26;0
38774;1297;374;23;22;26;0
38795;913;374;23;22;26;0
38797;625;374;23;22;26;0
38808;649;374;23;22;26;0
38816;673;374;23;22;26;0
38829;697;374;23;22;26;0
38886;721;374;23;22;26;0
38887;745;374;23;22;26;0
38889;769;374;23;22;26;0
38893;793;374;23;22;26;0
38899;817;374;23;22;26;0
38901;841;374;23;22;26;0
38902;865;374;23;22;26;0
39029;889;374;23;22;26;0
39030;937;374;23;22;26;0
39031;1249;374;23;22;26;0
39033;961;374;23;22;26;0
39034;985;374;23;22;26;0
39035;1009;374;23;22;26;0
39037;1033;374;23;22;26;0
39038;1057;374;23;22;26;0
39039;1081;374;23;22;26;0
39041;1105;374;23;22;26;0
39042;1129;374;23;22;26;0
39044;1153;374;23;22;26;0
39045;1177;374;23;22;26;0
39046;1201;374;23;22;26;0
39047;1225;374;23;22;26;0
39048;1201;351;23;22;26;0
39050;553;374;23;22;26;0
39056;1177;351;23;22;26;0
39057;1755;328;23;22;26;0
39059;1107;328;23;22;26;0
39062;1131;328;23;22;26;0
39063;1155;328;23;22;26;0
39064;1179;328;23;22;26;0
39068;1203;328;23;22;26;0
39069;1227;328;23;22;26;0
39072;1251;328;23;22;26;0
39076;1275;328;23;22;26;0
39079;1299;328;23;22;26;0
39118;1323;328;23;22;26;0
39128;1347;328;23;22;26;0
39134;1371;328;23;22;26;0
39135;1419;328;23;22;26;0
39184;1731;328;23;22;26;0
39269;1443;328;23;22;26;0
39277;1467;328;23;22;26;0
39278;1491;328;23;22;26;0
39279;1515;328;23;22;26;0
39280;1539;328;23;22;26;0
39281;1563;328;23;22;26;0
39282;1587;328;23;22;26;0
39285;1611;328;23;22;26;0
39286;1635;328;23;22;26;0
39290;1659;328;23;22;26;0
39292;1683;328;23;22;26;0
39295;1707;328;23;22;26;0
39297;1083;328;23;22;26;0
39301;1395;328;23;22;26;0
39302;1059;328;23;22;26;0
39304;673;328;23;22;26;0
39307;385;328;23;22;26;0
39311;409;328;23;22;26;0
39314;433;328;23;22;26;0
39318;457;328;23;22;26;0
39321;481;328;23;22;26;0
39532;505;328;23;22;26;0
39533;529;328;23;22;26;0
39534;553;328;23;22;26;0
39535;577;328;23;22;26;0
39536;601;328;23;22;26;0
39537;625;328;23;22;26;0
39539;649;328;23;22;26;0
39540;697;328;23;22;26;0
39542;1011;328;23;22;26;0
39545;721;328;23;22;26;0
39547;745;328;25;22;26;0
39548;771;328;23;22;26;0
39550;795;328;23;22;26;0
39554;819;328;23;22;26;0
39556;843;328;23;22;26;0
39558;867;328;23;22;26;0
39559;891;328;23;22;26;0
39563;915;328;23;22;26;0
39564;939;328;23;22;26;0
39567;963;328;23;22;26;0
39569;987;328;23;22;26;0
39575;1035;328;23;22;26;0
39578;1779;328;23;22;26;0
39585;433;351;23;22;26;0
39588;1803;328;23;22;26;0
39592;505;351;23;22;26;0
39608;529;351;23;22;26;0
39635;553;351;23;22;26;0
39640;577;351;23;22;26;0
39683;601;351;23;22;26;0
39740;625;351;23;22;26;0
39745;649;351;23;22;26;0
39746;673;351;23;22;26;0
39748;697;351;23;22;26;0
39759;721;351;23;22;26;0
39764;745;351;23;22;26;0
40060;769;351;23;22;26;0
40065;817;351;23;22;26;0
40077;1129;351;23;22;26;0
40092;841;351;23;22;26;0
40100;865;351;23;22;26;0
40120;889;351;23;22;26;0
40131;913;351;23;22;26;0
40150;937;351;23;22;26;0
40158;961;351;23;22;26;0
40479;985;351;23;22;26;0
40481;1009;351;23;22;26;0
40483;1033;351;23;22;26;0
40485;1057;351;23;22;26;0
40486;1081;351;23;22;26;0
40493;1105;351;23;22;26;0
40495;481;351;23;22;26;0
40499;793;351;23;22;26;0
40501;457;351;23;22;26;0
40509;73;351;23;22;26;0
40511;1827;328;23;22;26;0
40515;1851;328;23;22;26;0
40517;1875;328;23;22;26;0
40522;1899;328;23;22;26;0
40527;1923;328;23;22;26;0
40548;1947;328;23;22;26;0
40560;1971;328;23;22;26;0
40575;1995;328;23;22;26;0
40595;2019;328;23;22;26;0
40614;1;351;23;22;26;0
40635;25;351;23;22;26;0
40644;49;351;23;22;26;0
40653;97;351;23;22;26;0
40654;409;351;23;22;26;0
40657;121;351;23;22;26;0
40660;145;351;23;22;26;0
40664;169;351;23;22;26;0
40718;193;351;23;22;26;0
40723;217;351;23;22;26;0
40736;241;351;23;22;26;0
40763;265;351;23;22;26;0
40784;289;351;23;22;26;0
40831;313;351;23;22;26;0
40836;337;351;23;22;26;0
40843;361;351;23;22;26;0
40857;385;351;23;22;26;0
40858;193;857;23;22;26;0
40863;1823;995;21;22;26;2
