"方正像素12";0;False;False;0;0;1;1
32;2;2;3;16;3;0
33;17;365;4;13;6;0
34;907;530;5;8;6;0
35;23;365;7;13;8;0
36;71;2;6;15;7;0
37;32;365;7;13;8;0
38;41;365;7;13;8;0
39;914;530;2;8;3;0
40;50;365;4;13;5;0
41;56;365;4;13;5;0
42;857;530;8;11;9;0
43;849;530;6;11;7;0
44;59;2;2;15;3;0
45;893;530;4;9;5;0
46;62;365;2;13;3;0
47;79;2;6;14;7;0
48;66;365;6;13;7;0
49;81;365;6;13;7;0
50;149;365;6;13;7;0
51;89;365;6;13;7;0
52;97;365;6;13;7;0
53;105;365;6;13;7;0
54;113;365;6;13;7;0
55;121;365;6;13;7;0
56;129;365;6;13;7;0
57;137;365;6;13;7;0
58;145;365;2;13;3;0
59;55;2;2;15;3;0
60;10;365;5;13;6;0
61;876;530;6;10;7;0
62;74;365;5;13;6;0
63;2;365;6;13;7;0
64;924;350;6;13;7;0
65;860;350;6;13;7;0
66;868;350;6;13;7;0
67;876;350;6;13;7;0
68;884;350;6;13;7;0
69;892;350;6;13;7;0
70;900;350;6;13;7;0
71;908;350;6;13;7;0
72;916;350;6;13;7;0
73;932;350;6;13;7;0
74;1005;350;6;13;7;0
75;940;350;6;13;7;0
76;948;350;6;13;7;0
77;956;350;7;13;8;0
78;965;350;6;13;7;0
79;973;350;6;13;7;0
80;981;350;6;13;7;0
81;63;2;6;15;7;0
82;989;350;6;13;7;0
83;997;350;6;13;7;0
84;1013;350;6;13;7;0
85;157;365;6;13;7;0
86;165;365;6;13;7;0
87;173;365;7;13;8;0
88;343;365;6;13;7;0
89;351;365;6;13;7;0
90;359;365;6;13;7;0
91;367;365;4;13;5;0
92;373;365;4;13;5;0
93;379;365;4;13;5;0
94;899;530;6;8;7;0
95;47;2;6;15;7;0
96;918;530;3;6;4;0
97;385;365;6;13;7;0
98;393;365;6;13;7;0
99;401;365;6;13;7;0
100;409;365;6;13;7;0
101;417;365;6;13;7;0
102;425;365;6;13;7;0
103;39;2;6;16;7;0
104;433;365;6;13;7;0
105;441;365;6;13;7;0
106;31;2;6;16;7;0
107;449;365;6;13;7;0
108;457;365;6;13;7;0
109;465;365;7;13;8;0
110;474;365;6;13;7;0
111;482;365;6;13;7;0
112;23;2;6;16;7;0
113;15;2;6;16;7;0
114;335;365;6;13;7;0
115;327;365;6;13;7;0
116;319;365;6;13;7;0
117;237;365;6;13;7;0
118;182;365;6;13;7;0
119;190;365;7;13;8;0
120;199;365;6;13;7;0
121;7;2;6;16;7;0
122;207;365;6;13;7;0
123;215;365;5;13;6;0
124;222;365;2;13;3;0
125;226;365;5;13;6;0
126;867;530;7;10;8;0
127;884;530;7;10;8;0
183;233;365;2;13;12;5
215;245;365;7;13;12;2
233;312;365;5;13;12;3
8212;254;365;9;13;12;1
8216;265;365;2;13;12;7
8217;269;365;2;13;12;2
8220;273;365;5;13;12;4
8221;280;365;5;13;12;2
8251;287;365;9;13;12;1
9633;288;560;11;13;12;0
9647;298;365;7;13;12;3
9650;156;545;3;16;3;0
9660;161;545;4;13;6;0
9679;167;545;2;13;3;0
9733;143;545;8;11;9;0
12289;307;365;3;13;12;3
12290;854;350;4;13;12;2
12298;490;365;6;13;12;3
12299;846;350;6;13;12;2
12300;828;350;3;13;12;7
12301;60;350;3;13;12;2
12302;65;350;5;13;12;5
12303;72;350;5;13;12;2
12398;28;545;9;13;12;0
12465;79;350;8;13;12;1
12561;89;350;4;13;12;2
12583;95;350;1;13;12;5
13331;856;560;11;13;12;0
14769;584;560;11;13;12;0
14796;831;560;11;13;12;0
17403;636;560;11;13;12;0
17601;571;560;11;13;12;0
19968;98;350;11;13;12;0
19969;111;350;11;13;12;0
19971;137;350;11;13;12;0
19975;254;350;11;13;12;0
19976;150;350;11;13;12;0
19977;163;350;11;13;12;0
19978;176;350;11;13;12;0
19979;189;350;11;13;12;0
19981;202;350;11;13;12;0
19982;215;350;11;13;12;0
19985;228;350;11;13;12;0
19987;241;350;11;13;12;0
19988;47;350;11;13;12;0
19990;124;350;11;13;12;0
19992;34;350;11;13;12;0
19994;912;335;11;13;12;0
19995;808;335;11;13;12;0
19996;821;335;11;13;12;0
19997;834;335;11;13;12;0
20002;847;335;11;13;12;0
20004;860;335;11;13;12;0
20005;873;335;11;13;12;0
20007;886;335;11;13;12;0
20008;145;577;11;13;12;0
20010;899;335;11;13;12;0
20011;925;335;11;13;12;0
20012;15;350;4;13;12;0
20013;938;335;9;13;12;1
20016;949;335;11;13;12;0
20018;962;335;11;13;12;0
20020;975;335;11;13;12;0
20022;988;335;4;13;12;3
20024;994;335;11;13;12;0
20025;28;577;11;13;12;0
20026;1007;335;11;13;12;0
20027;2;350;11;13;12;0
20029;21;350;11;13;12;0
20030;267;350;11;13;12;0
20031;280;350;4;13;12;2
20032;172;577;11;13;12;0
20037;286;350;11;13;12;0
20040;585;350;11;13;12;0
20041;598;350;11;13;12;0
20043;611;350;10;13;12;1
20044;623;350;11;13;12;0
20046;636;350;11;13;12;0
20047;649;350;11;13;12;0
20048;662;350;11;13;12;0
20056;675;350;11;13;12;0
20060;171;560;11;13;12;0
20061;688;350;11;13;12;0
20063;701;350;11;13;12;0
20064;714;350;10;13;12;0
20065;726;350;11;13;12;0
20070;739;350;11;13;12;0
20080;752;350;11;13;12;0
20081;765;350;11;13;12;0
20101;158;577;11;13;12;0
20102;778;350;9;13;12;1
20104;789;350;11;13;12;0
20105;802;350;11;13;12;0
20107;815;350;11;13;12;0
20108;572;350;11;13;12;0
20110;559;350;11;13;12;0
20111;546;350;11;13;12;0
20113;403;350;11;13;12;0
20114;299;350;11;13;12;0
20116;312;350;11;13;12;0
20117;325;350;11;13;12;0
20123;338;350;11;13;12;0
20129;351;350;11;13;12;0
20132;364;350;11;13;12;0
20134;377;350;11;13;12;0
20135;390;350;11;13;12;0
20136;416;350;11;13;12;0
20139;533;350;11;13;12;0
20141;429;350;11;13;12;0
20142;442;350;11;13;12;0
20146;455;350;11;13;12;0
20154;468;350;11;13;12;0
20155;545;560;11;13;12;0
20159;481;350;11;13;12;0
20160;494;350;11;13;12;0
20161;507;350;11;13;12;0
20164;520;350;11;13;12;0
20165;833;350;11;13;12;0
20167;511;365;11;13;12;0
20170;638;380;11;13;12;0
20171;524;365;11;13;12;0
20173;963;380;11;13;12;0
20174;976;380;11;13;12;0
20179;989;380;11;13;12;0
20180;1002;380;11;13;12;0
20182;2;395;11;13;12;0
20184;15;395;11;13;12;0
20185;28;395;11;13;12;0
20195;41;395;11;13;12;0
20196;67;395;11;13;12;0
20197;184;395;10;13;12;1
20202;80;395;11;13;12;0
20204;93;395;11;13;12;0
20210;158;560;11;13;12;0
20214;106;395;11;13;12;0
20215;119;395;11;13;12;0
20219;132;395;11;13;12;0
20221;145;395;11;13;12;0
20223;158;395;11;13;12;0
20234;211;577;11;13;12;0
20237;171;395;11;13;12;0
20239;950;380;11;13;12;0
20240;54;395;11;13;12;0
20241;937;380;11;13;12;0
20247;781;380;11;13;12;0
20248;677;380;11;13;12;0
20249;690;380;11;13;12;0
20250;703;380;11;13;12;0
20255;716;380;11;13;12;0
20256;729;380;11;13;12;0
20260;742;380;11;13;12;0
20262;755;380;11;13;12;0
20266;768;380;11;13;12;0
20271;971;560;11;13;12;0
20272;794;380;11;13;12;0
20273;649;560;11;13;12;0
20276;911;380;11;13;12;0
20280;807;380;11;13;12;0
20284;820;380;11;13;12;0
20294;833;380;11;13;12;0
20301;846;380;11;13;12;0
20302;859;380;11;13;12;0
20303;872;380;11;13;12;0
20304;145;560;11;13;12;0
20307;885;380;11;13;12;0
20309;898;380;11;13;12;0
20311;610;560;11;13;12;0
20313;924;380;11;13;12;0
20315;196;395;11;13;12;0
20316;209;395;11;13;12;0
20320;222;395;11;13;12;0
20322;132;560;11;13;12;0
20323;521;395;11;13;12;0
20329;534;395;11;13;12;0
20339;547;395;11;13;12;0
20351;560;395;11;13;12;0
20360;573;395;11;13;12;0
20363;586;395;11;13;12;0
20379;599;395;11;13;12;0
20381;612;395;11;13;12;0
20384;625;395;11;13;12;0
20387;638;395;11;13;12;0
20390;454;560;11;13;12;0
20391;651;395;11;13;12;0
20398;664;395;11;13;12;0
20399;677;395;11;13;12;0
20405;690;395;11;13;12;0
20415;703;395;11;13;12;0
20419;716;395;11;13;12;0
20426;729;395;11;13;12;0
20439;742;395;11;13;12;0
20442;755;395;11;13;12;0
20445;508;395;11;13;12;0
20449;495;395;11;13;12;0
20457;482;395;11;13;12;0
20462;339;395;11;13;12;0
20463;235;395;11;13;12;0
20465;248;395;11;13;12;0
20493;261;395;11;13;12;0
20498;274;395;11;13;12;0
20505;287;395;11;13;12;0
20511;300;395;11;13;12;0
20513;313;395;11;13;12;0
20518;326;395;11;13;12;0
20538;352;395;11;13;12;0
20540;469;395;11;13;12;0
20542;365;395;11;13;12;0
20551;378;395;11;13;12;0
20552;236;560;11;13;12;0
20559;391;395;11;13;12;0
20570;404;395;11;13;12;0
20572;417;395;11;13;12;0
20581;430;395;11;13;12;0
20598;443;395;11;13;12;0
20599;456;395;11;13;12;0
20607;664;380;11;13;12;0
20648;768;395;11;13;12;0
20652;651;380;11;13;12;0
20658;625;380;11;13;12;0
20667;820;365;11;13;12;0
20687;833;365;11;13;12;0
20698;846;365;11;13;12;0
20725;859;365;11;13;12;0
20799;872;365;11;13;12;0
20800;885;365;11;13;12;0
20801;898;365;11;13;12;0
20803;911;365;11;13;12;0
20804;937;365;11;13;12;0
20805;41;380;11;13;12;0
20808;950;365;11;13;12;0
20809;963;365;11;13;12;0
20811;976;365;11;13;12;0
20813;989;365;11;13;12;0
20817;1002;365;11;13;12;0
20820;2;380;11;13;12;0
20828;15;380;11;13;12;0
20837;28;380;11;13;12;0
20840;807;365;11;13;12;0
20843;924;365;11;13;12;0
20844;794;365;11;13;12;0
20845;641;365;11;13;12;0
20846;537;365;11;13;12;0
20848;2;577;12;13;12;0
20849;550;365;11;13;12;0
20851;563;365;11;13;12;0
20852;576;365;11;13;12;0
20853;589;365;11;13;12;0
20854;602;365;11;13;12;0
20855;615;365;11;13;12;0
20856;628;365;11;13;12;0
20857;654;365;11;13;12;0
20859;768;365;11;13;12;0
20860;667;365;11;13;12;0
20861;680;365;11;13;12;0
20869;693;365;9;13;12;1
20871;41;560;11;13;12;0
20876;704;365;11;13;12;0
20877;717;365;11;13;12;0
20882;730;365;10;13;12;1
20889;742;365;11;13;12;0
20891;755;365;11;13;12;0
20892;781;365;11;13;12;0
20896;54;380;11;13;12;0
20900;67;380;11;13;12;0
20912;80;380;11;13;12;0
20914;378;380;11;13;12;0
20915;391;380;11;13;12;0
20917;404;380;11;13;12;0
20918;417;380;11;13;12;0
20919;430;380;11;13;12;0
20923;443;380;11;13;12;0
20924;456;380;11;13;12;0
20928;469;380;11;13;12;0
20932;482;380;11;13;12;0
20934;495;380;11;13;12;0
20937;508;380;11;13;12;0
20940;521;380;11;13;12;0
20943;534;380;11;13;12;0
20945;547;380;11;13;12;0
20957;560;380;11;13;12;0
20960;573;380;11;13;12;0
20961;586;380;11;13;12;0
20973;599;380;11;13;12;0
20979;612;380;11;13;12;0
20982;365;380;11;13;12;0
20985;352;380;11;13;12;0
20986;339;380;11;13;12;0
20987;196;380;11;13;12;0
20992;93;380;11;13;12;0
20993;106;380;10;13;12;0
20995;118;380;11;13;12;0
20998;131;380;11;13;12;0
20999;144;380;11;13;12;0
21002;157;380;11;13;12;0
21009;170;380;11;13;12;0
21010;183;380;11;13;12;0
21015;209;380;11;13;12;0
21017;326;380;11;13;12;0
21018;222;380;11;13;12;0
21019;235;380;11;13;12;0
21021;248;380;11;13;12;0
21024;261;380;11;13;12;0
21028;274;380;11;13;12;0
21032;287;380;11;13;12;0
21033;300;380;11;13;12;0
21035;313;380;11;13;12;0
21038;795;335;11;13;12;0
21040;782;335;11;13;12;0
21046;769;335;11;13;12;0
21047;626;320;11;13;12;0
21048;690;290;11;13;12;0
21049;703;290;11;13;12;0
21050;716;290;11;13;12;0
21051;729;290;11;13;12;0
21057;742;290;11;13;12;0
21058;755;290;11;13;12;0
21069;768;290;11;13;12;0
21073;781;290;11;13;12;0
21076;807;290;11;13;12;0
21093;923;290;11;13;12;0
21095;820;290;11;13;12;0
21097;833;290;11;13;12;0
21098;846;290;11;13;12;0
21103;859;290;11;13;12;0
21106;872;290;11;13;12;0
21147;885;290;10;13;12;0
21149;897;290;11;13;12;0
21150;910;290;11;13;12;0
21151;677;290;11;13;12;0
21152;794;290;11;13;12;0
21153;664;290;11;13;12;0
21155;509;290;11;13;12;0
21160;405;290;11;13;12;0
21161;418;290;11;13;12;0
21162;431;290;11;13;12;0
21163;444;290;11;13;12;0
21169;457;290;11;13;12;0
21170;470;290;11;13;12;0
21171;483;290;11;13;12;0
21183;496;290;11;13;12;0
21191;522;290;10;13;12;0
21193;638;290;11;13;12;0
21202;534;290;11;13;12;0
21208;547;290;11;13;12;0
21220;560;290;11;13;12;0
21242;573;290;11;13;12;0
21246;586;290;11;13;12;0
21247;599;290;11;13;12;0
21253;612;290;11;13;12;0
21270;625;290;11;13;12;0
21271;651;290;11;13;12;0
21280;936;290;10;13;12;1
21290;948;290;10;13;12;1
21305;960;290;10;13;12;1
21306;234;305;10;13;12;1
21307;246;305;10;13;12;1
21311;258;305;10;13;12;1
21313;270;305;11;13;12;0
21315;283;305;11;13;12;0
21319;296;305;11;13;12;0
21320;309;305;11;13;12;0
21321;322;305;11;13;12;0
21322;335;305;11;13;12;0
21326;348;305;11;13;12;0
21327;361;305;11;13;12;0
21329;374;305;11;13;12;0
21330;387;305;11;13;12;0
21331;400;305;11;13;12;0
21333;413;305;11;13;12;0
21334;426;305;11;13;12;0
21335;439;305;11;13;12;0
21338;452;305;11;13;12;0
21340;465;305;7;13;12;3
21343;221;305;11;13;12;0
21344;209;305;10;13;12;1
21345;196;305;11;13;12;0
21346;416;560;11;13;12;0
21350;53;305;11;13;12;0
21351;972;290;11;13;12;0
21355;985;290;11;13;12;0
21360;998;290;11;13;12;0
21361;1011;290;11;13;12;0
21363;2;305;10;13;12;1
21364;14;305;11;13;12;0
21367;27;305;11;13;12;0
21378;40;305;11;13;12;0
21380;66;305;11;13;12;0
21381;183;305;11;13;12;0
21382;79;305;11;13;12;0
21385;92;305;11;13;12;0
21387;105;305;11;13;12;0
21388;118;305;11;13;12;0
21400;131;305;11;13;12;0
21402;144;305;11;13;12;0
21407;157;305;11;13;12;0
21409;882;560;11;13;12;0
21410;170;305;11;13;12;0
21416;392;290;11;13;12;0
21417;379;290;11;13;12;0
21422;366;290;11;13;12;0
21434;778;560;11;13;12;0
21435;814;275;11;13;12;0
21441;726;560;11;13;12;0
21442;570;275;11;13;12;0
21448;583;275;11;13;12;0
21449;596;275;11;13;12;0
21450;609;275;11;13;12;0
21451;622;275;11;13;12;0
21452;635;275;11;13;12;0
21453;648;275;11;13;12;0
21457;661;275;11;13;12;0
21460;687;275;11;13;12;0
21462;801;275;11;13;12;0
21463;700;275;11;13;12;0
21464;713;275;11;13;12;0
21467;726;275;11;13;12;0
21472;739;275;11;13;12;0
21475;752;275;9;13;12;1
21476;763;275;11;13;12;0
21477;776;275;11;13;12;0
21478;789;275;10;13;12;1
21480;557;275;11;13;12;0
21482;674;275;11;13;12;0
21483;545;275;10;13;12;0
21484;391;275;10;13;12;0
21486;288;275;11;13;12;0
21487;301;275;11;13;12;0
21488;314;275;11;13;12;0
21490;327;275;11;13;12;0
21491;340;275;11;13;12;0
21494;353;275;11;13;12;0
21495;366;275;11;13;12;0
21496;379;275;10;13;12;0
21497;403;275;11;13;12;0
21500;519;275;11;13;12;0
21501;416;275;11;13;12;0
21505;429;275;11;13;12;0
21507;442;275;11;13;12;0
21508;455;275;11;13;12;0
21512;468;275;11;13;12;0
21513;481;275;11;13;12;0
21514;494;275;11;13;12;0
21516;507;275;10;13;12;1
21517;532;275;11;13;12;0
21518;827;275;11;13;12;0
21520;80;290;11;13;12;0
21521;840;275;11;13;12;0
21523;119;290;11;13;12;0
21527;132;290;11;13;12;0
21531;145;290;11;13;12;0
21533;158;290;11;13;12;0
21534;171;290;11;13;12;0
21542;184;290;11;13;12;0
21543;197;290;11;13;12;0
21545;210;290;11;13;12;0
21547;236;290;11;13;12;0
21548;353;290;11;13;12;0
21551;249;290;11;13;12;0
21553;262;290;11;13;12;0
21557;275;290;11;13;12;0
21560;288;290;11;13;12;0
21561;301;290;11;13;12;0
21563;314;290;11;13;12;0
21564;327;290;11;13;12;0
21566;340;290;11;13;12;0
21568;106;290;11;13;12;0
21571;223;290;11;13;12;0
21574;93;290;11;13;12;0
21576;957;275;11;13;12;0
21578;853;275;11;13;12;0
21584;866;275;11;13;12;0
21591;879;275;11;13;12;0
21592;892;275;11;13;12;0
21595;905;275;11;13;12;0
21596;918;275;11;13;12;0
21602;931;275;11;13;12;0
21606;944;275;11;13;12;0
21608;970;275;11;13;12;0
21617;67;290;11;13;12;0
21618;983;275;11;13;12;0
21619;996;275;11;13;12;0
21621;1009;275;11;13;12;0
21623;2;290;11;13;12;0
21624;932;560;11;13;12;0
21628;15;290;11;13;12;0
21629;28;290;11;13;12;0
21636;41;290;11;13;12;0
21643;54;290;11;13;12;0
21644;474;305;11;13;12;0
21646;487;305;11;13;12;0
21648;500;305;11;13;12;0
21650;513;305;11;13;12;0
21652;951;320;11;13;12;0
21653;964;320;11;13;12;0
21654;977;320;11;13;12;0
21657;990;320;11;13;12;0
21670;1003;320;11;13;12;0
21671;2;335;11;13;12;0
21672;15;335;11;13;12;0
21674;28;335;11;13;12;0
21675;54;335;11;13;12;0
21676;171;335;11;13;12;0
21679;67;335;11;13;12;0
21681;80;335;11;13;12;0
21683;93;335;11;13;12;0
21691;106;335;11;13;12;0
21693;119;335;11;13;12;0
21695;132;335;11;13;12;0
21696;145;335;11;13;12;0
21697;158;335;11;13;12;0
21700;938;320;11;13;12;0
21702;41;335;11;13;12;0
21703;925;320;11;13;12;0
21704;769;320;11;13;12;0
21705;665;320;11;13;12;0
21709;678;320;11;13;12;0
21710;691;320;11;13;12;0
21714;704;320;11;13;12;0
21716;717;320;11;13;12;0
21717;730;320;11;13;12;0
21719;743;320;11;13;12;0
21727;756;320;11;13;12;0
21733;782;320;11;13;12;0
21734;899;320;11;13;12;0
21735;795;320;11;13;12;0
21736;808;320;11;13;12;0
21737;821;320;11;13;12;0
21738;834;320;11;13;12;0
21740;869;560;11;13;12;0
21741;847;320;11;13;12;0
21746;860;320;11;13;12;0
21756;873;320;11;13;12;0
21767;886;320;11;13;12;0
21769;912;320;11;13;12;0
21775;184;335;11;13;12;0
21780;197;335;11;13;12;0
21792;210;335;11;13;12;0
21796;509;335;11;13;12;0
21799;522;335;11;13;12;0
21804;535;335;11;13;12;0
21806;548;335;11;13;12;0
21807;561;335;11;13;12;0
21808;574;335;11;13;12;0
21809;587;335;11;13;12;0
21815;600;335;11;13;12;0
21827;613;335;11;13;12;0
21830;626;335;11;13;12;0
21834;639;335;11;13;12;0
21857;652;335;11;13;12;0
21860;665;335;11;13;12;0
21861;678;335;11;13;12;0
21862;691;335;11;13;12;0
21863;132;577;11;13;12;0
21866;704;335;11;13;12;0
21868;717;335;11;13;12;0
21890;730;335;11;13;12;0
21892;743;335;11;13;12;0
21897;496;335;11;13;12;0
21898;483;335;11;13;12;0
21903;470;335;11;13;12;0
21908;327;335;11;13;12;0
21912;223;335;11;13;12;0
21913;236;335;11;13;12;0
21916;249;335;11;13;12;0
21917;262;335;11;13;12;0
21939;275;335;11;13;12;0
21941;288;335;11;13;12;0
21943;301;335;11;13;12;0
21947;314;335;11;13;12;0
21949;340;335;11;13;12;0
21968;249;560;11;13;12;0
21969;457;335;11;13;12;0
21970;353;335;11;13;12;0
21971;366;335;11;13;12;0
21985;379;335;11;13;12;0
21990;392;335;11;13;12;0
21992;405;335;11;13;12;0
21996;418;335;11;13;12;0
21999;431;335;11;13;12;0
22000;119;560;11;13;12;0
22007;444;335;11;13;12;0
22016;652;320;11;13;12;0
22017;756;335;11;13;12;0
22021;210;560;11;13;12;0
22025;639;320;11;13;12;0
22030;613;320;11;13;12;0
22040;808;305;11;13;12;0
22043;821;305;11;13;12;0
22046;834;305;11;13;12;0
22047;847;305;11;13;12;0
22060;860;305;11;13;12;0
22061;873;305;11;13;12;0
22066;886;305;11;13;12;0
22068;899;305;11;13;12;0
22070;925;305;11;13;12;0
22079;28;320;11;13;12;0
22094;938;305;11;13;12;0
22095;197;560;11;13;12;0
22096;129;545;11;13;12;0
22100;951;305;11;13;12;0
22103;964;305;11;13;12;0
22108;977;305;11;13;12;0
22114;990;305;11;13;12;0
22120;1003;305;11;13;12;0
22122;2;320;11;13;12;0
22123;15;320;11;13;12;0
22124;795;305;11;13;12;0
22140;912;305;11;13;12;0
22158;782;305;11;13;12;0
22159;804;560;11;13;12;0
22163;627;305;11;13;12;0
22191;526;305;11;13;12;0
22204;539;305;11;13;12;0
22228;552;305;11;13;12;0
22234;565;305;10;13;12;1
22235;577;305;10;13;12;1
22238;589;305;10;13;12;1
22240;601;305;11;13;12;0
22242;614;305;11;13;12;0
22253;640;305;10;13;12;1
22256;756;305;11;13;12;0
22260;652;305;11;13;12;0
22266;665;305;11;13;12;0
22269;678;305;11;13;12;0
22270;691;305;11;13;12;0
22275;262;560;11;13;12;0
22278;704;305;11;13;12;0
22280;717;305;11;13;12;0
22303;730;305;11;13;12;0
22307;743;305;11;13;12;0
22312;769;305;11;13;12;0
22320;41;320;11;13;12;0
22330;54;320;11;13;12;0
22334;67;320;11;13;12;0
22343;366;320;11;13;12;0
22349;379;320;11;13;12;0
22350;392;320;11;13;12;0
22351;405;320;11;13;12;0
22352;418;320;11;13;12;0
22353;431;320;11;13;12;0
22359;444;320;11;13;12;0
22362;457;320;11;13;12;0
22363;470;320;11;13;12;0
22368;483;320;11;13;12;0
22369;496;320;11;13;12;0
22374;509;320;11;13;12;0
22402;522;320;11;13;12;0
22403;535;320;11;13;12;0
22411;548;320;11;13;12;0
22418;561;320;11;13;12;0
22432;574;320;11;13;12;0
22441;587;320;11;13;12;0
22443;600;320;11;13;12;0
22446;353;320;11;13;12;0
22467;340;320;11;13;12;0
22475;327;320;11;13;12;0
22478;184;320;11;13;12;0
22495;80;320;11;13;12;0
22496;93;320;11;13;12;0
22521;106;320;11;13;12;0
22522;119;320;11;13;12;0
22530;132;320;11;13;12;0
22534;145;320;11;13;12;0
22549;158;320;11;13;12;0
22561;171;320;11;13;12;0
22564;197;320;11;13;12;0
22570;314;320;11;13;12;0
22581;210;320;11;13;12;0
22604;223;320;11;13;12;0
22609;236;320;11;13;12;0
22612;249;320;11;13;12;0
22616;262;320;11;13;12;0
22622;794;395;11;13;12;0
22635;288;320;11;13;12;0
22659;301;320;11;13;12;0
22661;498;365;11;13;12;0
22675;781;395;11;13;12;0
22681;268;425;11;13;12;0
22686;807;395;11;13;12;0
22687;753;485;11;13;12;0
22696;766;485;11;13;12;0
22697;779;485;11;13;12;0
22721;792;485;11;13;12;0
22737;805;485;11;13;12;0
22756;818;485;11;13;12;0
22763;831;485;11;13;12;0
22766;844;485;11;13;12;0
22768;870;485;11;13;12;0
22771;987;485;11;13;12;0
22788;883;485;11;13;12;0
22791;896;485;11;13;12;0
22797;909;485;11;13;12;0
22806;922;485;11;13;12;0
22810;935;485;11;13;12;0
22812;948;485;11;13;12;0
22815;961;485;11;13;12;0
22823;974;485;11;13;12;0
22825;740;485;11;13;12;0
22826;857;485;11;13;12;0
22827;727;485;11;13;12;0
22833;571;485;11;13;12;0
22836;467;485;11;13;12;0
22840;480;485;11;13;12;0
22841;493;485;11;13;12;0
22842;506;485;11;13;12;0
22855;519;485;11;13;12;0
22856;15;577;11;13;12;0
22857;532;485;11;13;12;0
22859;545;485;11;13;12;0
22860;817;560;11;13;12;0
22863;558;485;11;13;12;0
22868;584;485;11;13;12;0
22870;701;485;11;13;12;0
22871;597;485;11;13;12;0
22882;610;485;11;13;12;0
22885;623;485;11;13;12;0
22899;636;485;11;13;12;0
22902;649;485;11;13;12;0
22904;2;560;11;13;12;0
22905;662;485;11;13;12;0
22909;675;485;11;13;12;0
22914;688;485;11;13;12;0
22916;714;485;11;13;12;0
22918;1000;485;11;13;12;0
22919;296;545;11;13;12;0
22920;2;500;11;13;12;0
22930;301;500;11;13;12;0
22937;314;500;11;13;12;0
22949;327;500;11;13;12;0
22952;340;500;11;13;12;0
22969;353;500;11;13;12;0
22971;366;500;11;13;12;0
22982;379;500;11;13;12;0
22987;392;500;11;13;12;0
22992;405;500;11;13;12;0
22993;418;500;11;13;12;0
22995;431;500;11;13;12;0
22996;444;500;11;13;12;0
23004;457;500;11;13;12;0
23013;237;577;11;13;12;0
23016;470;500;11;13;12;0
23035;483;500;11;13;12;0
23039;496;500;11;13;12;0
23041;509;500;11;13;12;0
23064;522;500;11;13;12;0
23068;1010;560;11;13;12;0
23089;535;500;11;13;12;0
23092;288;500;11;13;12;0
23113;275;500;11;13;12;0
23130;262;500;11;13;12;0
23156;119;500;11;13;12;0
23194;15;500;11;13;12;0
23241;28;500;11;13;12;0
23244;41;500;11;13;12;0
23376;54;500;11;13;12;0
23380;67;500;11;13;12;0
23381;80;500;11;13;12;0
23383;93;500;11;13;12;0
23384;106;500;11;13;12;0
23386;132;500;11;13;12;0
23394;249;500;11;13;12;0
23395;145;500;11;13;12;0
23396;158;500;11;13;12;0
23398;171;500;11;13;12;0
23401;184;500;11;13;12;0
23425;197;500;11;13;12;0
23427;210;500;11;13;12;0
23429;223;500;11;13;12;0
23431;236;500;11;13;12;0
23432;454;485;11;13;12;0
23433;548;500;11;13;12;0
23436;441;485;11;13;12;0
23439;415;485;11;13;12;0
23447;624;470;11;13;12;0
23448;637;470;11;13;12;0
23449;650;470;11;13;12;0
23450;663;470;11;13;12;0
23452;676;470;11;13;12;0
23453;689;470;11;13;12;0
23454;702;470;11;13;12;0
23456;715;470;11;13;12;0
23457;741;470;11;13;12;0
23458;858;470;11;13;12;0
23459;754;470;11;13;12;0
23460;767;470;11;13;12;0
23467;780;470;11;13;12;0
23472;793;470;11;13;12;0
23475;806;470;11;13;12;0
23478;819;470;11;13;12;0
23481;832;470;11;13;12;0
23485;845;470;11;13;12;0
23486;611;470;11;13;12;0
23487;728;470;11;13;12;0
23490;598;470;11;13;12;0
23492;442;470;11;13;12;0
23494;338;470;11;13;12;0
23500;351;470;11;13;12;0
23504;364;470;11;13;12;0
23506;377;470;11;13;12;0
23507;390;470;11;13;12;0
23519;403;470;11;13;12;0
23521;416;470;11;13;12;0
23525;429;470;11;13;12;0
23544;455;470;11;13;12;0
23545;572;470;11;13;12;0
23547;468;470;11;13;12;0
23548;481;470;11;13;12;0
23550;688;560;11;13;12;0
23551;494;470;11;13;12;0
23553;507;470;11;13;12;0
23556;520;470;11;13;12;0
23558;533;470;11;13;12;0
23562;546;470;11;13;12;0
23567;559;470;11;13;12;0
23569;585;470;11;13;12;0
23572;871;470;11;13;12;0
23574;884;470;11;13;12;0
23576;897;470;11;13;12;0
23578;170;485;9;13;12;1
23581;181;485;11;13;12;0
23588;194;485;11;13;12;0
23596;207;485;11;13;12;0
23601;220;485;11;13;12;0
23604;233;485;11;13;12;0
23608;246;485;11;13;12;0
23610;259;485;11;13;12;0
23612;41;577;11;13;12;0
23613;272;485;11;13;12;0
23614;285;485;11;13;12;0
23616;298;485;11;13;12;0
23617;311;485;11;13;12;0
23618;324;485;11;13;12;0
23621;337;485;11;13;12;0
23624;350;485;11;13;12;0
23625;363;485;11;13;12;0
23627;376;485;11;13;12;0
23631;389;485;11;13;12;0
23633;402;485;11;13;12;0
23637;157;485;11;13;12;0
23646;144;485;11;13;12;0
23648;131;485;11;13;12;0
23653;1008;470;11;13;12;0
23665;910;470;9;13;12;1
23673;921;470;11;13;12;0
23681;934;470;10;13;12;0
23682;946;470;10;13;12;1
23700;958;470;11;13;12;0
23703;971;470;9;13;12;1
23721;982;470;11;13;12;0
23736;995;470;11;13;12;0
23769;2;485;11;13;12;0
23792;118;485;11;13;12;0
23803;15;485;11;13;12;0
23815;28;485;11;13;12;0
23830;41;485;11;13;12;0
23849;54;485;10;13;12;0
23853;574;500;11;13;12;0
23884;79;485;11;13;12;0
24029;92;485;11;13;12;0
24033;105;485;11;13;12;0
24037;428;485;11;13;12;0
24038;561;500;11;13;12;0
24039;924;500;11;13;12;0
24040;587;500;10;13;12;1
24043;28;530;11;13;12;0
24046;41;530;11;13;12;0
24049;54;530;10;13;12;1
24050;66;530;10;13;12;1
24052;78;530;10;13;12;1
24055;90;530;11;13;12;0
24062;103;530;9;13;12;1
24065;114;530;11;13;12;0
24066;127;530;11;13;12;0
24067;140;530;11;13;12;0
24070;153;530;11;13;12;0
24072;166;530;11;13;12;0
24076;179;530;11;13;12;0
24085;192;530;11;13;12;0
24088;205;530;11;13;12;0
24090;218;530;11;13;12;0
24093;231;530;11;13;12;0
24102;244;530;11;13;12;0
24109;257;530;11;13;12;0
24110;15;530;11;13;12;0
24120;270;530;11;13;12;0
24125;2;530;11;13;12;0
24133;989;515;11;13;12;0
24149;743;515;11;13;12;0
24178;756;515;11;13;12;0
24179;769;515;11;13;12;0
24180;782;515;11;13;12;0
24181;675;560;11;13;12;0
24182;795;515;11;13;12;0
24184;808;515;11;13;12;0
24186;821;515;10;13;12;1
24187;833;515;11;13;12;0
24188;846;515;11;13;12;0
24189;859;515;11;13;12;0
24191;872;515;11;13;12;0
24196;885;515;11;13;12;0
24198;898;515;11;13;12;0
24199;911;515;11;13;12;0
24202;924;515;11;13;12;0
24207;937;515;11;13;12;0
24211;950;515;11;13;12;0
24212;963;515;11;13;12;0
24213;296;530;11;13;12;0
24215;1002;515;11;13;12;0
24220;283;530;11;13;12;0
24222;335;530;11;13;12;0
24223;309;530;11;13;12;0
24230;617;530;11;13;12;0
24231;630;530;11;13;12;0
24237;643;530;11;13;12;0
24247;656;530;11;13;12;0
24248;669;530;11;13;12;0
24266;734;530;11;13;12;0
24310;695;530;11;13;12;0
24314;708;530;11;13;12;0
24320;721;530;11;13;12;0
24322;747;530;11;13;12;0
24323;760;530;11;13;12;0
24324;773;530;11;13;12;0
24330;786;530;11;13;12;0
24331;558;560;11;13;12;0
24335;836;530;11;13;12;0
24341;825;530;9;13;12;1
24343;713;560;11;13;12;0
24351;812;530;11;13;12;0
24352;799;530;11;13;12;0
24357;604;530;11;13;12;0
24358;682;530;11;13;12;0
24367;580;530;11;13;12;0
24369;567;530;11;13;12;0
24375;185;577;11;13;12;0
24377;322;530;11;13;12;0
24378;348;530;11;13;12;0
24402;361;530;11;13;12;0
24403;374;530;9;13;12;1
24405;385;530;11;13;12;0
24418;398;530;11;13;12;0
24425;411;530;11;13;12;0
24433;424;530;11;13;12;0
24439;437;530;11;13;12;0
24443;450;530;11;13;12;0
24444;463;530;11;13;12;0
24448;476;530;11;13;12;0
24449;489;530;11;13;12;0
24452;502;530;11;13;12;0
24453;515;530;11;13;12;0
24456;528;530;11;13;12;0
24458;541;530;11;13;12;0
24459;554;530;11;13;12;0
24466;730;515;11;13;12;0
24471;976;515;11;13;12;0
24472;704;515;11;13;12;0
24481;691;515;11;13;12;0
24490;885;500;11;13;12;0
24494;898;500;11;13;12;0
24503;911;500;11;13;12;0
24509;717;515;11;13;12;0
24515;937;500;11;13;12;0
24517;950;500;11;13;12;0
24518;963;500;11;13;12;0
24524;976;500;11;13;12;0
24525;1002;500;11;13;12;0
24530;106;515;11;13;12;0
24535;2;515;11;13;12;0
24536;15;515;11;13;12;0
24537;28;515;11;13;12;0
24544;41;515;11;13;12;0
24551;54;515;11;13;12;0
24555;67;515;11;13;12;0
24565;80;515;11;13;12;0
24573;93;515;11;13;12;0
24576;872;500;11;13;12;0
24577;989;500;11;13;12;0
24590;859;500;11;13;12;0
24594;703;500;11;13;12;0
24596;599;500;11;13;12;0
24597;612;500;11;13;12;0
24598;625;500;11;13;12;0
24604;638;500;11;13;12;0
24605;651;500;11;13;12;0
24613;664;500;11;13;12;0
24615;677;500;11;13;12;0
24616;690;500;11;13;12;0
24618;716;500;11;13;12;0
24623;833;500;11;13;12;0
24635;729;500;11;13;12;0
24651;742;500;11;13;12;0
24656;755;500;11;13;12;0
24658;768;500;11;13;12;0
24661;781;500;11;13;12;0
24665;794;500;11;13;12;0
24674;807;500;11;13;12;0
24676;15;560;11;13;12;0
24680;820;500;11;13;12;0
24681;846;500;11;13;12;0
24685;119;515;11;13;12;0
24687;132;515;11;13;12;0
24688;145;515;11;13;12;0
24691;444;515;11;13;12;0
24694;457;515;11;13;12;0
24697;470;515;11;13;12;0
24700;483;515;11;13;12;0
24708;496;515;11;13;12;0
24713;509;515;11;13;12;0
24717;522;515;11;13;12;0
24724;535;515;11;13;12;0
24736;548;515;11;13;12;0
24739;561;515;11;13;12;0
24742;574;515;11;13;12;0
24744;587;515;11;13;12;0
24748;600;515;11;13;12;0
24751;613;515;11;13;12;0
24754;626;515;11;13;12;0
24764;639;515;11;13;12;0
24764;0;0;0;0;0;0
24773;652;515;11;13;12;0
24778;665;515;11;13;12;0
24785;678;515;11;13;12;0
24789;431;515;11;13;12;0
24796;418;515;11;13;12;0
24800;405;515;11;13;12;0
24807;262;515;11;13;12;0
24808;158;515;11;13;12;0
24809;171;515;11;13;12;0
24811;184;515;11;13;12;0
24812;197;515;11;13;12;0
24815;210;515;11;13;12;0
24819;223;515;11;13;12;0
24825;236;515;11;13;12;0
24833;249;515;11;13;12;0
24840;275;515;11;13;12;0
24841;392;515;11;13;12;0
24847;288;515;11;13;12;0
24858;301;515;11;13;12;0
24863;314;515;11;13;12;0
24868;327;515;11;13;12;0
24871;340;515;11;13;12;0
24895;353;515;11;13;12;0
24904;366;515;11;13;12;0
24908;379;515;11;13;12;0
24910;325;470;11;13;12;0
24913;66;485;11;13;12;0
24917;299;470;11;13;12;0
24930;41;440;11;13;12;0
24935;229;425;11;13;12;0
24936;242;425;11;13;12;0
24944;255;425;11;13;12;0
24951;312;470;11;13;12;0
24971;281;425;11;13;12;0
24974;294;425;11;13;12;0
25000;15;545;11;13;12;0
25001;307;425;11;13;12;0
25022;320;425;11;13;12;0
25026;346;425;11;13;12;0
25032;463;425;11;13;12;0
25041;467;560;11;13;12;0
25042;359;425;11;13;12;0
25062;372;425;11;13;12;0
25077;385;425;11;13;12;0
25096;398;425;11;13;12;0
25103;411;425;11;13;12;0
25104;424;425;11;13;12;0
25105;437;425;11;13;12;0
25106;450;425;11;13;12;0
25110;216;425;11;13;12;0
25112;333;425;11;13;12;0
25119;203;425;11;13;12;0
25130;54;425;11;13;12;0
25134;964;410;11;13;12;0
25139;977;410;11;13;12;0
25140;990;410;11;13;12;0
25143;1003;410;11;13;12;0
25151;2;425;11;13;12;0
25152;15;425;11;13;12;0
25153;28;425;11;13;12;0
25159;41;425;11;13;12;0
25161;67;425;11;13;12;0
25163;177;425;11;13;12;0
25164;80;425;4;13;12;0
25165;86;425;11;13;12;0
25166;99;425;11;13;12;0
25169;112;425;11;13;12;0
25171;125;425;11;13;12;0
25172;138;425;11;13;12;0
25176;151;425;11;13;12;0
25179;164;425;11;13;12;0
25187;190;425;11;13;12;0
25191;476;425;11;13;12;0
25193;489;425;11;13;12;0
25194;502;425;11;13;12;0
25195;801;425;11;13;12;0
25196;814;425;11;13;12;0
25197;827;425;11;13;12;0
25198;840;425;11;13;12;0
25199;853;425;11;13;12;0
25200;866;425;11;13;12;0
25203;879;425;11;13;12;0
25206;892;425;11;13;12;0
25209;905;425;11;13;12;0
25212;918;425;11;13;12;0
25214;931;425;11;13;12;0
25215;944;425;11;13;12;0
25216;957;425;11;13;12;0
25220;970;425;11;13;12;0
25225;983;425;11;13;12;0
25226;996;425;11;13;12;0
25233;1009;425;11;13;12;0
25235;2;440;11;13;12;0
25237;15;440;11;13;12;0
25238;788;425;11;13;12;0
25239;775;425;11;13;12;0
25240;762;425;11;13;12;0
25242;619;425;11;13;12;0
25243;515;425;11;13;12;0
25250;528;425;11;13;12;0
25252;541;425;11;13;12;0
25253;554;425;11;13;12;0
25259;567;425;11;13;12;0
25260;580;425;11;13;12;0
25265;593;425;11;13;12;0
25269;606;425;11;13;12;0
25273;632;425;11;13;12;0
25276;749;425;11;13;12;0
25277;645;425;11;13;12;0
25285;658;425;11;13;12;0
25286;671;425;11;13;12;0
25287;684;425;11;13;12;0
25289;697;425;11;13;12;0
25292;710;425;11;13;12;0
25293;723;425;11;13;12;0
25298;736;425;11;13;12;0
25299;951;410;11;13;12;0
25300;28;440;11;13;12;0
25302;938;410;11;13;12;0
25303;912;410;11;13;12;0
25304;93;410;11;13;12;0
25305;106;410;11;13;12;0
25307;119;410;11;13;12;0
25308;132;410;11;13;12;0
25314;145;410;11;13;12;0
25315;158;410;11;13;12;0
25317;171;410;11;13;12;0
25318;184;410;11;13;12;0
25319;210;410;11;13;12;0
25320;327;410;11;13;12;0
25321;223;410;11;13;12;0
25324;236;410;11;13;12;0
25325;249;410;11;13;12;0
25327;262;410;11;13;12;0
25331;275;410;11;13;12;0
25332;288;410;11;13;12;0
25340;301;410;11;13;12;0
25341;314;410;11;13;12;0
25342;80;410;11;13;12;0
25343;197;410;11;13;12;0
25345;67;410;11;13;12;0
25346;924;395;11;13;12;0
25351;820;395;11;13;12;0
25353;833;395;11;13;12;0
25361;846;395;11;13;12;0
25366;859;395;11;13;12;0
25370;872;395;11;13;12;0
25376;885;395;11;13;12;0
25377;898;395;11;13;12;0
25379;911;395;11;13;12;0
25380;937;395;11;13;12;0
25381;41;410;11;13;12;0
25384;950;395;11;13;12;0
25386;963;395;11;13;12;0
25391;976;395;11;13;12;0
25402;989;395;11;13;12;0
25405;1002;395;11;13;12;0
25413;2;410;11;13;12;0
25414;15;410;11;13;12;0
25417;28;410;11;13;12;0
25419;54;410;11;13;12;0
25421;340;410;11;13;12;0
25423;353;410;11;13;12;0
25424;366;410;11;13;12;0
25429;665;410;11;13;12;0
25439;678;410;11;13;12;0
25441;691;410;11;13;12;0
25442;704;410;11;13;12;0
25443;717;410;11;13;12;0
25447;730;410;11;13;12;0
25454;743;410;11;13;12;0
25462;28;560;11;13;12;0
25463;756;410;11;13;12;0
25467;769;410;11;13;12;0
25472;782;410;11;13;12;0
25474;93;560;11;13;12;0
25480;795;410;11;13;12;0
25481;808;410;11;13;12;0
25484;821;410;11;13;12;0
25487;834;410;11;13;12;0
25488;847;410;11;13;12;0
25490;860;410;11;13;12;0
25494;873;410;11;13;12;0
25496;886;410;11;13;12;0
25504;899;410;11;13;12;0
25506;652;410;11;13;12;0
25509;639;410;11;13;12;0
25511;626;410;11;13;12;0
25512;483;410;11;13;12;0
25513;379;410;11;13;12;0
25514;392;410;11;13;12;0
25520;405;410;11;13;12;0
25527;418;410;11;13;12;0
25528;431;410;11;13;12;0
25530;444;410;11;13;12;0
25545;457;410;11;13;12;0
25549;470;410;11;13;12;0
25551;496;410;11;13;12;0
25552;613;410;11;13;12;0
25554;509;410;11;13;12;0
25569;522;410;11;13;12;0
25588;535;410;11;13;12;0
25597;548;410;11;13;12;0
25601;561;410;11;13;12;0
25605;574;410;11;13;12;0
25609;54;560;11;13;12;0
25615;587;410;11;13;12;0
25616;600;410;11;13;12;0
25628;925;410;11;13;12;0
25630;54;440;11;13;12;0
25644;171;455;11;13;12;0
25645;67;440;11;13;12;0
25658;496;455;11;13;12;0
25668;509;455;11;13;12;0
25670;522;455;11;13;12;0
25671;535;455;11;13;12;0
25674;548;455;11;13;12;0
25684;561;455;11;13;12;0
25688;574;455;11;13;12;0
25703;587;455;11;13;12;0
25705;613;455;11;13;12;0
25720;730;455;11;13;12;0
25733;626;455;11;13;12;0
25745;639;455;11;13;12;0
25746;652;455;11;13;12;0
25749;665;455;11;13;12;0
25758;678;455;11;13;12;0
25764;691;455;11;13;12;0
25772;704;455;11;13;12;0
25773;717;455;11;13;12;0
25776;483;455;11;13;12;0
25788;600;455;11;13;12;0
25797;470;455;11;13;12;0
25805;314;455;11;13;12;0
25806;210;455;11;13;12;0
25830;223;455;11;13;12;0
25856;236;455;11;13;12;0
25874;249;455;11;13;12;0
25880;262;455;11;13;12;0
25903;275;455;11;13;12;0
25910;288;455;11;13;12;0
25913;301;455;11;13;12;0
25915;327;455;11;13;12;0
25918;444;455;11;13;12;0
25919;340;455;11;13;12;0
25925;353;455;11;13;12;0
25928;366;455;11;13;12;0
25932;379;455;11;13;12;0
25935;392;455;11;13;12;0
25937;405;455;11;13;12;0
25945;418;455;11;13;12;0
25949;431;455;11;13;12;0
25950;457;455;11;13;12;0
25954;743;455;11;13;12;0
25955;756;455;11;13;12;0
25964;769;455;11;13;12;0
25968;39;470;11;13;12;0
25970;52;470;11;13;12;0
25972;65;470;11;13;12;0
25991;78;470;11;13;12;0
26001;91;470;11;13;12;0
26007;104;470;11;13;12;0
26009;117;470;11;13;12;0
26012;130;470;11;13;12;0
26021;143;470;11;13;12;0
26029;156;470;11;13;12;0
26031;169;470;11;13;12;0
26032;182;470;11;13;12;0
26041;195;470;11;13;12;0
26045;208;470;11;13;12;0
26049;221;470;11;13;12;0
26053;234;470;11;13;12;0
26059;247;470;11;13;12;0
26063;260;470;11;13;12;0
26071;273;470;11;13;12;0
26080;26;470;11;13;12;0
26082;13;470;11;13;12;0
26085;2;470;9;13;12;1
26086;882;455;10;13;12;1
26087;782;455;10;13;12;1
26088;794;455;9;13;12;1
26089;805;455;11;13;12;0
26097;818;455;11;13;12;0
26099;752;560;11;13;12;0
26102;831;455;11;13;12;0
26106;844;455;11;13;12;0
26114;857;455;11;13;12;0
26118;870;455;10;13;12;1
26126;894;455;11;13;12;0
26127;1011;455;10;13;12;1
26131;907;455;11;13;12;0
26132;920;455;11;13;12;0
26143;933;455;11;13;12;0
26144;946;455;11;13;12;0
26149;959;455;11;13;12;0
26151;972;455;11;13;12;0
26152;985;455;11;13;12;0
26159;998;455;11;13;12;0
26160;765;560;11;13;12;0
26174;197;455;11;13;12;0
26179;286;470;11;13;12;0
26187;184;455;11;13;12;0
26194;158;455;11;13;12;0
26195;364;440;11;13;12;0
26197;377;440;11;13;12;0
26202;390;440;11;13;12;0
26216;403;440;11;13;12;0
26222;416;440;11;13;12;0
26223;429;440;11;13;12;0
26228;442;440;11;13;12;0
26230;455;440;11;13;12;0
26234;481;440;11;13;12;0
26238;597;440;11;13;12;0
26242;494;440;11;13;12;0
26257;507;440;11;13;12;0
26262;520;440;11;13;12;0
26263;533;440;11;13;12;0
26292;546;440;11;13;12;0
26354;559;440;10;13;12;1
26356;571;440;11;13;12;0
26366;584;440;11;13;12;0
26367;351;440;11;13;12;0
26368;468;440;11;13;12;0
26376;339;440;10;13;12;0
26377;183;440;11;13;12;0
26379;80;440;11;13;12;0
26381;93;440;11;13;12;0
26391;106;440;10;13;12;1
26395;118;440;11;13;12;0
26397;131;440;11;13;12;0
26399;144;440;11;13;12;0
26408;157;440;11;13;12;0
26410;170;440;11;13;12;0
26411;196;440;11;13;12;0
26412;313;440;11;13;12;0
26415;209;440;11;13;12;0
26421;222;440;11;13;12;0
26426;235;440;11;13;12;0
26429;248;440;11;13;12;0
26432;261;440;11;13;12;0
26434;274;440;11;13;12;0
26435;287;440;11;13;12;0
26438;300;440;11;13;12;0
26446;326;440;11;13;12;0
26448;610;440;11;13;12;0
26449;623;440;11;13;12;0
26454;636;440;11;13;12;0
26460;930;440;11;13;12;0
26462;943;440;11;13;12;0
26463;956;440;11;13;12;0
26465;969;440;11;13;12;0
26469;982;440;11;13;12;0
26479;995;440;11;13;12;0
26480;1008;440;11;13;12;0
26494;2;455;11;13;12;0
26495;15;455;11;13;12;0
26497;28;455;11;13;12;0
26500;41;455;11;13;12;0
26505;54;455;11;13;12;0
26512;67;455;11;13;12;0
26517;80;455;11;13;12;0
26519;93;455;11;13;12;0
26524;106;455;11;13;12;0
26525;119;455;11;13;12;0
26538;132;455;11;13;12;0
26543;145;455;11;13;12;0
26550;917;440;11;13;12;0
26564;904;440;11;13;12;0
26576;891;440;11;13;12;0
26578;753;440;11;13;12;0
26579;649;440;11;13;12;0
26580;662;440;11;13;12;0
26588;675;440;11;13;12;0
26592;688;440;11;13;12;0
26597;701;440;11;13;12;0
26609;714;440;11;13;12;0
26612;727;440;11;13;12;0
26623;740;440;11;13;12;0
26629;766;440;11;13;12;0
26631;878;440;11;13;12;0
26632;779;440;11;13;12;0
26635;792;440;11;13;12;0
26639;805;440;11;13;12;0
26641;818;440;11;13;12;0
26643;262;275;11;13;12;0
26657;839;440;11;13;12;0
26665;852;440;11;13;12;0
26666;865;440;11;13;12;0
26679;275;275;11;13;12;0
26680;275;320;11;13;12;0
26681;249;275;11;13;12;0
26684;171;230;11;13;12;0
26685;28;95;11;13;12;0
26690;41;95;11;13;12;0
26691;54;95;11;13;12;0
26694;65;545;11;13;12;0
26696;67;95;11;13;12;0
26700;80;95;11;13;12;0
26705;93;95;11;13;12;0
26723;106;95;11;13;12;0
26725;119;95;11;13;12;0
26742;132;95;11;13;12;0
26753;145;95;11;13;12;0
26757;158;95;11;13;12;0
26790;171;95;11;13;12;0
26792;184;95;11;13;12;0
26799;197;95;11;13;12;0
26800;210;95;11;13;12;0
26803;223;95;11;13;12;0
26816;236;95;11;13;12;0
26825;249;95;11;13;12;0
26827;262;95;11;13;12;0
26829;15;95;11;13;12;0
26834;2;95;11;13;12;0
26837;1001;80;11;13;12;0
26840;858;80;11;13;12;0
26842;754;80;11;13;12;0
26862;767;80;11;13;12;0
26865;780;80;11;13;12;0
26869;793;80;11;13;12;0
26874;806;80;11;13;12;0
26885;819;80;11;13;12;0
26893;832;80;11;13;12;0
26898;845;80;11;13;12;0
26925;871;80;11;13;12;0
26928;988;80;11;13;12;0
26970;884;80;11;13;12;0
26999;897;80;11;13;12;0
27004;910;80;11;13;12;0
27010;923;80;11;13;12;0
27035;936;80;11;13;12;0
27048;949;80;11;13;12;0
27084;962;80;11;13;12;0
27133;975;80;11;13;12;0
27169;275;95;11;13;12;0
27178;301;95;11;13;12;0
27185;859;95;11;13;12;0
27224;314;95;11;13;12;0
27225;612;95;11;13;12;0
27233;625;95;11;13;12;0
27249;638;95;11;13;12;0
27308;651;95;11;13;12;0
27424;664;95;11;13;12;0
27425;677;95;11;13;12;0
27426;690;95;11;13;12;0
27427;703;95;11;13;12;0
27431;104;545;11;13;12;0
27442;716;95;11;13;12;0
27450;729;95;11;13;12;0
27454;742;95;11;13;12;0
27463;755;95;11;13;12;0
27465;768;95;11;13;12;0
27468;781;95;11;13;12;0
27490;794;95;11;13;12;0
27491;807;95;11;13;12;0
27492;820;95;11;13;12;0
27493;833;95;11;13;12;0
27494;846;95;11;13;12;0
27495;599;95;11;13;12;0
27498;586;95;11;13;12;0
27513;573;95;11;13;12;0
27515;431;95;11;13;12;0
27516;327;95;11;13;12;0
27526;340;95;11;13;12;0
27530;353;95;11;13;12;0
27531;366;95;11;13;12;0
27572;379;95;11;13;12;0
27573;392;95;11;13;12;0
27583;405;95;11;13;12;0
27585;418;95;11;13;12;0
27589;444;95;11;13;12;0
27595;560;95;11;13;12;0
27597;457;95;11;13;12;0
27599;470;95;11;13;12;0
27602;483;95;11;13;12;0
27604;496;95;10;13;12;1
27605;508;95;11;13;12;0
27609;521;95;11;13;12;0
27611;534;95;11;13;12;0
27627;547;95;11;13;12;0
27631;741;80;11;13;12;0
27663;729;80;10;13;12;1
27665;717;80;10;13;12;1
27668;704;80;11;13;12;0
27675;915;65;11;13;12;0
27682;928;65;11;13;12;0
27686;941;65;11;13;12;0
27687;954;65;11;13;12;0
27695;967;65;11;13;12;0
27700;980;65;11;13;12;0
27701;993;65;3;13;12;0
27704;998;65;11;13;12;0
27712;2;80;11;13;12;0
27713;119;80;11;13;12;0
27714;15;80;11;13;12;0
27719;28;80;11;13;12;0
27721;41;80;11;13;12;0
27735;54;80;11;13;12;0
27744;67;80;11;13;12;0
27745;80;80;11;13;12;0
27748;93;80;11;13;12;0
27754;106;80;11;13;12;0
27769;902;65;11;13;12;0
27773;1011;65;11;13;12;0
27779;996;560;11;13;12;0
27785;889;65;11;13;12;0
27788;733;65;11;13;12;0
27792;629;65;11;13;12;0
27801;642;65;11;13;12;0
27803;655;65;11;13;12;0
27807;668;65;11;13;12;0
27809;681;65;11;13;12;0
27814;694;65;11;13;12;0
27819;707;65;11;13;12;0
27822;720;65;11;13;12;0
27827;746;65;11;13;12;0
27832;863;65;11;13;12;0
27833;759;65;11;13;12;0
27835;772;65;11;13;12;0
27836;785;65;11;13;12;0
27838;798;65;11;13;12;0
27839;811;65;11;13;12;0
27844;824;65;11;13;12;0
27849;837;65;11;13;12;0
27861;850;65;11;13;12;0
27873;876;65;11;13;12;0
27874;132;80;11;13;12;0
27875;145;80;11;13;12;0
27877;158;80;11;13;12;0
27880;457;80;11;13;12;0
27882;470;80;11;13;12;0
27891;483;80;11;13;12;0
27893;496;80;11;13;12;0
27899;509;80;11;13;12;0
27901;522;80;11;13;12;0
27905;535;80;11;13;12;0
27915;548;80;11;13;12;0
27922;561;80;11;13;12;0
27927;574;80;11;13;12;0
27931;117;545;11;13;12;0
27934;587;80;11;13;12;0
27954;600;80;11;13;12;0
27963;613;80;11;13;12;0
27966;626;80;11;13;12;0
27969;639;80;11;13;12;0
27971;652;80;11;13;12;0
27973;665;80;11;13;12;0
27974;678;80;11;13;12;0
27975;691;80;11;13;12;0
27979;444;80;11;13;12;0
27982;431;80;11;13;12;0
27985;418;80;11;13;12;0
27987;275;80;11;13;12;0
28010;171;80;11;13;12;0
28014;184;80;11;13;12;0
28020;197;80;11;13;12;0
28023;210;80;11;13;12;0
28024;223;80;11;13;12;0
28034;236;80;11;13;12;0
28037;403;560;11;13;12;0
28040;249;80;11;13;12;0
28041;262;80;11;13;12;0
28044;288;80;11;13;12;0
28051;405;80;11;13;12;0
28070;301;80;11;13;12;0
28072;314;80;11;13;12;0
28078;327;80;11;13;12;0
28082;340;80;11;13;12;0
28088;353;80;11;13;12;0
28107;480;560;11;13;12;0
28108;366;80;11;13;12;0
28120;379;80;11;13;12;0
28129;392;80;11;13;12;0
28145;288;95;11;13;12;0
28151;885;95;11;13;12;0
28153;587;125;11;13;12;0
28155;898;95;11;13;12;0
28165;327;125;11;13;12;0
28176;54;577;11;13;12;0
28183;340;125;11;13;12;0
28193;353;125;11;13;12;0
28195;366;125;11;13;12;0
28201;379;125;11;13;12;0
28212;392;125;11;13;12;0
28216;405;125;11;13;12;0
28218;418;125;11;13;12;0
28227;431;125;11;13;12;0
28238;444;125;11;13;12;0
28246;457;125;11;13;12;0
28251;470;125;11;13;12;0
28287;483;125;11;13;12;0
28288;662;560;11;13;12;0
28291;496;125;11;13;12;0
28293;509;125;11;13;12;0
28304;522;125;11;13;12;0
28316;535;125;11;13;12;0
28322;548;125;11;13;12;0
28342;2;545;11;13;12;0
28346;561;125;11;13;12;0
28363;314;125;11;13;12;0
28369;301;125;11;13;12;0
28372;288;125;11;13;12;0
28378;145;125;11;13;12;0
28382;41;125;11;13;12;0
28385;54;125;11;13;12;0
28388;67;125;11;13;12;0
28389;80;125;11;13;12;0
28392;93;125;11;13;12;0
28393;106;125;11;13;12;0
28404;119;125;11;13;12;0
28418;132;125;11;13;12;0
28422;158;125;11;13;12;0
28425;275;125;11;13;12;0
28431;171;125;11;13;12;0
28436;184;125;11;13;12;0
28437;197;125;11;13;12;0
28448;210;125;11;13;12;0
28459;223;125;11;13;12;0
28465;236;125;11;13;12;0
28478;249;125;11;13;12;0
28487;262;125;11;13;12;0
28508;574;125;11;13;12;0
28518;600;125;11;13;12;0
28526;145;140;11;13;12;0
28558;613;125;11;13;12;0
28577;912;125;11;13;12;0
28608;925;125;11;13;12;0
28689;938;125;11;13;12;0
28748;951;125;11;13;12;0
28779;964;125;11;13;12;0
28781;977;125;11;13;12;0
28783;990;125;11;13;12;0
28784;1003;125;11;13;12;0
28789;2;140;11;13;12;0
28790;15;140;11;13;12;0
28796;28;140;11;13;12;0
28798;41;140;11;13;12;0
28799;54;140;11;13;12;0
28809;67;140;11;13;12;0
28810;80;140;11;13;12;0
28814;93;140;11;13;12;0
28818;106;140;11;13;12;0
28822;119;140;11;13;12;0
28825;132;140;11;13;12;0
28843;899;125;11;13;12;0
28844;886;125;11;13;12;0
28846;873;125;11;13;12;0
28856;730;125;11;13;12;0
28857;626;125;11;13;12;0
28860;639;125;11;13;12;0
28861;652;125;11;13;12;0
28865;665;125;11;13;12;0
28866;678;125;11;13;12;0
28872;691;125;11;13;12;0
28874;704;125;11;13;12;0
28888;717;125;11;13;12;0
28891;743;125;11;13;12;0
28895;860;125;11;13;12;0
28900;756;125;11;13;12;0
28902;769;125;11;13;12;0
28903;782;125;11;13;12;0
28907;795;125;11;13;12;0
28908;808;125;11;13;12;0
28909;821;125;11;13;12;0
28921;834;125;11;13;12;0
28937;847;125;11;13;12;0
28953;28;125;11;13;12;0
28966;15;125;11;13;12;0
28976;2;125;11;13;12;0
28982;1003;110;11;13;12;0
29004;184;110;11;13;12;0
29006;197;110;11;13;12;0
29022;210;110;11;13;12;0
29028;223;110;11;13;12;0
29031;236;110;11;13;12;0
29038;249;110;11;13;12;0
29053;262;110;11;13;12;0
29060;275;110;11;13;12;0
29066;301;110;11;13;12;0
29076;418;110;11;13;12;0
29081;314;110;11;13;12;0
29087;327;110;11;13;12;0
29100;340;110;11;13;12;0
29123;353;110;11;13;12;0
29134;366;110;11;13;12;0
29141;379;110;11;13;12;0
29157;392;110;11;13;12;0
29159;405;110;11;13;12;0
29190;171;110;11;13;12;0
29228;288;110;11;13;12;0
29233;158;110;11;13;12;0
29237;958;560;11;13;12;0
29238;2;110;11;13;12;0
29239;911;95;11;13;12;0
29240;924;95;11;13;12;0
29245;937;95;11;13;12;0
29255;950;95;11;13;12;0
29256;963;95;11;13;12;0
29260;976;95;11;13;12;0
29273;989;95;11;13;12;0
29275;1002;95;11;13;12;0
29282;15;110;11;13;12;0
29287;132;110;11;13;12;0
29289;28;110;11;13;12;0
29298;41;110;11;13;12;0
29301;54;110;11;13;12;0
29305;67;110;11;13;12;0
29306;80;110;11;13;12;0
29356;93;110;11;13;12;0
29359;106;110;11;13;12;0
29366;119;110;11;13;12;0
29369;145;110;11;13;12;0
29378;431;110;11;13;12;0
29384;444;110;11;13;12;0
29392;457;110;11;13;12;0
29399;756;110;11;13;12;0
29408;769;110;11;13;12;0
29409;782;110;11;13;12;0
29420;795;110;11;13;12;0
29421;808;110;11;13;12;0
29425;821;110;11;13;12;0
29432;834;110;11;13;12;0
29436;847;110;11;13;12;0
29454;860;110;11;13;12;0
29467;873;110;11;13;12;0
29468;886;110;11;13;12;0
29469;899;110;11;13;12;0
29483;912;110;11;13;12;0
29486;925;110;11;13;12;0
29502;938;110;11;13;12;0
29519;429;560;11;13;12;0
29575;951;110;11;13;12;0
29577;964;110;11;13;12;0
29579;977;110;11;13;12;0
29595;364;560;11;13;12;0
29609;990;110;11;13;12;0
29611;743;110;11;13;12;0
29615;730;110;11;13;12;0
29616;717;110;11;13;12;0
29623;184;560;11;13;12;0
29627;574;110;11;13;12;0
29632;919;560;11;13;12;0
29642;119;577;11;13;12;0
29645;470;110;11;13;12;0
29664;483;110;11;13;12;0
29677;496;110;11;13;12;0
29699;509;110;11;13;12;0
29702;522;110;11;13;12;0
29712;535;110;11;13;12;0
29730;548;110;11;13;12;0
29748;561;110;11;13;12;0
29781;587;110;11;13;12;0
29790;984;560;11;13;12;0
29791;791;560;11;13;12;0
29808;704;110;11;13;12;0
29827;600;110;11;13;12;0
29840;312;560;11;13;12;0
29916;613;110;11;13;12;0
29923;626;110;11;13;12;0
29942;639;110;11;13;12;0
29943;603;65;11;13;12;0
29956;665;110;11;13;12;0
29976;678;110;11;13;12;0
29978;691;110;11;13;12;0
29980;616;65;11;13;12;0
29983;872;95;11;13;12;0
29989;590;65;11;13;12;0
29992;819;50;10;13;12;0
29993;507;20;11;13;12;0
30000;520;20;9;13;12;1
30001;531;20;9;13;12;1
30002;542;20;9;13;12;1
30003;553;20;9;13;12;1
30004;908;560;9;13;12;0
30005;564;20;11;13;12;0
30007;577;20;11;13;12;0
30010;275;560;11;13;12;0
30011;590;20;11;13;12;0
30016;80;560;11;13;12;0
30021;603;20;11;13;12;0
30028;616;20;11;13;12;0
30031;629;20;11;13;12;0
30036;642;20;11;13;12;0
30041;655;20;11;13;12;0
30053;668;20;11;13;12;0
30058;681;20;11;13;12;0
30094;623;560;11;13;12;0
30095;694;20;11;13;12;0
30097;707;20;11;13;12;0
30103;720;20;11;13;12;0
30105;733;20;11;13;12;0
30106;494;20;11;13;12;0
30126;481;20;11;13;12;0
30127;468;20;11;13;12;0
30130;327;20;11;13;12;0
30133;223;20;11;13;12;0
30137;236;20;11;13;12;0
30140;249;20;11;13;12;0
30142;262;20;11;13;12;0
30149;275;20;11;13;12;0
30151;288;20;11;13;12;0
30157;301;20;11;13;12;0
30162;314;20;11;13;12;0
30165;340;20;11;13;12;0
30171;455;20;11;13;12;0
30196;353;20;11;13;12;0
30246;366;20;11;13;12;0
30249;379;20;11;13;12;0
30250;392;20;11;13;12;0
30270;405;20;11;13;12;0
30294;418;20;11;13;12;0
30331;431;20;11;13;12;0
30333;444;20;9;13;12;1
30334;746;20;11;13;12;0
30338;772;20;11;13;12;0
30340;311;35;11;13;12;0
30342;785;20;10;13;12;1
30343;66;35;11;13;12;0
30382;79;35;11;13;12;0
30385;92;35;11;13;12;0
30406;105;35;11;13;12;0
30408;118;35;11;13;12;0
30410;131;35;11;13;12;0
30414;144;35;11;13;12;0
30415;157;35;11;13;12;0
30416;170;35;11;13;12;0
30417;183;35;11;13;12;0
30418;196;35;11;13;12;0
30420;209;35;11;13;12;0
30422;222;35;11;13;12;0
30423;235;35;11;13;12;0
30424;248;35;11;13;12;0
30427;261;35;11;13;12;0
30431;274;35;11;13;12;0
30446;287;35;9;13;12;1
30447;298;35;11;13;12;0
30450;53;35;11;13;12;0
30452;41;35;10;13;12;1
30456;28;35;11;13;12;0
30457;901;20;11;13;12;0
30460;797;20;11;13;12;0
30462;810;20;11;13;12;0
30465;823;20;11;13;12;0
30473;836;20;11;13;12;0
30475;849;20;11;13;12;0
30494;895;560;11;13;12;0
30495;862;20;11;13;12;0
30496;875;20;11;13;12;0
30504;888;20;11;13;12;0
30505;914;20;11;13;12;0
30511;15;35;11;13;12;0
30524;927;20;11;13;12;0
30528;940;20;11;13;12;0
30529;953;20;11;13;12;0
30544;966;20;11;13;12;0
30555;197;20;11;13;12;0
30561;992;20;11;13;12;0
30566;1005;20;11;13;12;0
30571;2;35;11;13;12;0
30585;210;20;11;13;12;0
30596;759;20;11;13;12;0
30597;184;20;11;13;12;0
30604;984;2;11;13;12;0
30606;373;2;11;13;12;0
30610;386;2;11;13;12;0
30624;399;2;11;13;12;0
30629;412;2;11;13;12;0
30631;425;2;11;13;12;0
30634;438;2;11;13;12;0
30636;451;2;11;13;12;0
30683;490;2;11;13;12;0
30684;607;2;11;13;12;0
30693;503;2;11;13;12;0
30697;516;2;11;13;12;0
30701;529;2;11;13;12;0
30702;542;2;11;13;12;0
30707;555;2;11;13;12;0
30719;594;2;11;13;12;0
30721;360;2;11;13;12;0
30722;347;2;11;13;12;0
30733;334;2;11;13;12;0
30740;321;2;11;13;12;0
30742;100;2;11;13;12;0
30759;113;2;11;13;12;0
30768;139;2;11;13;12;0
30772;152;2;11;13;12;0
30776;165;2;11;13;12;0
30777;178;2;11;13;12;0
30784;191;2;11;13;12;0
30796;204;2;11;13;12;0
30805;217;2;11;13;12;0
30828;243;2;11;13;12;0
30830;256;2;11;13;12;0
30860;269;2;11;13;12;0
30861;282;2;11;13;12;0
30862;295;2;11;13;12;0
30865;308;2;11;13;12;0
30871;477;2;11;13;12;0
30879;620;2;11;13;12;0
30896;633;2;11;13;12;0
30899;646;2;11;13;12;0
30910;945;2;11;13;12;0
30913;958;2;11;13;12;0
30917;971;2;11;13;12;0
30933;997;2;11;13;12;0
30952;1010;2;11;13;12;0
31034;2;20;11;13;12;0
31036;15;20;11;13;12;0
31038;28;20;11;13;12;0
31048;41;20;11;13;12;0
31062;54;20;11;13;12;0
31069;67;20;11;13;12;0
31070;80;20;11;13;12;0
31071;93;20;11;13;12;0
31074;106;20;11;13;12;0
31077;119;20;11;13;12;0
31080;132;20;11;13;12;0
31095;145;20;11;13;12;0
31096;158;20;11;13;12;0
31104;932;2;11;13;12;0
31105;919;2;11;13;12;0
31109;906;2;11;13;12;0
31119;763;2;11;13;12;0
31163;659;2;11;13;12;0
31168;672;2;11;13;12;0
31169;698;2;11;13;12;0
31179;711;2;11;13;12;0
31181;724;2;11;13;12;0
31185;737;2;11;13;12;0
31186;750;2;11;13;12;0
31192;776;2;11;13;12;0
31199;893;2;11;13;12;0
31209;789;2;11;13;12;0
31215;802;2;11;13;12;0
31216;815;2;11;13;12;0
31224;828;2;11;13;12;0
31227;841;2;11;13;12;0
31232;854;2;11;13;12;0
31243;880;2;11;13;12;0
31245;87;2;11;13;12;0
31246;171;20;11;13;12;0
31258;867;2;11;13;12;0
31264;685;2;11;13;12;0
31283;230;2;11;13;12;0
31292;126;2;11;13;12;0
31293;581;2;11;13;12;0
31295;568;2;11;13;12;0
31348;464;2;11;13;12;0
31350;979;20;11;13;12;0
31351;324;35;11;13;12;0
31354;15;65;11;13;12;0
31359;350;35;11;13;12;0
31361;780;50;11;13;12;0
31363;793;50;11;13;12;0
31364;806;50;11;13;12;0
31373;337;35;11;13;12;0
31382;831;50;11;13;12;0
31383;844;50;11;13;12;0
31391;857;50;11;13;12;0
31397;870;50;11;13;12;0
31423;883;50;11;13;12;0
31435;896;50;11;13;12;0
31442;739;560;11;13;12;0
31446;909;50;11;13;12;0
31449;922;50;11;13;12;0
31455;935;50;11;13;12;0
31456;948;50;11;13;12;0
31461;961;50;11;13;12;0
31471;974;50;11;13;12;0
31481;987;50;11;13;12;0
31505;1000;50;11;13;12;0
31508;283;545;11;13;12;0
31513;767;50;11;13;12;0
31526;754;50;11;13;12;0
31528;741;50;11;13;12;0
31532;598;50;12;13;13;0
31548;494;50;11;13;12;0
31561;507;50;11;13;12;0
31563;520;50;11;13;12;0
31568;533;50;11;13;12;0
31569;546;50;11;13;12;0
31570;559;50;11;13;12;0
31572;572;50;11;13;12;0
31574;585;50;11;13;12;0
31579;611;50;11;13;12;0
31609;728;50;11;13;12;0
31614;624;50;11;13;12;0
31616;637;50;11;13;12;0
31639;650;50;11;13;12;0
31649;663;50;11;13;12;0
31661;676;50;11;13;12;0
31665;689;50;11;13;12;0
31687;702;50;11;13;12;0
31709;715;50;11;13;12;0
31713;2;65;11;13;12;0
31726;28;65;11;13;12;0
31735;577;65;11;13;12;0
31751;41;65;11;13;12;0
31807;330;65;11;13;12;0
31821;343;65;11;13;12;0
31859;356;65;11;13;12;0
31867;369;65;11;13;12;0
31869;382;65;11;13;12;0
31881;395;65;11;13;12;0
31890;408;65;11;13;12;0
31895;421;65;11;13;12;0
31896;434;65;11;13;12;0
31918;447;65;11;13;12;0
31929;460;65;11;13;12;0
31932;473;65;11;13;12;0
31934;486;65;11;13;12;0
31946;499;65;11;13;12;0
31957;512;65;11;13;12;0
31958;525;65;11;13;12;0
31967;538;65;11;13;12;0
31995;551;65;11;13;12;0
32032;564;65;11;13;12;0
32034;317;65;11;13;12;0
32039;304;65;11;13;12;0
32043;291;65;11;13;12;0
32047;150;65;9;13;12;1
32110;54;65;11;13;12;0
32321;67;65;11;13;12;0
32415;80;65;4;13;12;0
32416;86;65;10;13;12;0
32418;98;65;11;13;12;0
32422;111;65;11;13;12;0
32423;124;65;11;13;12;0
32426;137;65;11;13;12;0
32427;161;65;11;13;12;0
32431;278;65;11;13;12;0
32435;174;65;11;13;12;0
32437;187;65;11;13;12;0
32439;200;65;11;13;12;0
32440;213;65;11;13;12;0
32441;226;65;11;13;12;0
32445;506;560;11;13;12;0
32447;239;65;11;13;12;0
32451;252;65;11;13;12;0
32452;265;65;11;13;12;0
32454;481;50;11;13;12;0
32455;468;50;11;13;12;0
32456;455;50;11;13;12;0
32458;442;50;11;13;12;0
32461;649;35;11;13;12;0
32463;662;35;11;13;12;0
32465;675;35;11;13;12;0
32466;688;35;11;13;12;0
32467;701;35;11;13;12;0
32469;714;35;11;13;12;0
32472;727;35;11;13;12;0
32473;740;35;11;13;12;0
32476;766;35;11;13;12;0
32477;883;35;11;13;12;0
32479;779;35;11;13;12;0
32487;792;35;11;13;12;0
32489;805;35;11;13;12;0
32490;818;35;11;13;12;0
32493;831;35;11;13;12;0
32499;844;35;11;13;12;0
32500;857;35;11;13;12;0
32501;870;35;11;13;12;0
32503;636;35;11;13;12;0
32504;753;35;11;13;12;0
32508;623;35;11;13;12;0
32511;467;35;11;13;12;0
32512;363;35;11;13;12;0
32517;198;577;11;13;12;0
32521;376;35;11;13;12;0
32526;389;35;11;13;12;0
32531;402;35;11;13;12;0
32533;415;35;11;13;12;0
32534;428;35;11;13;12;0
32536;441;35;11;13;12;0
32538;454;35;11;13;12;0
32540;480;35;11;13;12;0
32541;597;35;11;13;12;0
32544;493;35;11;13;12;0
32548;506;35;11;13;12;0
32553;519;35;11;13;12;0
32554;532;35;11;13;12;0
32568;545;35;11;13;12;0
32570;558;35;11;13;12;0
32580;571;35;11;13;12;0
32592;584;35;11;13;12;0
32593;610;35;11;13;12;0
32597;896;35;11;13;12;0
32599;945;560;11;13;12;0
32602;909;35;11;13;12;0
32610;922;35;11;13;12;0
32617;195;50;11;13;12;0
32618;208;50;11;13;12;0
32622;221;50;11;13;12;0
32626;234;50;11;13;12;0
32641;247;50;11;13;12;0
32650;260;50;11;13;12;0
32654;273;50;11;13;12;0
32670;286;50;11;13;12;0
32673;299;50;11;13;12;0
32676;312;50;11;13;12;0
32701;325;50;11;13;12;0
32709;338;50;11;13;12;0
32728;351;50;11;13;12;0
32763;364;50;11;13;12;0
32764;377;50;11;13;12;0
32768;390;50;11;13;12;0
32769;403;50;11;13;12;0
32771;416;50;11;13;12;0
32773;429;50;11;13;12;0
32780;182;50;11;13;12;0
32781;169;50;11;13;12;0
32784;156;50;11;13;12;0
32786;597;560;11;13;12;0
32791;15;50;11;13;12;0
32819;935;35;11;13;12;0
32822;948;35;11;13;12;0
32824;961;35;11;13;12;0
32827;974;35;11;13;12;0
32829;987;35;11;13;12;0
32831;1000;35;11;13;12;0
32842;270;545;11;13;12;0
32843;2;50;11;13;12;0
32844;28;50;11;13;12;0
32852;143;50;11;13;12;0
32856;41;50;11;13;12;0
32858;54;50;11;13;12;0
32874;67;50;11;13;12;0
32899;80;50;11;13;12;0
32905;93;50;9;13;12;1
32908;104;50;11;13;12;0
32925;117;50;11;13;12;0
32928;130;50;11;13;12;0
32929;652;110;11;13;12;0
32930;158;140;11;13;12;0
32932;684;200;11;13;12;0
32933;184;140;11;13;12;0
32937;132;230;11;13;12;0
32942;145;230;11;13;12;0
32943;158;230;11;13;12;0
32945;171;140;11;13;12;0
32946;184;230;11;13;12;0
32948;197;230;11;13;12;0
32958;210;230;11;13;12;0
32959;223;230;11;13;12;0
32961;236;230;11;13;12;0
32963;249;230;9;13;12;1
32966;260;230;11;13;12;0
32972;273;230;11;13;12;0
32974;286;230;11;13;12;0
32982;299;230;11;13;12;0
32988;312;230;11;13;12;0
32990;325;230;11;13;12;0
32993;338;230;11;13;12;0
33007;351;230;11;13;12;0
33014;364;230;11;13;12;0
33016;119;230;11;13;12;0
33021;106;230;11;13;12;0
33030;93;230;11;13;12;0
33033;964;215;11;13;12;0
33039;860;215;11;13;12;0
33041;873;215;11;13;12;0
33046;886;215;11;13;12;0
33050;899;215;11;13;12;0
33073;912;215;11;13;12;0
33080;925;215;11;13;12;0
33086;938;215;11;13;12;0
33100;951;215;11;13;12;0
33104;977;215;11;13;12;0
33109;80;230;11;13;12;0
33136;990;215;11;13;12;0
33145;1003;215;11;13;12;0
33147;2;230;11;13;12;0
33150;15;230;11;13;12;0
33151;28;230;11;13;12;0
33152;41;230;11;13;12;0
33160;54;230;11;13;12;0
33179;67;230;11;13;12;0
33180;377;230;11;13;12;0
33218;403;230;11;13;12;0
33258;961;230;9;13;12;1
33261;416;230;11;13;12;0
33267;715;230;11;13;12;0
33268;728;230;11;13;12;0
33275;741;230;11;13;12;0
33286;754;230;11;13;12;0
33292;767;230;11;13;12;0
33298;780;230;11;13;12;0
33300;793;230;11;13;12;0
33310;806;230;11;13;12;0
33322;819;230;11;13;12;0
33324;832;230;11;13;12;0
33337;845;230;11;13;12;0
33368;858;230;11;13;12;0
33391;871;230;10;13;12;1
33392;883;230;11;13;12;0
33394;896;230;11;13;12;0
33395;909;230;11;13;12;0
33402;922;230;11;13;12;0
33406;299;560;11;13;12;0
33410;935;230;11;13;12;0
33426;948;230;11;13;12;0
33436;702;230;11;13;12;0
33437;39;545;11;13;12;0
33445;689;230;11;13;12;0
33452;676;230;11;13;12;0
33453;533;230;11;13;12;0
33455;390;560;11;13;12;0
33457;429;230;11;13;12;0
33459;442;230;11;13;12;0
33463;455;230;11;13;12;0
33469;468;230;11;13;12;0
33487;481;230;11;13;12;0
33492;494;230;11;13;12;0
33495;507;230;11;13;12;0
33503;520;230;11;13;12;0
33509;546;230;11;13;12;0
33510;663;230;11;13;12;0
33521;559;230;11;13;12;0
33529;572;230;11;13;12;0
33538;585;230;11;13;12;0
33539;598;230;11;13;12;0
33540;611;230;11;13;12;0
33550;624;230;11;13;12;0
33564;519;560;11;13;12;0
33575;637;230;11;13;12;0
33576;650;230;11;13;12;0
33579;847;215;11;13;12;0
33580;834;215;11;13;12;0
33589;821;215;11;13;12;0
33590;808;215;11;13;12;0
33592;1009;200;11;13;12;0
33593;2;215;11;13;12;0
33596;15;215;11;13;12;0
33609;28;215;11;13;12;0
33616;41;215;11;13;12;0
33618;54;215;11;13;12;0
33620;67;215;11;13;12;0
33628;80;215;11;13;12;0
33631;106;215;11;13;12;0
33633;223;215;11;13;12;0
33635;119;215;11;13;12;0
33639;132;215;11;13;12;0
33647;145;215;11;13;12;0
33655;158;215;11;13;12;0
33678;106;577;11;13;12;0
33696;171;215;11;13;12;0
33706;184;215;11;13;12;0
33707;197;215;11;13;12;0
33713;210;215;11;13;12;0
33719;996;200;11;13;12;0
33725;93;215;11;13;12;0
33729;983;200;11;13;12;0
33736;351;560;11;13;12;0
33738;80;577;11;13;12;0
33740;827;200;11;13;12;0
33756;723;200;11;13;12;0
33760;736;200;11;13;12;0
33778;325;560;11;13;12;0
33796;749;200;11;13;12;0
33804;762;200;11;13;12;0
33806;775;200;11;13;12;0
33821;788;200;11;13;12;0
33829;801;200;11;13;12;0
33830;814;200;11;13;12;0
33832;840;200;11;13;12;0
33853;957;200;11;13;12;0
33879;853;200;11;13;12;0
33883;250;577;11;13;12;0
33889;866;200;11;13;12;0
33891;879;200;11;13;12;0
33905;892;200;11;13;12;0
33922;905;200;11;13;12;0
33945;918;200;11;13;12;0
33948;931;200;11;13;12;0
33976;944;200;11;13;12;0
33988;970;200;11;13;12;0
34013;236;215;11;13;12;0
34065;249;215;11;13;12;0
34067;262;215;11;13;12;0
34092;561;215;11;13;12;0
34109;574;215;11;13;12;0
34164;587;215;11;13;12;0
34174;600;215;11;13;12;0
34180;613;215;11;13;12;0
34218;626;215;11;13;12;0
34223;639;215;11;13;12;0
34249;652;215;11;13;12;0
34255;665;215;11;13;12;0
34259;678;215;11;13;12;0
34276;691;215;11;13;12;0
34382;704;215;11;13;12;0
34385;717;215;11;13;12;0
34394;730;215;11;13;12;0
34411;743;215;11;13;12;0
34425;756;215;11;13;12;0
34429;769;215;11;13;12;0
34432;782;215;11;13;12;0
34444;795;215;11;13;12;0
34476;548;215;11;13;12;0
34496;535;215;11;13;12;0
34503;522;215;11;13;12;0
34507;379;215;11;13;12;0
34521;275;215;11;13;12;0
34523;288;215;11;13;12;0
34532;301;215;11;13;12;0
34542;314;215;11;13;12;0
34558;338;560;11;13;12;0
34562;327;215;11;13;12;0
34563;340;215;11;13;12;0
34583;353;215;11;13;12;0
34584;366;215;11;13;12;0
34586;392;215;11;13;12;0
34588;509;215;11;13;12;0
34593;405;215;11;13;12;0
34615;418;215;11;13;12;0
34649;431;215;11;13;12;0
34656;444;215;11;13;12;0
34676;457;215;11;13;12;0
34678;470;215;11;13;12;0
34691;483;215;11;13;12;0
34696;532;560;11;13;12;0
34701;496;215;11;13;12;0
34746;390;230;11;13;12;0
34809;985;230;11;13;12;0
34837;677;260;11;13;12;0
34850;998;230;11;13;12;0
34880;417;260;11;13;12;0
34892;430;260;11;13;12;0
34900;443;260;11;13;12;0
34903;456;260;11;13;12;0
34913;469;260;11;13;12;0
34915;482;260;11;13;12;0
34917;495;260;11;13;12;0
34920;508;260;11;13;12;0
34923;521;260;11;13;12;0
34924;534;260;11;13;12;0
34928;547;260;11;13;12;0
34935;560;260;11;13;12;0
34955;573;260;11;13;12;0
34957;586;260;11;13;12;0
34962;599;260;11;13;12;0
34966;612;260;11;13;12;0
34972;625;260;11;13;12;0
34987;638;260;11;13;12;0
34989;651;260;11;13;12;0
34993;404;260;11;13;12;0
35009;391;260;11;13;12;0
35010;378;260;11;13;12;0
35013;236;260;11;13;12;0
35044;132;260;11;13;12;0
35064;145;260;11;13;12;0
35065;158;260;11;13;12;0
35090;171;260;11;13;12;0
35199;184;260;11;13;12;0
35201;197;260;11;13;12;0
35206;210;260;11;13;12;0
35265;223;260;11;13;12;0
35266;249;260;11;13;12;0
35268;365;260;11;13;12;0
35269;262;260;11;13;12;0
35270;275;260;11;13;12;0
35272;288;260;11;13;12;0
35273;301;260;11;13;12;0
35274;314;260;11;13;12;0
35278;327;260;11;13;12;0
35282;340;260;10;13;12;0
35299;352;260;11;13;12;0
35302;664;260;11;13;12;0
35303;843;560;11;13;12;0
35328;690;260;11;13;12;0
35465;236;275;11;13;12;0
35475;703;260;11;13;12;0
35686;1002;260;11;13;12;0
35745;2;275;11;13;12;0
35746;15;275;11;13;12;0
35748;28;275;11;13;12;0
35752;41;275;11;13;12;0
35753;54;275;11;13;12;0
35757;67;275;11;13;12;0
35758;80;275;11;13;12;0
35759;93;275;11;13;12;0
35760;106;275;11;13;12;0
35762;119;275;11;13;12;0
35766;132;275;11;13;12;0
35768;145;275;11;13;12;0
35770;158;275;11;13;12;0
35773;171;275;11;13;12;0
35774;184;275;11;13;12;0
35775;197;275;11;13;12;0
35776;210;275;11;13;12;0
35777;223;275;11;13;12;0
35780;989;260;11;13;12;0
35781;976;260;11;13;12;0
35782;963;260;11;13;12;0
35784;820;260;11;13;12;0
35785;716;260;11;13;12;0
35786;729;260;11;13;12;0
35789;742;260;11;13;12;0
35797;755;260;11;13;12;0
35799;768;260;11;13;12;0
35802;781;260;11;13;12;0
35805;794;260;11;13;12;0
35806;807;260;11;13;12;0
35809;833;260;11;13;12;0
35810;950;260;11;13;12;0
35813;846;260;11;13;12;0
35814;859;260;11;13;12;0
35815;872;260;11;13;12;0
35817;885;260;11;13;12;0
35819;898;260;11;13;12;0
35821;911;260;11;13;12;0
35823;924;260;11;13;12;0
35825;937;260;11;13;12;0
35828;119;260;11;13;12;0
35830;106;260;11;13;12;0
35831;93;260;11;13;12;0
35832;80;260;11;13;12;0
35834;275;245;11;13;12;0
35835;288;245;11;13;12;0
35838;301;245;11;13;12;0
35841;314;245;11;13;12;0
35842;223;560;11;13;12;0
35843;327;245;11;13;12;0
35844;340;245;11;13;12;0
35845;353;245;11;13;12;0
35848;366;245;11;13;12;0
35850;392;245;11;13;12;0
35851;509;245;11;13;12;0
35854;405;245;11;13;12;0
35856;418;245;11;13;12;0
35859;431;245;11;13;12;0
35867;444;245;11;13;12;0
35868;457;245;11;13;12;0
35874;470;245;11;13;12;0
35875;483;245;11;13;12;0
35878;496;245;11;13;12;0
35880;262;245;11;13;12;0
35884;379;245;11;13;12;0
35889;249;245;11;13;12;0
35892;93;245;11;13;12;0
35894;1011;230;11;13;12;0
35895;2;245;11;13;12;0
35910;15;245;11;13;12;0
35916;78;545;11;13;12;0
35937;28;245;11;13;12;0
35946;41;245;11;13;12;0
35947;54;245;11;13;12;0
35980;67;245;11;13;12;0
36125;80;245;11;13;12;0
36127;106;245;11;13;12;0
36129;223;245;11;13;12;0
36130;119;245;11;13;12;0
36131;132;245;11;13;12;0
36132;145;245;11;13;12;0
36133;158;245;11;13;12;0
36134;171;245;11;13;12;0
36135;184;245;11;13;12;0
36136;197;245;11;13;12;0
36137;210;245;11;13;12;0
36140;236;245;11;13;12;0
36141;522;245;11;13;12;0
36145;535;245;11;13;12;0
36148;548;245;11;13;12;0
36149;847;245;11;13;12;0
36151;860;245;11;13;12;0
36152;873;245;11;13;12;0
36153;886;245;11;13;12;0
36154;899;245;11;13;12;0
36163;912;245;11;13;12;0
36164;925;245;11;13;12;0
36171;938;245;11;13;12;0
36172;951;245;11;13;12;0
36174;964;245;11;13;12;0
36175;977;245;11;13;12;0
36182;990;245;11;13;12;0
36184;1003;245;11;13;12;0
36186;2;260;11;13;12;0
36187;15;260;11;13;12;0
36190;28;260;11;13;12;0
36192;41;260;11;13;12;0
36193;54;260;11;13;12;0
36194;67;260;11;13;12;0
36203;834;245;11;13;12;0
36208;821;245;11;13;12;0
36212;808;245;11;13;12;0
36214;665;245;11;13;12;0
36215;561;245;11;13;12;0
36225;574;245;11;13;12;0
36229;587;245;11;13;12;0
36234;600;245;11;13;12;0
36235;613;245;11;13;12;0
36255;626;245;11;13;12;0
36259;639;245;11;13;12;0
36275;652;245;11;13;12;0
36276;678;245;11;13;12;0
36286;795;245;11;13;12;0
36291;691;245;11;13;12;0
36299;704;245;11;13;12;0
36300;717;245;11;13;12;0
36305;730;245;11;13;12;0
36314;743;245;11;13;12;0
36317;756;245;11;13;12;0
36319;769;245;11;13;12;0
36328;782;245;11;13;12;0
36335;710;200;11;13;12;0
36339;972;230;11;13;12;0
36341;697;200;11;13;12;0
36343;457;170;11;13;12;0
36346;626;155;11;13;12;0
36367;639;155;11;13;12;0
36381;652;155;11;13;12;0
36386;665;155;11;13;12;0
36393;678;155;11;13;12;0
36394;691;155;11;13;12;0
36401;704;155;11;13;12;0
36424;717;155;11;13;12;0
36426;730;155;11;13;12;0
36427;743;155;11;13;12;0
36434;756;155;11;13;12;0
36454;769;155;11;13;12;0
36461;782;155;11;13;12;0
36466;795;155;11;13;12;0
36479;808;155;11;13;12;0
36481;821;155;11;13;12;0
36523;834;155;11;13;12;0
36524;847;155;11;13;12;0
36530;860;155;11;13;12;0
36538;613;155;11;13;12;0
36710;600;155;11;13;12;0
36712;587;155;11;13;12;0
36716;444;155;11;13;12;0
36718;340;155;11;13;12;0
36719;353;155;11;13;12;0
36720;366;155;11;13;12;0
36724;379;155;11;13;12;0
36731;392;155;11;13;12;0
36733;405;155;11;13;12;0
36739;418;155;11;13;12;0
36741;431;155;11;13;12;0
36742;457;155;11;13;12;0
36744;574;155;11;13;12;0
36745;470;155;11;13;12;0
36752;483;155;11;13;12;0
36753;496;155;11;13;12;0
36755;509;155;11;13;12;0
36757;522;155;11;13;12;0
36759;535;155;11;13;12;0
36761;548;155;11;13;12;0
36763;561;155;11;13;12;0
36766;873;155;11;13;12;0
36767;899;155;11;13;12;0
36771;444;170;11;13;12;0
36776;912;155;11;13;12;0
36777;197;170;11;13;12;0
36785;210;170;11;13;12;0
36793;223;170;11;13;12;0
36798;236;170;11;13;12;0
36801;249;170;11;13;12;0
36805;262;170;11;13;12;0
36807;275;170;11;13;12;0
36808;288;170;11;13;12;0
36814;301;170;11;13;12;0
36816;314;170;11;13;12;0
36817;327;170;11;13;12;0
36820;340;170;11;13;12;0
36824;353;170;11;13;12;0
36825;366;170;11;13;12;0
36827;379;170;11;13;12;0
36828;392;170;11;13;12;0
36829;405;170;11;13;12;0
36830;418;170;11;13;12;0
36831;431;170;11;13;12;0
36834;184;170;11;13;12;0
36842;171;170;11;13;12;0
36843;158;170;11;13;12;0
36845;15;170;11;13;12;0
36848;925;155;11;13;12;0
36855;938;155;11;13;12;0
36856;951;155;11;13;12;0
36857;964;155;11;13;12;0
36861;977;155;11;13;12;0
36864;990;155;11;13;12;0
36865;1003;155;11;13;12;0
36866;2;170;11;13;12;0
36867;28;170;11;13;12;0
36873;145;170;11;13;12;0
36874;41;170;11;13;12;0
36879;54;170;11;13;12;0
36880;67;170;11;13;12;0
36882;80;170;11;13;12;0
36884;93;170;11;13;12;0
36887;106;170;11;13;12;0
36890;119;170;11;13;12;0
36891;132;170;11;13;12;0
36893;327;155;11;13;12;0
36894;314;155;11;13;12;0
36895;301;155;11;13;12;0
36896;288;155;11;13;12;0
36898;482;140;11;13;12;0
36910;495;140;11;13;12;0
36920;508;140;11;13;12;0
36923;521;140;11;13;12;0
36924;534;140;11;13;12;0
36935;547;140;11;13;12;0
36941;560;140;11;13;12;0
36947;573;140;11;13;12;0
36951;599;140;11;13;12;0
36962;716;140;11;13;12;0
36963;612;140;11;13;12;0
36965;625;140;11;13;12;0
36973;638;140;11;13;12;0
36974;651;140;11;13;12;0
36981;664;140;11;13;12;0
36991;677;140;11;13;12;0
36992;690;140;11;13;12;0
37003;703;140;11;13;12;0
37027;469;140;11;13;12;0
37034;586;140;11;13;12;0
37038;456;140;11;13;12;0
37048;300;140;11;13;12;0
37051;197;140;11;13;12;0
37057;210;140;11;13;12;0
37066;223;140;11;13;12;0
37070;236;140;10;13;12;1
37096;248;140;11;13;12;0
37117;261;140;11;13;12;0
37197;274;140;11;13;12;0
37202;287;140;11;13;12;0
37221;313;140;11;13;12;0
37226;430;140;11;13;12;0
37228;326;140;11;13;12;0
37233;339;140;11;13;12;0
37239;352;140;11;13;12;0
37240;365;140;11;13;12;0
37247;378;140;11;13;12;0
37257;391;140;11;13;12;0
37266;404;140;11;13;12;0
37319;417;140;11;13;12;0
37322;443;140;11;13;12;0
37324;729;140;11;13;12;0
37325;742;140;11;13;12;0
37326;755;140;11;13;12;0
37327;41;155;11;13;12;0
37329;54;155;11;13;12;0
37492;67;155;11;13;12;0
38024;80;155;11;13;12;0
38025;93;155;11;13;12;0
38035;106;155;11;13;12;0
38043;119;155;11;13;12;0
38047;132;155;11;13;12;0
38048;145;155;11;13;12;0
38050;158;155;11;13;12;0
38053;171;155;11;13;12;0
38054;184;155;11;13;12;0
38057;197;155;11;13;12;0
38062;210;155;11;13;12;0
38065;223;155;11;13;12;0
38067;236;155;11;13;12;0
38075;249;155;11;13;12;0
38081;262;155;11;13;12;0
38083;275;155;11;13;12;0
38085;28;155;11;13;12;0
38107;15;155;11;13;12;0
38108;2;155;11;13;12;0
38124;377;560;11;13;12;0
38125;872;140;11;13;12;0
38126;768;140;11;13;12;0
38130;781;140;11;13;12;0
38134;794;140;11;13;12;0
38142;807;140;11;13;12;0
38143;820;140;11;13;12;0
38144;833;140;11;13;12;0
38145;846;140;11;13;12;0
38149;859;140;11;13;12;0
38152;885;140;11;13;12;0
38155;1002;140;11;13;12;0
38159;898;140;11;13;12;0
38160;911;140;11;13;12;0
38169;924;140;11;13;12;0
38180;937;140;11;13;12;0
38181;950;140;11;13;12;0
38190;963;140;11;13;12;0
38191;976;140;11;13;12;0
38197;989;140;11;13;12;0
38203;886;155;11;13;12;0
38209;93;577;11;13;12;0
38215;470;170;11;13;12;0
38224;99;200;11;13;12;0
38230;483;170;11;13;12;0
38236;866;185;11;13;12;0
38252;67;560;11;13;12;0
38259;879;185;11;13;12;0
38271;892;185;11;13;12;0
38376;905;185;10;13;12;1
38378;917;185;10;13;12;1
38381;929;185;10;13;12;1
38382;941;185;10;13;12;1
38383;953;185;11;13;12;0
38386;966;185;11;13;12;0
38388;979;185;10;13;12;1
38391;991;185;11;13;12;0
38393;1004;185;11;13;12;0
38395;2;200;11;13;12;0
38400;15;200;11;13;12;0
38405;28;200;11;13;12;0
38420;41;200;11;13;12;0
38429;54;200;4;13;12;0
38431;60;200;11;13;12;0
38449;73;200;11;13;12;0
38450;853;185;11;13;12;0
38451;840;185;11;13;12;0
38452;828;185;10;13;12;0
38453;685;185;11;13;12;0
38454;581;185;11;13;12;0
38459;594;185;11;13;12;0
38463;607;185;11;13;12;0
38468;620;185;11;13;12;0
38469;633;185;11;13;12;0
38470;646;185;11;13;12;0
38472;659;185;11;13;12;0
38476;672;185;11;13;12;0
38477;698;185;11;13;12;0
38480;815;185;11;13;12;0
38498;711;185;11;13;12;0
38500;724;185;11;13;12;0
38504;737;185;11;13;12;0
38505;750;185;11;13;12;0
38506;763;185;11;13;12;0
38518;776;185;11;13;12;0
38519;789;185;11;13;12;0
38534;492;560;11;13;12;0
38543;802;185;11;13;12;0
38544;86;200;11;13;12;0
38548;112;200;11;13;12;0
38552;671;200;11;13;12;0
38556;125;200;11;13;12;0
38590;424;200;11;13;12;0
38596;437;200;11;13;12;0
38597;450;200;11;13;12;0
38598;463;200;11;13;12;0
38599;476;200;11;13;12;0
38607;67;577;11;13;12;0
38613;489;200;11;13;12;0
38632;502;200;11;13;12;0
38634;515;200;11;13;12;0
38646;528;200;11;13;12;0
38647;541;200;11;13;12;0
38656;554;200;11;13;12;0
38660;567;200;11;13;12;0
38663;580;200;11;13;12;0
38665;593;200;11;13;12;0
38675;606;200;11;13;12;0
38684;619;200;11;13;12;0
38706;632;200;11;13;12;0
38712;645;200;11;13;12;0
38738;658;200;11;13;12;0
38745;411;200;11;13;12;0
38750;398;200;11;13;12;0
38752;385;200;11;13;12;0
38753;242;200;11;13;12;0
38754;138;200;11;13;12;0
38761;151;200;11;13;12;0
38772;164;200;11;13;12;0
38774;177;200;11;13;12;0
38795;190;200;11;13;12;0
38816;203;200;11;13;12;0
38829;216;200;11;13;12;0
38887;229;200;11;13;12;0
38899;255;200;11;13;12;0
38901;372;200;11;13;12;0
39029;268;200;11;13;12;0
39030;281;200;11;13;12;0
39033;294;200;11;13;12;0
39034;307;200;11;13;12;0
39035;320;200;11;13;12;0
39037;333;200;11;13;12;0
39038;346;200;11;13;12;0
39039;359;200;11;13;12;0
39041;568;185;11;13;12;0
39044;555;185;11;13;12;0
39046;542;185;11;13;12;0
39047;529;185;11;13;12;0
39057;782;170;11;13;12;0
39062;795;170;11;13;12;0
39063;808;170;11;13;12;0
39064;821;170;11;13;12;0
39068;834;170;11;13;12;0
39069;847;170;11;13;12;0
39072;860;170;11;13;12;0
39076;873;170;11;13;12;0
39118;899;170;11;13;12;0
39128;2;185;11;13;12;0
39129;912;170;11;13;12;0
39134;925;170;11;13;12;0
39135;938;170;11;13;12;0
39184;951;170;11;13;12;0
39269;964;170;11;13;12;0
39274;977;170;11;13;12;0
39277;990;170;11;13;12;0
39278;1003;170;11;13;12;0
39280;769;170;11;13;12;0
39286;886;170;11;13;12;0
39292;756;170;11;13;12;0
39295;600;170;11;13;12;0
39302;496;170;11;13;12;0
39306;509;170;11;13;12;0
39318;522;170;11;13;12;0
39321;535;170;11;13;12;0
39336;548;170;11;13;12;0
39532;561;170;11;13;12;0
39533;574;170;11;13;12;0
39537;587;170;11;13;12;0
39543;613;170;11;13;12;0
39550;730;170;11;13;12;0
39551;626;170;11;13;12;0
39554;639;170;11;13;12;0
39556;652;170;11;13;12;0
39564;665;170;11;13;12;0
39569;678;170;11;13;12;0
39575;691;170;11;13;12;0
39578;704;170;11;13;12;0
39588;717;170;11;13;12;0
39592;743;170;11;13;12;0
39600;15;185;11;13;12;0
39608;28;185;11;13;12;0
39640;41;185;11;13;12;0
39654;282;185;11;13;12;0
39740;295;185;11;13;12;0
39745;308;185;11;13;12;0
39746;321;185;11;13;12;0
39749;334;185;11;13;12;0
39764;347;185;11;13;12;0
40060;360;185;11;13;12;0
40063;373;185;11;13;12;0
40065;386;185;11;13;12;0
40092;399;185;11;13;12;0
40120;412;185;11;13;12;0
40479;425;185;11;13;12;0
40481;438;185;11;13;12;0
40482;52;545;11;13;12;0
40483;451;185;11;13;12;0
40485;91;545;11;13;12;0
40486;464;185;11;13;12;0
40509;477;185;11;13;12;0
40511;490;185;11;13;12;0
40517;503;185;11;13;12;0
40560;516;185;11;13;12;0
40614;269;185;11;13;12;0
40635;256;185;11;13;12;0
40644;243;185;11;13;12;0
40655;158;185;11;13;12;0
40657;54;185;11;13;12;0
40664;67;185;11;13;12;0
40667;224;577;11;13;12;0
40718;80;185;11;13;12;0
40723;93;185;11;13;12;0
40736;442;560;11;13;12;0
40763;106;185;11;13;12;0
40784;119;185;11;13;12;0
40831;132;185;11;13;12;0
40836;145;185;11;13;12;0
40857;171;185;11;13;12;0
40863;230;185;11;13;12;0
65281;184;185;2;13;12;2
65288;188;185;3;13;12;6
65289;193;185;3;13;12;2
65292;198;185;2;13;12;2
65303;202;185;6;13;12;2
65306;210;185;2;13;12;2
65307;214;185;2;13;12;2
65308;218;185;10;13;12;1
65311;831;440;6;13;12;1
65343;593;530;9;13;12;1
