"SimSun";0;False;False;0;0;1;1
32;518;902;4;16;4;0
33;657;902;2;14;9;4
34;330;922;5;6;9;3
35;920;902;9;14;9;0
36;635;902;8;15;9;1
37;801;902;8;14;9;1
38;772;902;8;14;9;1
39;326;922;2;6;9;4
40;620;902;5;15;9;3
41;604;902;5;15;9;1
42;288;922;6;10;9;1
43;258;922;8;11;9;1
44;599;902;3;15;9;3
45;306;922;8;8;9;1
46;797;902;2;14;9;4
47;245;922;7;13;9;1
48;811;902;8;14;9;1
49;821;902;4;14;9;2
50;827;902;7;14;9;1
51;836;902;7;14;9;1
52;855;902;8;14;9;1
53;865;902;7;14;9;1
54;874;902;7;14;9;1
55;893;902;7;14;9;1
56;902;902;7;14;9;1
57;911;902;7;14;9;1
58;254;922;2;12;9;3
59;792;902;3;14;9;3
60;278;922;8;11;9;1
61;296;922;8;10;9;1
62;268;922;8;11;9;1
63;845;902;8;14;9;1
64;782;902;8;14;9;1
65;762;902;8;14;9;1
66;661;902;8;14;9;1
67;671;902;8;14;9;1
68;681;902;8;14;9;1
69;691;902;8;14;9;1
70;701;902;8;14;9;1
71;711;902;8;14;9;1
72;721;902;8;14;9;1
73;731;902;2;14;9;4
74;735;902;6;14;9;1
75;743;902;8;14;9;1
76;753;902;7;14;9;1
77;883;902;8;14;9;1
78;931;902;8;14;9;1
79;941;902;8;14;9;1
80;951;902;8;14;9;1
81;539;902;8;15;9;1
82;125;922;8;14;9;1
83;135;922;8;14;9;1
84;145;922;8;14;9;1
85;155;922;8;14;9;1
86;165;922;8;14;9;1
87;175;922;8;14;9;1
88;185;922;8;14;9;1
89;204;922;8;14;9;1
90;195;922;7;14;9;1
91;549;902;5;15;9;3
92;214;922;9;14;9;0
93;556;902;5;15;9;1
94;337;922;6;4;9;2
95;563;902;8;15;9;1
96;345;922;4;4;9;2
97;225;922;8;14;9;1
98;235;922;8;14;9;1
99;115;922;8;14;9;1
100;96;922;8;14;9;1
101;86;922;8;14;9;1
102;961;902;7;14;9;1
103;611;902;7;15;9;1
104;106;922;7;14;9;1
105;979;902;2;14;9;4
106;573;902;4;15;9;2
107;983;902;7;14;9;1
108;992;902;2;14;9;4
109;996;902;8;14;9;1
110;1006;902;7;14;9;1
111;1015;902;8;14;9;1
112;579;902;8;15;9;1
113;589;902;8;15;9;1
114;2;922;6;14;9;2
115;10;922;7;14;9;1
116;19;922;7;14;9;1
117;28;922;7;14;9;1
118;37;922;8;14;9;1
119;47;922;8;14;9;1
120;57;922;8;14;9;1
121;529;902;8;15;9;1
122;77;922;7;14;9;1
123;645;902;6;15;9;2
124;653;902;2;15;9;4
125;627;902;6;15;9;1
126;316;922;8;8;9;1
127;970;902;7;14;9;1
173;909;602;4;18;8;1
183;915;602;2;18;16;7
215;919;602;9;18;16;3
233;67;922;8;14;9;1
8208;930;602;8;18;16;4
8212;940;602;13;18;16;1
8216;955;602;3;18;16;10
8217;960;602;3;18;16;2
8220;965;602;7;18;16;6
8221;974;602;7;18;16;2
9632;351;922;15;18;16;0
9633;746;923;11;18;16;0
9647;983;602;9;18;16;3
9650;368;922;9;16;9;0
12289;994;602;4;18;16;2
12290;1000;602;4;18;16;2
12298;1006;602;10;18;16;4
12299;2;622;10;18;16;2
12300;14;622;4;18;16;10
12301;20;622;4;18;16;2
12302;26;622;6;18;16;8
12303;901;602;6;18;16;2
12465;34;622;12;18;16;1
12561;894;602;5;18;16;5
12583;876;602;1;18;16;7
13331;457;944;15;18;16;0
13706;17;964;13;18;16;0
14769;137;944;15;18;16;0
14796;423;944;15;18;16;0
15439;50;964;15;18;16;0
17403;205;944;15;18;16;0
17601;120;944;15;18;16;0
19968;592;602;15;18;16;0
19969;609;602;13;18;16;1
19971;624;602;14;18;16;0
19975;640;602;15;18;16;0
19976;657;602;15;18;16;0
19977;674;602;15;18;16;0
19978;691;602;15;18;16;0
19979;708;602;15;18;16;0
19981;725;602;14;18;16;0
19982;741;602;14;18;16;0
19985;757;602;15;18;16;0
19987;774;602;15;18;16;0
19988;791;602;15;18;16;0
19990;808;602;15;18;16;0
19992;825;602;15;18;16;0
19994;842;602;15;18;16;0
19995;859;602;15;18;16;0
19996;879;602;13;18;16;1
19997;65;622;15;18;16;0
20002;391;622;15;18;16;0
20004;82;622;15;18;16;0
20005;439;622;15;18;16;0
20007;456;622;15;18;16;0
20008;839;944;15;18;16;0
20010;473;622;15;18;16;0
20011;490;622;10;18;16;2
20012;502;622;6;18;16;2
20013;510;622;11;18;16;2
20016;523;622;15;18;16;0
20018;540;622;13;18;16;1
20020;555;622;14;18;16;1
20022;571;622;5;18;16;5
20024;578;622;15;18;16;0
20025;686;944;15;18;16;0
20026;595;622;13;18;16;0
20027;610;622;15;18;16;0
20029;627;622;15;18;16;0
20030;644;622;15;18;16;0
20031;661;622;6;18;16;2
20032;874;944;15;18;16;0
20037;669;622;15;18;16;0
20040;424;622;13;18;16;1
20041;686;622;15;18;16;0
20043;408;622;14;18;16;1
20044;376;622;13;18;16;1
20046;99;622;15;18;16;0
20047;116;622;15;18;16;0
20048;133;622;13;18;16;1
20056;148;622;15;18;16;0
20060;567;923;15;18;16;0
20061;165;622;15;18;16;0
20063;182;622;15;18;16;0
20064;199;622;12;18;16;1
20065;213;622;13;18;16;0
20070;228;622;14;18;16;0
20080;244;622;15;18;16;0
20081;261;622;15;18;16;0
20101;858;944;15;18;16;0
20102;278;622;12;18;16;1
20104;292;622;14;18;16;1
20105;308;622;15;18;16;0
20107;325;622;15;18;16;0
20108;342;622;15;18;16;0
20110;359;622;15;18;16;0
20111;575;602;15;18;16;0
20113;48;622;15;18;16;0
20114;558;602;15;18;16;0
20116;844;582;15;18;16;0
20117;538;582;15;18;16;0
20123;555;582;15;18;16;0
20129;572;582;15;18;16;0
20132;589;582;15;18;16;0
20134;606;582;15;18;16;0
20135;623;582;15;18;16;0
20136;640;582;15;18;16;0
20139;657;582;15;18;16;0
20141;674;582;15;18;16;0
20142;691;582;15;18;16;0
20146;708;582;15;18;16;0
20154;725;582;15;18;16;0
20155;86;944;15;18;16;0
20159;742;582;15;18;16;0
20160;759;582;15;18;16;0
20161;776;582;15;18;16;0
20164;793;582;15;18;16;0
20165;810;582;15;18;16;0
20167;521;582;15;18;16;0
20170;827;582;15;18;16;0
20171;504;582;15;18;16;0
20173;471;582;14;18;16;0
20174;186;582;15;18;16;0
20179;203;582;15;18;16;0
20180;220;582;15;18;16;0
20182;237;582;15;18;16;0
20184;254;582;15;18;16;0
20185;271;582;14;18;16;0
20195;287;582;15;18;16;0
20196;304;582;15;18;16;0
20197;321;582;13;18;16;2
20202;336;582;15;18;16;0
20204;353;582;14;18;16;0
20210;551;923;15;18;16;0
20214;369;582;15;18;16;0
20215;386;582;15;18;16;0
20219;403;582;15;18;16;0
20221;420;582;15;18;16;0
20223;437;582;15;18;16;0
20234;116;964;15;18;16;0
20237;454;582;15;18;16;0
20239;487;582;15;18;16;0
20240;861;582;15;18;16;0
20241;186;602;15;18;16;0
20247;878;582;15;18;16;0
20248;237;602;15;18;16;0
20249;254;602;15;18;16;0
20250;271;602;15;18;16;0
20255;288;602;15;18;16;0
20256;305;602;15;18;16;0
20260;322;602;15;18;16;0
20262;339;602;15;18;16;0
20266;356;602;14;18;16;0
20271;584;944;15;18;16;0
20272;372;602;15;18;16;0
20273;222;944;15;18;16;0
20276;389;602;15;18;16;0
20280;406;602;14;18;16;0
20284;422;602;15;18;16;0
20294;439;602;15;18;16;0
20301;456;602;15;18;16;0
20302;473;602;15;18;16;0
20303;490;602;15;18;16;0
20304;534;923;15;18;16;0
20307;507;602;15;18;16;0
20309;220;602;15;18;16;0
20311;172;944;15;18;16;0
20313;524;602;15;18;16;0
20315;203;602;15;18;16;0
20316;169;602;15;18;16;0
20320;895;582;15;18;16;0
20322;517;923;15;18;16;0
20323;912;582;14;18;16;0
20329;928;582;15;18;16;0
20339;945;582;15;18;16;0
20351;962;582;15;18;16;0
20353;82;964;15;18;16;0
20358;979;582;15;18;16;0
20360;996;582;14;18;16;0
20363;2;602;14;18;16;0
20379;18;602;15;18;16;0
20381;35;602;15;18;16;0
20384;52;602;15;18;16;0
20387;69;602;14;18;16;0
20390;960;923;15;18;16;0
20391;85;602;14;18;16;0
20398;101;602;15;18;16;0
20399;118;602;15;18;16;0
20405;135;602;15;18;16;0
20415;152;602;15;18;16;0
20419;541;602;15;18;16;0
20426;703;622;15;18;16;0
20439;720;622;15;18;16;0
20442;737;622;15;18;16;0
20445;442;662;15;18;16;0
20449;459;662;15;18;16;0
20457;476;662;15;18;16;0
20462;493;662;15;18;16;0
20463;510;662;15;18;16;0
20465;527;662;15;18;16;0
20493;544;662;15;18;16;0
20498;561;662;14;18;16;0
20505;577;662;15;18;16;0
20511;594;662;15;18;16;0
20513;611;662;14;18;16;0
20518;627;662;15;18;16;0
20538;644;662;15;18;16;0
20540;661;662;15;18;16;0
20542;678;662;15;18;16;0
20551;695;662;15;18;16;0
20552;651;923;15;18;16;0
20559;712;662;14;18;16;0
20570;425;662;15;18;16;0
20572;728;662;15;18;16;0
20581;408;662;15;18;16;0
20598;374;662;15;18;16;0
20599;85;662;15;18;16;0
20607;102;662;15;18;16;0
20648;119;662;15;18;16;0
20652;136;662;15;18;16;0
20658;153;662;15;18;16;0
20667;170;662;15;18;16;0
20687;187;662;15;18;16;0
20698;204;662;15;18;16;0
20725;221;662;15;18;16;0
20799;238;662;15;18;16;0
20800;255;662;15;18;16;0
20801;272;662;15;18;16;0
20803;289;662;15;18;16;0
20804;306;662;15;18;16;0
20805;323;662;15;18;16;0
20808;340;662;15;18;16;0
20809;357;662;15;18;16;0
20811;391;662;15;18;16;0
20813;745;662;15;18;16;0
20817;762;662;13;18;16;1
20820;777;662;15;18;16;0
20828;119;682;13;18;16;1
20837;134;682;15;18;16;0
20840;151;682;15;18;16;0
20841;168;682;15;18;16;0
20843;185;682;14;18;16;1
20844;201;682;15;18;16;0
20845;218;682;15;18;16;0
20846;235;682;15;18;16;0
20848;652;944;15;18;16;0
20849;269;682;14;18;16;1
20851;421;682;15;18;16;0
20852;285;682;15;18;16;0
20853;302;682;15;18;16;0
20854;319;682;15;18;16;0
20855;336;682;15;18;16;0
20856;353;682;15;18;16;0
20857;370;682;15;18;16;0
20859;387;682;15;18;16;0
20860;404;682;15;18;16;0
20861;102;682;15;18;16;0
20869;87;682;13;18;16;1
20871;400;923;15;18;16;0
20876;70;682;15;18;16;0
20877;53;682;15;18;16;0
20882;794;662;11;18;16;2
20889;807;662;15;18;16;0
20891;824;662;15;18;16;0
20892;841;662;15;18;16;0
20896;858;662;15;18;16;0
20900;875;662;15;18;16;0
20912;892;662;15;18;16;0
20914;909;662;14;18;16;0
20915;925;662;15;18;16;0
20917;942;662;15;18;16;0
20918;959;662;14;18;16;0
20919;975;662;15;18;16;0
20923;992;662;15;18;16;0
20924;1006;944;15;18;16;0
20928;2;682;15;18;16;0
20932;19;682;15;18;16;0
20934;36;682;15;18;16;0
20937;68;662;15;18;16;0
20940;51;662;15;18;16;0
20943;34;662;15;18;16;0
20945;367;642;15;18;16;0
20957;81;642;15;18;16;0
20960;98;642;15;18;16;0
20961;115;642;15;18;16;0
20973;132;642;15;18;16;0
20979;149;642;15;18;16;0
20982;166;642;13;18;16;1
20985;181;642;13;18;16;1
20986;196;642;13;18;16;1
20987;211;642;15;18;16;0
20992;228;642;12;18;16;1
20993;242;642;12;18;16;1
20995;256;642;12;18;16;1
20998;270;642;15;18;16;0
20999;287;642;14;18;16;0
21002;303;642;14;18;16;0
21009;319;642;14;18;16;0
21010;335;642;14;18;16;0
21015;65;642;14;18;16;0
21017;351;642;14;18;16;0
21018;50;642;13;18;16;1
21019;18;642;14;18;16;0
21021;754;622;14;18;16;0
21024;770;622;15;18;16;0
21028;787;622;14;18;16;0
21032;803;622;14;18;16;0
21033;819;622;14;18;16;0
21035;835;622;14;18;16;0
21038;851;622;14;18;16;0
21040;867;622;14;18;16;0
21046;883;622;14;18;16;0
21047;899;622;15;18;16;0
21048;916;622;15;18;16;0
21050;933;622;14;18;16;0
21051;949;622;14;18;16;0
21057;965;622;14;18;16;0
21058;981;622;14;18;16;0
21069;997;622;15;18;16;0
21070;2;642;14;18;16;0
21073;34;642;14;18;16;0
21076;384;642;14;18;16;0
21093;707;642;14;18;16;0
21095;400;642;14;18;16;0
21097;754;642;15;18;16;0
21098;771;642;15;18;16;0
21103;788;642;14;18;16;1
21106;804;642;14;18;16;0
21147;820;642;12;18;16;1
21149;834;642;14;18;16;0
21150;850;642;14;18;16;1
21151;866;642;14;18;16;0
21152;882;642;14;18;16;0
21153;898;642;15;18;16;0
21155;915;642;14;18;16;0
21160;931;642;14;18;16;0
21161;947;642;14;18;16;0
21162;963;642;15;18;16;0
21163;980;642;14;18;16;0
21169;996;642;15;18;16;0
21170;2;662;14;18;16;0
21171;737;642;15;18;16;0
21183;18;662;14;18;16;1
21191;723;642;12;18;16;1
21193;690;642;15;18;16;0
21202;416;642;14;18;16;0
21208;432;642;14;18;16;0
21220;448;642;14;18;16;0
21242;464;642;13;18;16;0
21246;479;642;13;18;16;0
21247;494;642;14;18;16;0
21253;510;642;14;18;16;0
21270;526;642;15;18;16;0
21271;543;642;15;18;16;0
21280;560;642;14;18;16;1
21290;576;642;14;18;16;1
21305;592;642;14;18;16;1
21306;608;642;14;18;16;1
21307;624;642;14;18;16;1
21311;640;642;14;18;16;1
21313;656;642;15;18;16;0
21315;673;642;15;18;16;0
21319;169;582;15;18;16;0
21320;252;682;15;18;16;0
21321;152;582;15;18;16;0
21322;966;562;15;18;16;0
21326;468;502;15;18;16;0
21327;485;502;15;18;16;0
21329;502;502;15;18;16;0
21330;519;502;15;18;16;0
21331;536;502;15;18;16;0
21333;553;502;15;18;16;0
21334;570;502;15;18;16;0
21335;587;502;15;18;16;0
21338;604;502;15;18;16;0
21340;621;502;6;18;16;6
21343;629;502;13;18;16;1
21344;644;502;13;18;16;2
21345;659;502;15;18;16;0
21346;912;923;15;18;16;0
21350;676;502;15;18;16;0
21351;693;502;14;18;16;1
21355;709;502;15;18;16;0
21360;726;502;13;18;16;1
21361;452;502;14;18;16;0
21363;741;502;13;18;16;1
21364;436;502;14;18;16;0
21367;402;502;15;18;16;0
21373;1;964;13;18;16;0
21378;113;502;15;18;16;0
21380;130;502;15;18;16;0
21381;147;502;15;18;16;0
21382;164;502;15;18;16;0
21385;181;502;15;18;16;0
21387;198;502;15;18;16;0
21388;215;502;15;18;16;0
21400;232;502;15;18;16;0
21402;249;502;15;18;16;0
21407;266;502;15;18;16;0
21409;490;944;15;18;16;0
21410;283;502;15;18;16;0
21416;300;502;15;18;16;0
21417;317;502;15;18;16;0
21422;334;502;15;18;16;0
21434;355;944;15;18;16;0
21435;351;502;15;18;16;0
21441;939;944;15;18;16;0
21442;368;502;15;18;16;0
21448;385;502;15;18;16;0
21449;419;502;15;18;16;0
21450;772;502;15;18;16;0
21451;67;522;15;18;16;0
21452;789;502;15;18;16;0
21453;117;522;15;18;16;0
21457;134;522;14;18;16;1
21460;150;522;15;18;16;0
21462;167;522;15;18;16;0
21463;184;522;15;18;16;0
21464;201;522;15;18;16;0
21467;218;522;15;18;16;0
21472;235;522;15;18;16;0
21475;252;522;11;18;16;2
21476;265;522;15;18;16;0
21477;282;522;13;18;16;0
21478;297;522;12;18;16;1
21480;311;522;13;18;16;1
21482;326;522;13;18;16;1
21483;341;522;13;18;16;1
21484;356;522;13;18;16;0
21486;371;522;14;18;16;1
21487;101;522;14;18;16;1
21488;387;522;13;18;16;1
21490;84;522;15;18;16;0
21491;50;522;15;18;16;0
21494;806;502;14;18;16;1
21495;822;502;15;18;16;0
21496;839;502;12;18;16;1
21497;853;502;14;18;16;1
21500;869;502;13;18;16;1
21501;884;502;14;18;16;1
21505;900;502;14;18;16;1
21507;916;502;14;18;16;1
21508;932;502;15;18;16;0
21512;949;502;15;18;16;0
21513;966;502;15;18;16;0
21514;983;502;11;18;16;2
21516;996;502;12;18;16;2
21517;1010;502;13;18;16;0
21518;2;522;15;18;16;0
21520;19;522;14;18;16;1
21521;35;522;13;18;16;1
21523;97;502;14;18;16;1
21524;756;502;14;18;16;1
21527;82;502;13;18;16;1
21531;393;482;15;18;16;0
21533;100;482;15;18;16;0
21534;117;482;15;18;16;0
21542;134;482;15;18;16;0
21543;151;482;14;18;16;1
21545;167;482;14;18;16;1
21547;183;482;15;18;16;0
21548;200;482;14;18;16;1
21551;216;482;14;18;16;0
21553;232;482;14;18;16;1
21557;248;482;14;18;16;1
21560;264;482;14;18;16;1
21561;280;482;14;18;16;1
21563;296;482;13;18;16;1
21564;311;482;14;18;16;1
21566;327;482;15;18;16;0
21568;344;482;14;18;16;1
21571;360;482;14;18;16;1
21574;83;482;15;18;16;0
21576;376;482;15;18;16;0
21578;66;482;15;18;16;0
21584;34;482;13;18;16;1
21591;776;462;14;18;16;1
21592;792;462;14;18;16;0
21595;808;462;14;18;16;1
21596;824;462;14;18;16;1
21602;840;462;14;18;16;1
21606;856;462;13;18;16;1
21608;871;462;13;18;16;0
21617;886;462;14;18;16;1
21618;902;462;14;18;16;1
21619;918;462;14;18;16;1
21621;934;462;14;18;16;1
21623;950;462;14;18;16;0
21624;552;944;15;18;16;0
21628;966;462;14;18;16;1
21629;982;462;15;18;16;0
21636;999;462;14;18;16;1
21643;2;482;14;18;16;1
21644;18;482;14;18;16;0
21646;49;482;15;18;16;0
21648;410;482;14;18;16;1
21650;733;482;15;18;16;0
21652;426;482;14;18;16;1
21653;782;482;14;18;16;1
21654;798;482;14;18;16;0
21657;814;482;14;18;16;1
21670;830;482;15;18;16;0
21671;847;482;14;18;16;0
21673;667;923;15;18;16;0
21674;863;482;14;18;16;1
21675;879;482;15;18;16;0
21676;896;482;15;18;16;0
21679;913;482;14;18;16;1
21681;929;482;13;18;16;1
21683;944;482;15;18;16;0
21684;977;923;14;18;16;0
21691;961;482;14;18;16;1
21693;977;482;14;18;16;0
21695;993;482;15;18;16;0
21696;2;502;15;18;16;0
21697;19;502;13;18;16;1
21700;34;502;14;18;16;1
21702;766;482;14;18;16;0
21703;50;502;14;18;16;1
21704;750;482;14;18;16;1
21705;716;482;15;18;16;0
21709;442;482;13;18;16;1
21710;457;482;14;18;16;1
21714;473;482;14;18;16;1
21716;489;482;14;18;16;1
21717;505;482;13;18;16;1
21719;520;482;14;18;16;1
21727;536;482;14;18;16;0
21733;552;482;15;18;16;0
21734;569;482;15;18;16;0
21735;586;482;14;18;16;1
21736;602;482;13;18;16;1
21738;617;482;14;18;16;1
21740;473;944;15;18;16;0
21741;633;482;15;18;16;0
21746;650;482;14;18;16;1
21756;666;482;14;18;16;1
21767;682;482;15;18;16;0
21769;699;482;15;18;16;0
21775;66;502;14;18;16;1
21780;402;522;15;18;16;0
21792;419;522;14;18;16;1
21796;435;522;15;18;16;0
21799;165;562;13;18;16;1
21804;180;562;14;18;16;1
21806;196;562;14;18;16;0
21807;212;562;14;18;16;1
21808;228;562;14;18;16;1
21809;244;562;13;18;16;1
21815;259;562;14;18;16;1
21827;275;562;14;18;16;1
21830;291;562;13;18;16;1
21834;306;562;14;18;16;0
21857;322;562;15;18;16;0
21860;339;562;14;18;16;1
21861;355;562;14;18;16;1
21862;371;562;14;18;16;1
21863;823;944;15;18;16;0
21866;387;562;13;18;16;1
21868;402;562;15;18;16;0
21872;419;562;14;18;16;1
21890;149;562;14;18;16;1
21892;435;562;15;18;16;0
21897;133;562;14;18;16;1
21898;100;562;14;18;16;1
21903;838;542;15;18;16;0
21908;855;542;14;18;16;1
21912;871;542;15;18;16;0
21913;888;542;15;18;16;0
21916;905;542;15;18;16;0
21917;922;542;13;18;16;1
21939;937;542;15;18;16;0
21941;954;542;14;18;16;1
21943;970;542;14;18;16;1
21947;986;542;14;18;16;1
21949;1002;542;14;18;16;1
21968;700;923;15;18;16;0
21968;2;562;14;18;16;1
21969;18;562;14;18;16;1
21970;34;562;15;18;16;0
21971;51;562;15;18;16;0
21985;68;562;14;18;16;1
21990;84;562;14;18;16;0
21992;116;562;15;18;16;0
21996;452;562;15;18;16;0
21999;469;562;15;18;16;0
22000;502;923;13;18;16;0
22007;486;562;14;18;16;1
22016;836;562;14;18;16;0
22017;852;562;14;18;16;1
22021;618;923;14;18;16;0
22025;868;562;15;18;16;0
22030;885;562;14;18;16;1
22040;901;562;14;18;16;1
22043;917;562;15;18;16;0
22046;934;562;13;18;16;1
22047;949;562;15;18;16;0
22060;983;562;15;18;16;0
22061;119;582;14;18;16;1
22066;1000;562;14;18;16;0
22068;2;582;15;18;16;0
22070;19;582;15;18;16;0
22079;36;582;15;18;16;0
22081;53;582;15;18;16;0
22094;70;582;14;18;16;1
22095;601;923;15;18;16;0
22096;86;582;14;18;16;1
22100;102;582;15;18;16;0
22103;819;562;15;18;16;0
22108;802;562;15;18;16;0
22114;785;562;15;18;16;0
22120;768;562;15;18;16;0
22122;502;562;15;18;16;0
22123;519;562;14;18;16;1
22124;535;562;15;18;16;0
22133;33;964;15;18;16;0
22140;552;562;14;18;16;1
22158;568;562;15;18;16;0
22159;389;944;15;18;16;0
22163;585;562;14;18;16;1
22191;601;562;15;18;16;0
22204;618;562;14;18;16;1
22228;634;562;14;18;16;1
22234;650;562;13;18;16;1
22235;665;562;13;18;16;1
22238;680;562;11;18;16;2
22240;693;562;13;18;16;1
22242;708;562;13;18;16;1
22253;723;562;13;18;16;1
22256;738;562;13;18;16;1
22260;753;562;13;18;16;1
22266;823;542;13;18;16;1
22269;808;542;13;18;16;1
22270;793;542;13;18;16;1
22275;716;923;13;18;16;0
22278;87;542;13;18;16;1
22280;809;522;13;18;16;1
22303;824;522;15;18;16;0
22307;841;522;15;18;16;0
22312;858;522;15;18;16;0
22320;875;522;15;18;16;0
22330;892;522;14;18;16;0
22334;908;522;15;18;16;0
22343;925;522;14;18;16;0
22349;941;522;15;18;16;0
22350;958;522;15;18;16;0
22351;975;522;15;18;16;0
22352;992;522;15;18;16;0
22353;989;944;15;18;16;0
22359;2;542;15;18;16;0
22362;19;542;15;18;16;0
22363;36;542;15;18;16;0
22368;53;542;15;18;16;0
22369;792;522;15;18;16;0
22374;70;542;15;18;16;0
22402;775;522;15;18;16;0
22403;741;522;15;18;16;0
22411;452;522;15;18;16;0
22418;469;522;15;18;16;0
22432;486;522;15;18;16;0
22441;503;522;15;18;16;0
22443;520;522;15;18;16;0
22446;537;522;15;18;16;0
22467;554;522;15;18;16;0
22475;571;522;15;18;16;0
22478;588;522;15;18;16;0
22495;605;522;15;18;16;0
22496;622;522;15;18;16;0
22521;639;522;15;18;16;0
22522;455;682;15;18;16;0
22530;673;522;15;18;16;0
22534;690;522;15;18;16;0
22549;707;522;15;18;16;0
22561;724;522;15;18;16;0
22564;758;522;15;18;16;0
22570;102;542;15;18;16;0
22581;437;542;15;18;16;0
22604;119;542;14;18;16;0
22609;488;542;15;18;16;0
22612;505;542;15;18;16;0
22616;522;542;15;18;16;0
22622;539;542;15;18;16;0
22635;556;542;15;18;16;0
22659;573;542;15;18;16;0
22661;590;542;15;18;16;0
22675;607;542;15;18;16;0
22681;624;542;15;18;16;0
22686;641;542;14;18;16;0
22687;657;542;15;18;16;0
22696;674;542;15;18;16;0
22697;691;542;15;18;16;0
22721;708;542;15;18;16;0
22737;725;542;15;18;16;0
22756;742;542;15;18;16;0
22763;759;542;15;18;16;0
22766;471;542;15;18;16;0
22768;776;542;15;18;16;0
22771;454;542;15;18;16;0
22788;420;542;15;18;16;0
22791;135;542;15;18;16;0
22797;152;542;15;18;16;0
22806;169;542;14;18;16;0
22810;185;542;12;18;16;1
22812;199;542;15;18;16;0
22815;216;542;15;18;16;0
22823;233;542;15;18;16;0
22825;250;542;15;18;16;0
22826;267;542;15;18;16;0
22827;284;542;15;18;16;0
22833;301;542;15;18;16;0
22836;318;542;15;18;16;0
22840;335;542;15;18;16;0
22841;352;542;15;18;16;0
22842;369;542;15;18;16;0
22855;386;542;15;18;16;0
22856;669;944;15;18;16;0
22857;403;542;15;18;16;0
22859;135;582;15;18;16;0
22860;406;944;15;18;16;0
22863;438;682;15;18;16;0
22868;987;722;15;18;16;0
22870;472;682;15;18;16;0
22871;729;822;15;18;16;0
22882;746;822;15;18;16;0
22885;763;822;15;18;16;0
22899;780;822;15;18;16;0
22902;797;822;14;18;16;0
22905;813;822;15;18;16;0
22909;830;822;15;18;16;0
22914;847;822;14;18;16;0
22916;863;822;15;18;16;0
22918;880;822;15;18;16;0
22919;897;822;14;18;16;0
22920;913;822;14;18;16;0
22930;929;822;15;18;16;0
22937;946;822;15;18;16;0
22949;963;822;15;18;16;0
22952;980;822;15;18;16;0
22969;997;822;15;18;16;0
22971;712;822;15;18;16;0
22982;2;842;15;18;16;0
22987;695;822;15;18;16;0
22992;661;822;15;18;16;0
22993;377;822;15;18;16;0
22995;394;822;15;18;16;0
22996;411;822;15;18;16;0
23004;428;822;15;18;16;0
23013;167;964;15;18;16;0
23016;445;822;15;18;16;0
23035;462;822;14;18;16;0
23039;478;822;15;18;16;0
23041;495;822;15;18;16;0
23047;133;964;15;18;16;0
23064;512;822;15;18;16;0
23068;635;944;15;18;16;0
23089;529;822;15;18;16;0
23092;546;822;14;18;16;0
23113;562;822;15;18;16;0
23130;579;822;15;18;16;0
23156;596;822;13;18;16;1
23194;611;822;14;18;16;0
23241;627;822;15;18;16;0
23244;644;822;15;18;16;0
23376;678;822;15;18;16;0
23380;36;842;15;18;16;0
23381;376;842;15;18;16;0
23383;53;842;15;18;16;0
23384;427;842;15;18;16;0
23386;444;842;15;18;16;0
23394;461;842;15;18;16;0
23395;478;842;15;18;16;0
23396;495;842;15;18;16;0
23398;512;842;15;18;16;0
23401;529;842;15;18;16;0
23425;546;842;15;18;16;0
23427;563;842;15;18;16;0
23429;580;842;15;18;16;0
23431;597;842;15;18;16;0
23432;614;842;15;18;16;0
23433;631;842;15;18;16;0
23436;648;842;15;18;16;0
23439;665;842;15;18;16;0
23447;682;842;15;18;16;0
23448;699;842;15;18;16;0
23449;410;842;15;18;16;0
23450;716;842;15;18;16;0
23452;393;842;15;18;16;0
23453;359;842;15;18;16;0
23454;70;842;15;18;16;0
23456;87;842;15;18;16;0
23457;104;842;15;18;16;0
23458;121;842;15;18;16;0
23459;138;842;15;18;16;0
23460;155;842;15;18;16;0
23467;172;842;15;18;16;0
23472;189;842;15;18;16;0
23475;206;842;15;18;16;0
23478;223;842;15;18;16;0
23481;240;842;15;18;16;0
23485;257;842;15;18;16;0
23486;274;842;15;18;16;0
23487;291;842;15;18;16;0
23490;308;842;15;18;16;0
23492;325;842;15;18;16;0
23494;342;842;15;18;16;0
23500;360;822;15;18;16;0
23504;19;842;15;18;16;0
23506;343;822;15;18;16;0
23507;667;802;15;18;16;0
23519;364;802;15;18;16;0
23521;381;802;15;18;16;0
23525;398;802;15;18;16;0
23544;415;802;15;18;16;0
23545;432;802;14;18;16;1
23547;448;802;15;18;16;0
23548;465;802;15;18;16;0
23550;273;944;15;18;16;0
23551;482;802;15;18;16;0
23553;499;802;15;18;16;0
23556;516;802;15;18;16;0
23558;533;802;15;18;16;0
23562;550;802;15;18;16;0
23567;567;802;15;18;16;0
23569;584;802;13;18;16;1
23572;599;802;15;18;16;0
23574;616;802;15;18;16;0
23576;633;802;15;18;16;0
23578;351;802;11;18;16;2
23581;650;802;15;18;16;0
23588;334;802;15;18;16;0
23596;300;802;15;18;16;0
23601;19;802;15;18;16;0
23604;36;802;15;18;16;0
23608;53;802;13;18;16;0
23610;68;802;15;18;16;0
23612;703;944;15;18;16;0
23613;85;802;15;18;16;0
23614;102;802;15;18;16;0
23616;119;802;14;18;16;0
23617;135;802;14;18;16;0
23618;151;802;15;18;16;0
23621;168;802;15;18;16;0
23624;185;802;14;18;16;0
23625;201;802;15;18;16;0
23627;218;802;15;18;16;0
23631;749;842;14;18;16;0
23633;252;802;13;18;16;0
23637;267;802;15;18;16;0
23646;284;802;14;18;16;0
23648;317;802;15;18;16;0
23653;684;802;15;18;16;0
23665;1000;802;11;18;16;2
23673;701;802;14;18;16;1
23680;36;822;13;18;16;1
23681;51;822;13;18;16;0
23682;66;822;12;18;16;2
23700;80;822;15;18;16;0
23703;97;822;11;18;16;2
23721;110;822;14;18;16;0
23736;126;822;15;18;16;0
23769;143;822;14;18;16;1
23792;159;822;14;18;16;1
23803;175;822;15;18;16;0
23815;192;822;15;18;16;0
23830;209;822;15;18;16;0
23849;226;822;14;18;16;0
23853;242;822;15;18;16;0
23884;259;822;15;18;16;0
24029;276;822;14;18;16;0
24033;292;822;15;18;16;0
24037;19;822;15;18;16;0
24038;309;822;15;18;16;0
24039;2;822;15;18;16;0
24040;986;802;12;18;16;2
24043;717;802;15;18;16;0
24046;734;802;15;18;16;0
24049;751;802;12;18;16;2
24050;765;802;12;18;16;2
24052;779;802;13;18;16;2
24055;794;802;15;18;16;0
24062;811;802;11;18;16;2
24065;824;802;13;18;16;1
24066;839;802;13;18;16;1
24067;854;802;15;18;16;0
24070;871;802;14;18;16;1
24072;887;802;14;18;16;1
24076;903;802;15;18;16;0
24085;920;802;13;18;16;1
24088;935;802;15;18;16;0
24090;952;802;15;18;16;0
24093;969;802;15;18;16;0
24102;326;822;15;18;16;0
24107;733;842;14;18;16;1
24109;885;862;15;18;16;0
24110;765;842;14;18;16;0
24120;501;902;15;18;16;0
24125;825;882;14;18;16;0
24133;528;882;14;18;16;1
24149;561;882;15;18;16;0
24178;578;882;15;18;16;0
24179;595;882;15;18;16;0
24180;612;882;15;18;16;0
24181;256;944;15;18;16;0
24182;629;882;15;18;16;0
24184;646;882;15;18;16;0
24186;663;882;12;18;16;1
24187;677;882;14;18;16;0
24188;693;882;14;18;16;0
24189;709;882;13;18;16;1
24191;724;882;14;18;16;0
24196;740;882;15;18;16;0
24198;757;882;15;18;16;0
24199;774;882;15;18;16;0
24202;791;882;15;18;16;0
24207;511;882;15;18;16;0
24211;808;882;15;18;16;0
24212;494;882;15;18;16;0
24213;460;882;15;18;16;0
24215;172;882;15;18;16;0
24220;189;882;15;18;16;0
24222;206;882;15;18;16;0
24223;223;882;15;18;16;0
24230;240;882;15;18;16;0
24231;257;882;15;18;16;0
24237;274;882;15;18;16;0
24247;291;882;15;18;16;0
24248;308;882;15;18;16;0
24266;325;882;15;18;16;0
24310;342;882;15;18;16;0
24314;359;882;15;18;16;0
24320;376;882;15;18;16;0
24322;393;882;15;18;16;0
24323;410;882;14;18;16;1
24324;426;882;15;18;16;0
24330;443;882;15;18;16;0
24331;103;944;15;18;16;0
24335;477;882;15;18;16;0
24341;841;882;12;18;16;1
24343;956;944;13;18;16;0
24351;154;902;13;18;16;1
24352;855;882;15;18;16;0
24357;203;902;15;18;16;0
24358;220;902;15;18;16;0
24367;237;902;15;18;16;0
24369;254;902;13;18;16;1
24375;890;944;15;18;16;0
24377;269;902;15;18;16;0
24378;286;902;15;18;16;0
24402;303;902;13;18;16;1
24403;318;902;12;18;16;1
24405;332;902;15;18;16;0
24418;349;902;15;18;16;0
24425;366;902;15;18;16;0
24433;383;902;15;18;16;0
24439;400;902;15;18;16;0
24443;417;902;14;18;16;0
24444;433;902;15;18;16;0
24448;450;902;15;18;16;0
24449;467;902;15;18;16;0
24452;186;902;15;18;16;0
24453;484;902;15;18;16;0
24456;169;902;15;18;16;0
24458;138;902;14;18;16;0
24459;872;882;15;18;16;0
24466;889;882;15;18;16;0
24471;906;882;15;18;16;0
24472;923;882;15;18;16;0
24481;940;882;15;18;16;0
24490;957;882;15;18;16;0
24494;974;882;15;18;16;0
24503;991;882;15;18;16;0
24509;1008;882;15;18;16;0
24515;2;902;15;18;16;0
24517;19;902;15;18;16;0
24518;36;902;15;18;16;0
24524;53;902;15;18;16;0
24525;70;902;15;18;16;0
24530;87;902;15;18;16;0
24535;104;902;15;18;16;0
24536;121;902;15;18;16;0
24537;155;882;15;18;16;0
24544;544;882;15;18;16;0
24551;121;882;15;18;16;0
24555;426;862;15;18;16;0
24565;121;862;15;18;16;0
24573;138;862;15;18;16;0
24576;155;862;15;18;16;0
24577;172;862;15;18;16;0
24590;189;862;15;18;16;0
24594;206;862;15;18;16;0
24596;223;862;15;18;16;0
24597;240;862;14;18;16;0
24598;256;862;15;18;16;0
24604;273;862;15;18;16;0
24605;290;862;15;18;16;0
24613;307;862;15;18;16;0
24615;324;862;15;18;16;0
24616;341;862;15;18;16;0
24618;358;862;15;18;16;0
24623;375;862;15;18;16;0
24635;392;862;15;18;16;0
24651;104;862;15;18;16;0
24656;409;862;15;18;16;0
24658;87;862;15;18;16;0
24661;53;862;15;18;16;0
24665;781;842;15;18;16;0
24674;798;842;15;18;16;0
24680;815;842;15;18;16;0
24681;832;842;15;18;16;0
24685;849;842;15;18;16;0
24687;866;842;15;18;16;0
24688;883;842;15;18;16;0
24691;900;842;15;18;16;0
24694;917;842;15;18;16;0
24697;934;842;15;18;16;0
24700;951;842;15;18;16;0
24708;968;842;14;18;16;0
24713;984;842;15;18;16;0
24717;1001;842;15;18;16;0
24724;2;862;15;18;16;0
24736;19;862;15;18;16;0
24739;36;862;15;18;16;0
24742;70;862;15;18;16;0
24744;443;862;15;18;16;0
24748;783;862;15;18;16;0
24751;460;862;15;18;16;0
24754;834;862;15;18;16;0
24764;851;862;15;18;16;0
24773;868;862;15;18;16;0
24778;138;882;15;18;16;0
24785;902;862;15;18;16;0
24789;919;862;15;18;16;0
24796;936;862;15;18;16;0
24800;953;862;15;18;16;0
24807;970;862;15;18;16;0
24808;987;862;15;18;16;0
24809;1004;862;15;18;16;0
24811;2;882;15;18;16;0
24812;19;882;15;18;16;0
24815;36;882;15;18;16;0
24819;53;882;15;18;16;0
24825;70;882;15;18;16;0
24833;87;882;15;18;16;0
24840;817;862;15;18;16;0
24841;104;882;15;18;16;0
24847;800;862;15;18;16;0
24858;766;862;15;18;16;0
24863;477;862;15;18;16;0
24868;494;862;15;18;16;0
24871;511;862;15;18;16;0
24895;528;862;15;18;16;0
24904;545;862;15;18;16;0
24908;562;862;15;18;16;0
24910;579;862;15;18;16;0
24913;596;862;15;18;16;0
24917;613;862;15;18;16;0
24930;630;862;15;18;16;0
24935;647;862;15;18;16;0
24936;664;862;15;18;16;0
24944;681;862;15;18;16;0
24951;698;862;15;18;16;0
24971;715;862;15;18;16;0
24974;732;862;15;18;16;0
25001;749;862;15;18;16;0
25022;2;802;15;18;16;0
25026;235;802;15;18;16;0
25032;986;782;15;18;16;0
25041;993;923;15;18;18;0
25042;800;782;15;18;16;0
25062;219;722;15;18;16;0
25077;236;722;15;18;16;0
25096;253;722;15;18;16;0
25103;270;722;14;18;16;1
25104;286;722;15;18;16;0
25105;303;722;15;18;16;0
25106;320;722;15;18;16;0
25110;337;722;15;18;16;0
25112;354;722;14;18;16;1
25119;370;722;15;18;16;0
25130;387;722;15;18;16;0
25134;404;722;15;18;16;0
25139;421;722;15;18;16;0
25140;438;722;15;18;16;0
25143;455;722;12;18;16;1
25151;469;722;14;18;16;0
25152;485;722;15;18;16;0
25153;203;722;14;18;16;0
25159;502;722;14;18;16;0
25161;186;722;15;18;16;0
25163;152;722;15;18;16;0
25164;898;702;6;18;16;0
25165;906;702;15;18;16;0
25166;923;702;14;18;16;0
25169;939;702;14;18;16;0
25171;955;702;15;18;16;0
25172;972;702;14;18;16;0
25176;988;702;15;18;16;0
25179;1005;702;15;18;16;0
25187;2;722;14;18;16;0
25191;18;722;15;18;16;0
25193;35;722;15;18;16;0
25194;52;722;14;18;16;0
25195;68;722;14;18;16;0
25196;84;722;15;18;16;0
25197;101;722;15;18;16;0
25198;118;722;15;18;16;0
25199;135;722;15;18;16;0
25200;169;722;15;18;16;0
25203;535;722;15;18;16;0
25206;869;722;15;18;16;0
25209;552;722;15;18;16;0
25212;920;722;15;18;16;0
25214;937;722;14;18;16;0
25215;953;722;15;18;16;0
25216;970;722;15;18;16;0
25220;1003;782;15;18;16;0
25225;1004;722;15;18;16;0
25226;2;742;15;18;16;0
25233;19;742;14;18;16;0
25235;35;742;15;18;16;0
25237;52;742;15;18;16;0
25238;69;742;15;18;16;0
25239;86;742;15;18;16;0
25240;103;742;15;18;16;0
25242;120;742;15;18;16;0
25243;137;742;15;18;16;0
25250;154;742;15;18;16;0
25252;171;742;15;18;16;0
25253;903;722;15;18;16;0
25259;188;742;15;18;16;0
25260;886;722;15;18;16;0
25265;852;722;15;18;16;0
25269;569;722;15;18;16;0
25273;586;722;15;18;16;0
25276;603;722;14;18;16;0
25277;619;722;14;18;16;0
25285;635;722;15;18;16;0
25286;652;722;15;18;16;0
25287;669;722;15;18;16;0
25289;686;722;15;18;16;0
25293;703;722;14;18;16;0
25298;719;722;15;18;16;0
25299;736;722;15;18;16;0
25300;753;722;15;18;16;0
25302;770;722;15;18;16;0
25303;787;722;14;18;16;0
25304;803;722;14;18;16;0
25305;819;722;15;18;16;0
25307;836;722;14;18;16;0
25308;881;702;15;18;16;0
25314;518;722;15;18;16;0
25315;864;702;15;18;16;0
25317;138;702;14;18;16;0
25318;840;682;15;18;16;0
25319;857;682;15;18;16;0
25320;874;682;15;18;16;0
25321;891;682;15;18;16;0
25324;908;682;15;18;16;0
25325;925;682;15;18;16;0
25327;942;682;15;18;16;0
25331;959;682;15;18;16;0
25332;976;682;15;18;16;0
25340;993;682;15;18;16;0
25341;2;702;15;18;16;0
25342;19;702;15;18;16;0
25343;36;702;15;18;16;0
25345;53;702;15;18;16;0
25346;70;702;15;18;16;0
25351;87;702;15;18;16;0
25353;104;702;15;18;16;0
25361;823;682;15;18;16;0
25366;121;702;15;18;16;0
25370;807;682;14;18;16;0
25376;774;682;15;18;16;0
25377;489;682;14;18;16;0
25379;505;682;15;18;16;0
25380;522;682;15;18;16;0
25381;539;682;15;18;16;0
25384;556;682;15;18;16;0
25386;573;682;15;18;16;0
25391;590;682;15;18;16;0
25402;607;682;15;18;16;0
25405;624;682;15;18;16;0
25413;641;682;14;18;16;0
25414;657;682;14;18;16;0
25417;673;682;15;18;16;0
25419;690;682;15;18;16;0
25421;707;682;15;18;16;0
25423;724;682;15;18;16;0
25424;741;682;14;18;16;0
25429;757;682;15;18;16;0
25439;791;682;14;18;16;0
25441;154;702;15;18;16;0
25442;493;702;15;18;16;0
25443;171;702;15;18;16;0
25447;544;702;15;18;16;0
25454;561;702;15;18;16;0
25463;578;702;15;18;16;0
25467;595;702;15;18;16;0
25472;612;702;15;18;16;0
25474;468;923;15;18;16;0
25480;629;702;15;18;16;0
25481;646;702;15;18;16;0
25484;663;702;13;18;16;1
25487;678;702;15;18;16;0
25488;695;702;15;18;16;0
25490;712;702;15;18;16;0
25494;729;702;15;18;16;0
25496;746;702;14;18;16;0
25504;762;702;15;18;16;0
25506;779;702;15;18;16;0
25509;796;702;15;18;16;0
25511;813;702;15;18;16;0
25512;527;702;15;18;16;0
25513;830;702;15;18;16;0
25514;510;702;15;18;16;0
25520;476;702;15;18;16;0
25527;188;702;15;18;16;0
25528;205;702;15;18;16;0
25530;222;702;15;18;16;0
25545;239;702;15;18;16;0
25549;256;702;15;18;16;0
25551;273;702;15;18;16;0
25552;290;702;15;18;16;0
25554;307;702;15;18;16;0
25569;324;702;15;18;16;0
25588;341;702;15;18;16;0
25597;358;702;15;18;16;0
25601;375;702;14;18;16;0
25605;391;702;15;18;16;0
25609;417;923;15;18;16;0
25615;408;702;15;18;16;0
25616;425;702;15;18;16;0
25628;442;702;15;18;16;0
25630;459;702;15;18;16;0
25644;847;702;15;18;16;0
25645;205;742;15;18;16;0
25658;222;742;15;18;16;0
25668;239;742;15;18;16;0
25670;999;762;15;18;16;0
25671;2;782;15;18;16;0
25674;19;782;15;18;16;0
25684;36;782;15;18;16;0
25688;53;782;14;18;16;0
25703;69;782;15;18;16;0
25705;86;782;15;18;16;0
25720;103;782;15;18;16;0
25733;120;782;15;18;16;0
25745;137;782;15;18;16;0
25746;154;782;15;18;16;0
25749;171;782;15;18;16;0
25758;188;782;15;18;16;0
25764;205;782;15;18;16;0
25772;222;782;15;18;16;0
25773;239;782;15;18;16;0
25776;256;782;15;18;16;0
25788;982;762;15;18;16;0
25797;273;782;15;18;16;0
25805;965;762;15;18;16;0
25806;932;762;15;18;16;0
25830;645;762;15;18;16;0
25856;662;762;15;18;16;0
25874;679;762;15;18;16;0
25880;696;762;15;18;16;0
25903;713;762;15;18;16;0
25910;730;762;14;18;16;1
25913;746;762;15;18;16;0
25915;763;762;15;18;16;0
25918;780;762;15;18;16;0
25919;797;762;15;18;16;0
25925;814;762;15;18;16;0
25928;831;762;15;18;16;0
25932;848;762;15;18;16;0
25935;865;762;15;18;16;0
25937;882;762;15;18;16;0
25945;899;762;15;18;16;0
25949;916;762;14;18;16;1
25950;949;762;14;18;16;1
25954;290;782;15;18;16;0
25955;307;782;15;18;16;0
25964;324;782;15;18;16;0
25968;665;782;15;18;16;0
25970;682;782;15;18;16;0
25972;699;782;15;18;16;0
25991;716;782;15;18;16;0
26001;733;782;15;18;16;0
26007;750;782;14;18;16;1
26009;766;782;15;18;16;0
26012;783;782;15;18;16;0
26021;817;782;15;18;16;0
26029;970;782;14;18;16;1
26031;834;782;15;18;16;0
26032;851;782;15;18;16;0
26041;868;782;15;18;16;0
26045;885;782;15;18;16;0
26049;902;782;15;18;16;0
26053;919;782;15;18;16;0
26059;936;782;15;18;16;0
26063;953;782;15;18;16;0
26071;648;782;15;18;16;0
26080;632;782;14;18;16;0
26082;616;782;14;18;16;1
26085;605;782;9;18;16;3
26086;341;782;15;18;16;0
26087;358;782;12;18;16;2
26088;372;782;11;18;16;2
26089;385;782;15;18;16;0
26097;402;782;15;18;16;0
26099;419;782;13;18;16;1
26102;434;782;14;18;16;1
26106;450;782;14;18;16;1
26114;466;782;13;18;16;1
26118;481;782;12;18;16;2
26126;495;782;13;18;16;1
26127;510;782;13;18;16;2
26131;525;782;13;18;16;1
26132;540;782;15;18;16;0
26143;557;782;13;18;16;1
26144;572;782;14;18;16;1
26149;588;782;15;18;16;0
26151;629;762;14;18;16;1
26152;613;762;14;18;16;1
26159;596;762;15;18;16;0
26160;338;944;15;18;16;0
26174;896;742;15;18;16;0
26178;600;742;14;18;16;1
26179;616;742;15;18;16;0
26187;633;742;15;18;16;0
26194;650;742;14;18;16;1
26195;666;742;14;18;16;1
26197;682;742;15;18;16;0
26202;699;742;14;18;16;1
26216;715;742;15;18;16;0
26222;732;742;15;18;16;0
26223;749;742;15;18;16;0
26228;766;742;14;18;16;1
26230;782;742;13;18;16;1
26234;797;742;14;18;16;0
26238;813;742;14;18;16;1
26242;829;742;15;18;16;0
26257;846;742;15;18;16;0
26262;863;742;14;18;16;1
26263;584;742;14;18;16;1
26292;879;742;15;18;16;0
26354;569;742;13;18;16;1
26356;535;742;15;18;16;0
26366;256;742;11;18;16;2
26367;269;742;15;18;16;0
26368;286;742;15;18;16;0
26376;303;742;13;18;16;0
26377;318;742;15;18;16;0
26379;335;742;14;18;16;0
26381;351;742;15;18;16;0
26391;368;742;13;18;16;1
26395;383;742;15;18;16;0
26397;400;742;15;18;16;0
26399;417;742;14;18;16;0
26408;433;742;15;18;16;0
26410;450;742;15;18;16;0
26411;467;742;15;18;16;0
26412;484;742;15;18;16;0
26415;501;742;15;18;16;0
26421;518;742;15;18;16;0
26426;552;742;15;18;16;0
26429;913;742;15;18;16;0
26432;240;762;15;18;16;0
26434;930;742;15;18;16;0
26435;291;762;15;18;16;0
26438;308;762;15;18;16;0
26446;325;762;15;18;16;0
26448;342;762;15;18;16;0
26449;359;762;15;18;16;0
26454;376;762;15;18;16;0
26460;393;762;15;18;16;0
26462;410;762;15;18;16;0
26463;427;762;15;18;16;0
26465;444;762;15;18;16;0
26469;461;762;15;18;16;0
26479;478;762;15;18;16;0
26480;495;762;15;18;16;0
26494;512;762;15;18;16;0
26495;529;762;15;18;16;0
26497;546;762;15;18;16;0
26500;563;762;14;18;16;0
26505;274;762;15;18;16;0
26512;579;762;15;18;16;0
26517;257;762;15;18;16;0
26519;223;762;15;18;16;0
26524;947;742;15;18;16;0
26525;964;742;15;18;16;0
26538;981;742;15;18;16;0
26543;998;742;15;18;16;0
26550;2;762;15;18;16;0
26564;19;762;15;18;16;0
26576;36;762;15;18;16;0
26578;53;762;15;18;16;0
26579;70;762;15;18;16;0
26580;87;762;15;18;16;0
26588;104;762;15;18;16;0
26592;121;762;15;18;16;0
26597;138;762;15;18;16;0
26609;155;762;15;18;16;0
26612;172;762;15;18;16;0
26623;189;762;15;18;16;0
26629;206;762;15;18;16;0
26631;759;462;15;18;16;0
26632;656;522;15;18;16;0
26635;2;2;15;18;16;0
26639;895;222;15;18;16;0
26641;797;142;15;18;16;0
26643;814;142;15;18;16;0
26657;831;142;15;18;16;0
26665;848;142;15;18;16;0
26666;865;142;15;18;16;0
26679;882;142;15;18;16;0
26680;899;142;15;18;16;0
26681;916;142;15;18;16;0
26684;933;142;15;18;16;0
26685;950;142;15;18;16;0
26690;967;142;15;18;16;0
26691;984;142;15;18;16;0
26696;1001;142;15;18;16;0
26700;2;162;15;18;16;0
26705;19;162;15;18;16;0
26723;36;162;14;18;16;0
26725;52;162;15;18;16;0
26742;69;162;14;18;16;0
26753;85;162;15;18;16;0
26757;780;142;15;18;16;0
26790;763;142;15;18;16;0
26792;746;142;15;18;16;0
26799;559;142;15;18;16;0
26800;423;142;15;18;16;0
26803;440;142;15;18;16;0
26816;457;142;15;18;16;0
26825;474;142;15;18;16;0
26827;491;142;15;18;16;0
26829;508;142;15;18;16;0
26834;525;142;15;18;16;0
26837;542;142;15;18;16;0
26840;576;142;15;18;16;0
26842;729;142;15;18;16;0
26862;593;142;15;18;16;0
26865;610;142;15;18;16;0
26869;627;142;15;18;16;0
26874;644;142;15;18;16;0
26885;661;142;15;18;16;0
26893;678;142;15;18;16;0
26898;695;142;15;18;16;0
26925;712;142;15;18;16;0
26928;102;162;15;18;16;0
26970;136;162;15;18;16;0
26999;865;162;15;18;16;0
27004;153;162;15;18;16;0
27010;542;162;15;18;16;0
27035;559;162;15;18;16;0
27048;576;162;15;18;16;0
27084;593;162;15;18;16;0
27133;610;162;15;18;16;0
27169;627;162;15;18;16;0
27178;644;162;15;18;16;0
27185;661;162;15;18;16;0
27224;678;162;15;18;16;0
27225;695;162;15;18;16;0
27233;712;162;15;18;16;0
27249;729;162;15;18;16;0
27308;746;162;15;18;16;0
27424;763;162;15;18;16;0
27425;780;162;15;18;16;0
27426;797;162;15;18;16;0
27427;814;162;15;18;16;0
27442;831;162;15;18;16;0
27450;848;162;15;18;16;0
27454;525;162;15;18;16;0
27463;508;162;15;18;16;0
27465;491;162;15;18;16;0
27468;306;162;15;18;16;0
27489;170;162;15;18;16;0
27490;187;162;15;18;16;0
27491;204;162;15;18;16;0
27492;221;162;15;18;16;0
27493;238;162;15;18;16;0
27494;255;162;15;18;16;0
27495;272;162;15;18;16;0
27498;289;162;15;18;16;0
27513;323;162;15;18;16;0
27515;475;162;14;18;16;0
27516;340;162;15;18;16;0
27526;357;162;15;18;16;0
27530;374;162;15;18;16;0
27531;391;162;15;18;16;0
27572;408;162;14;18;16;1
27573;424;162;15;18;16;0
27583;441;162;15;18;16;0
27585;458;162;15;18;16;0
27589;406;142;15;18;16;0
27595;119;162;15;18;16;0
27597;389;142;15;18;16;0
27599;627;122;15;18;16;0
27602;306;122;15;18;16;0
27604;323;122;13;18;16;2
27605;338;122;15;18;16;0
27609;355;122;15;18;16;0
27611;372;122;14;18;16;0
27627;388;122;15;18;16;0
27631;405;122;15;18;16;0
27663;422;122;13;18;16;2
27665;437;122;12;18;16;2
27668;451;122;15;18;16;0
27675;468;122;15;18;16;0
27682;485;122;15;18;16;0
27686;502;122;15;18;16;0
27687;519;122;15;18;16;0
27695;536;122;15;18;16;0
27700;553;122;15;18;16;0
27701;570;122;5;18;16;0
27704;577;122;15;18;16;0
27712;594;122;15;18;16;0
27713;289;122;15;18;16;0
27714;273;122;14;18;16;1
27719;256;122;15;18;16;0
27721;70;122;15;18;16;0
27735;949;102;15;18;16;0
27744;966;102;15;18;16;0
27745;983;102;15;18;16;0
27748;1000;102;14;18;16;0
27754;2;122;15;18;16;0
27769;19;122;15;18;16;0
27773;36;122;15;18;16;0
27779;618;944;15;18;16;0
27785;53;122;15;18;16;0
27788;87;122;15;18;16;0
27792;239;122;15;18;16;0
27801;104;122;15;18;16;0
27803;121;122;15;18;16;0
27807;138;122;14;18;16;0
27809;154;122;15;18;16;0
27814;171;122;15;18;16;0
27819;188;122;15;18;16;0
27822;205;122;15;18;16;0
27827;222;122;15;18;16;0
27832;611;122;14;18;16;0
27833;644;122;14;18;16;0
27835;357;142;14;18;16;0
27836;660;122;14;18;16;0
27838;35;142;15;18;16;0
27839;52;142;15;18;16;0
27844;69;142;15;18;16;0
27849;86;142;15;18;16;0
27861;103;142;15;18;16;0
27873;120;142;15;18;16;0
27874;137;142;15;18;16;0
27875;154;142;15;18;16;0
27877;171;142;15;18;16;0
27880;188;142;15;18;16;0
27882;205;142;14;18;16;0
27891;221;142;15;18;16;0
27893;238;142;15;18;16;0
27899;255;142;15;18;16;0
27901;272;142;15;18;16;0
27905;289;142;15;18;16;0
27909;306;142;15;18;16;0
27915;323;142;15;18;16;0
27922;340;142;15;18;16;0
27927;18;142;15;18;16;0
27931;737;944;15;18;16;0
27934;2;142;14;18;16;0
27954;995;122;14;18;16;0
27963;811;122;15;18;16;0
27966;676;122;15;18;16;0
27969;693;122;15;18;16;0
27971;710;122;15;18;16;0
27974;727;122;15;18;16;0
27975;744;122;15;18;16;0
27979;761;122;14;18;16;0
27982;777;122;15;18;16;0
27985;794;122;15;18;16;0
27987;828;122;15;18;16;0
28010;978;122;15;18;16;0
28014;845;122;15;18;16;0
28020;862;122;15;18;16;0
28023;879;122;15;18;16;0
28024;896;122;15;18;16;0
28034;913;122;15;18;16;0
28037;895;923;15;18;16;0
28040;930;122;13;18;16;0
28041;945;122;15;18;16;0
28044;962;122;14;18;16;0
28051;373;142;14;18;16;0
28070;882;162;14;18;16;0
28072;898;162;15;18;16;0
28078;915;162;15;18;16;0
28082;797;202;15;18;16;0
28088;814;202;14;18;16;0
28107;2;944;15;18;16;0
28108;830;202;14;18;16;0
28120;846;202;14;18;16;0
28129;862;202;15;18;16;0
28145;879;202;15;18;16;0
28151;896;202;15;18;16;0
28153;913;202;15;18;16;0
28155;930;202;15;18;16;0
28165;947;202;15;18;16;0
28176;720;944;15;18;16;0
28183;964;202;15;18;16;0
28193;981;202;15;18;16;0
28195;998;202;15;18;16;0
28201;2;222;15;18;16;0
28212;19;222;14;18;16;0
28216;35;222;15;18;16;0
28218;52;222;15;18;16;0
28227;69;222;15;18;16;0
28238;86;222;15;18;16;0
28246;780;202;15;18;16;0
28251;763;202;15;18;16;0
28287;746;202;15;18;16;0
28288;239;944;15;18;16;0
28291;560;202;15;18;16;0
28293;426;202;15;18;16;0
28304;443;202;15;18;16;0
28316;460;202;14;18;16;0
28322;476;202;15;18;16;0
28346;493;202;14;18;16;0
28363;509;202;15;18;16;0
28369;526;202;15;18;16;0
28372;543;202;15;18;16;0
28378;577;202;15;18;16;0
28382;729;202;15;18;16;0
28385;594;202;15;18;16;0
28388;611;202;15;18;16;0
28389;628;202;15;18;16;0
28392;645;202;15;18;16;0
28393;662;202;15;18;16;0
28404;679;202;14;18;16;0
28418;695;202;15;18;16;0
28422;712;202;15;18;16;0
28425;103;222;14;18;16;0
28431;119;222;15;18;16;0
28436;136;222;14;18;16;0
28448;152;222;15;18;16;0
28459;557;222;15;18;16;0
28465;574;222;15;18;16;0
28478;591;222;15;18;16;0
28487;608;222;15;18;16;0
28508;625;222;15;18;16;0
28518;642;222;15;18;16;0
28526;659;222;15;18;16;0
28558;676;222;15;18;16;0
28577;693;222;15;18;16;0
28608;710;222;15;18;16;0
28689;727;222;15;18;16;0
28748;744;222;15;18;16;0
28779;761;222;15;18;16;0
28781;778;222;15;18;16;0
28783;795;222;15;18;16;0
28784;812;222;15;18;16;0
28789;829;222;15;18;16;0
28790;846;222;15;18;16;0
28796;863;222;14;18;16;0
28798;540;222;15;18;16;0
28799;879;222;14;18;16;0
28809;524;222;14;18;16;0
28810;490;222;15;18;16;0
28814;169;222;15;18;16;0
28818;186;222;15;18;16;0
28822;203;222;15;18;16;0
28825;220;222;15;18;16;0
28843;237;222;15;18;16;0
28844;254;222;15;18;16;0
28846;271;222;15;18;16;0
28856;288;222;15;18;16;0
28857;305;222;14;18;16;0
28860;321;222;15;18;16;0
28861;338;222;15;18;16;0
28865;355;222;15;18;16;0
28866;372;222;15;18;16;0
28872;389;222;14;18;16;0
28874;405;222;15;18;16;0
28888;422;222;15;18;16;0
28891;439;222;15;18;16;0
28895;456;222;15;18;16;0
28900;473;222;15;18;16;0
28902;409;202;15;18;16;0
28903;392;202;15;18;16;0
28907;375;202;15;18;16;0
28908;624;182;15;18;16;0
28909;287;182;15;18;16;0
28921;304;182;15;18;16;0
28937;321;182;15;18;16;0
28953;338;182;15;18;16;0
28966;355;182;14;18;16;0
28976;371;182;15;18;16;0
28982;388;182;15;18;16;0
29004;405;182;15;18;16;0
29006;422;182;15;18;16;0
29022;439;182;15;18;16;0
29028;456;182;15;18;16;0
29031;473;182;14;18;16;0
29038;489;182;15;18;16;0
29053;506;182;15;18;16;0
29060;523;182;15;18;16;0
29066;540;182;14;18;16;0
29076;556;182;15;18;16;0
29081;573;182;15;18;16;0
29087;590;182;15;18;16;0
29100;270;182;15;18;16;0
29123;253;182;15;18;16;0
29134;236;182;15;18;16;0
29141;53;182;15;18;16;0
29157;932;162;15;18;16;0
29159;949;162;15;18;16;0
29190;966;162;15;18;16;0
29228;983;162;15;18;16;0
29233;1000;162;15;18;16;0
29237;568;944;15;18;16;0
29238;2;182;15;18;16;0
29239;19;182;15;18;16;0
29240;36;182;15;18;16;0
29245;70;182;15;18;16;0
29255;221;182;13;18;16;1
29256;87;182;15;18;16;0
29260;104;182;15;18;16;0
29273;121;182;14;18;16;1
29275;137;182;15;18;16;0
29282;154;182;15;18;16;0
29287;171;182;15;18;16;0
29289;188;182;14;18;16;0
29298;204;182;15;18;16;0
29301;607;182;15;18;16;0
29305;641;182;15;18;16;0
29306;358;202;15;18;16;0
29356;658;182;15;18;16;0
29359;36;202;15;18;16;0
29366;53;202;15;18;16;0
29369;70;202;15;18;16;0
29378;87;202;15;18;16;0
29384;104;202;15;18;16;0
29392;121;202;15;18;16;0
29399;138;202;14;18;16;0
29408;154;202;15;18;16;0
29409;171;202;15;18;16;0
29420;188;202;15;18;16;0
29421;205;202;15;18;16;0
29425;222;202;15;18;16;0
29432;239;202;15;18;16;0
29436;256;202;15;18;16;0
29454;273;202;15;18;16;0
29467;290;202;15;18;16;0
29468;307;202;15;18;16;0
29469;324;202;15;18;16;0
29483;341;202;15;18;16;0
29486;19;202;15;18;16;0
29502;2;202;15;18;16;0
29519;928;923;15;18;16;0
29575;998;182;15;18;16;0
29577;811;182;15;18;16;0
29579;675;182;15;18;16;0
29595;844;923;15;18;16;0
29609;692;182;15;18;16;0
29611;709;182;15;18;16;0
29615;726;182;15;18;16;0
29616;743;182;15;18;16;0
29623;584;923;15;18;16;0
29627;760;182;15;18;16;0
29632;536;944;15;18;16;0
29642;805;944;15;18;16;0
29645;777;182;15;18;16;0
29664;794;182;15;18;16;0
29677;828;182;15;18;16;0
29694;981;182;15;18;16;0
29699;845;182;15;18;16;0
29702;862;182;15;18;16;0
29712;879;182;15;18;16;0
29730;896;182;15;18;16;0
29748;913;182;15;18;16;0
29781;930;182;15;18;16;0
29790;601;944;15;18;16;0
29791;372;944;15;18;16;0
29808;947;182;15;18;16;0
29827;964;182;15;18;16;0
29840;776;923;15;18;16;0
29916;932;102;15;18;16;0
29923;507;222;15;18;16;0
29942;915;102;15;18;16;0
29943;508;102;14;18;16;0
29956;879;22;15;18;16;0
29976;896;22;14;18;16;1
29978;912;22;15;18;16;0
29980;929;22;15;18;16;0
29983;946;22;15;18;16;0
29989;963;22;15;18;16;0
29992;980;22;13;18;16;0
29993;995;22;15;18;16;0
30000;1012;22;11;18;16;2
30001;2;42;11;18;16;2
30002;15;42;11;18;16;2
30003;28;42;11;18;16;2
30004;523;944;12;18;16;0
30005;41;42;13;18;16;2
30007;56;42;14;18;16;0
30010;731;923;15;18;16;0
30011;72;42;15;18;16;0
30016;451;923;15;18;16;0
30021;89;42;13;18;16;1
30028;104;42;15;18;16;0
30031;121;42;15;18;16;0
30036;138;42;14;18;16;1
30041;864;22;13;18;16;1
30053;847;22;15;18;16;0
30058;830;22;15;18;16;0
30094;188;944;15;18;16;0
30095;643;22;15;18;16;0
30097;507;22;15;18;16;0
30103;524;22;15;18;16;0
30105;541;22;15;18;16;0
30106;558;22;15;18;16;0
30126;575;22;15;18;16;0
30127;592;22;15;18;16;0
30130;609;22;15;18;16;0
30133;626;22;15;18;16;0
30137;660;22;15;18;16;0
30140;813;22;15;18;16;0
30142;677;22;15;18;16;0
30149;694;22;15;18;16;0
30151;711;22;15;18;16;0
30157;728;22;15;18;16;0
30162;745;22;15;18;16;0
30165;762;22;15;18;16;0
30171;779;22;15;18;16;0
30196;796;22;15;18;16;0
30246;154;42;15;18;16;0
30249;188;42;15;18;16;0
30250;891;42;15;18;16;0
30270;205;42;15;18;16;0
30294;578;42;15;18;16;0
30331;595;42;15;18;16;0
30333;612;42;11;18;16;2
30334;625;42;15;18;16;0
30338;642;42;14;18;16;0
30340;658;42;13;18;16;1
30342;673;42;12;18;16;2
30343;687;42;15;18;16;0
30382;704;42;15;18;16;0
30385;721;42;15;18;16;0
30406;738;42;15;18;16;0
30408;755;42;15;18;16;0
30410;772;42;15;18;16;0
30414;789;42;15;18;16;0
30415;806;42;15;18;16;0
30416;823;42;15;18;16;0
30417;840;42;15;18;16;0
30418;857;42;15;18;16;0
30420;874;42;15;18;16;0
30422;561;42;15;18;16;0
30423;544;42;15;18;16;0
30424;527;42;15;18;16;0
30427;350;42;15;18;16;0
30431;222;42;15;18;16;0
30446;239;42;11;18;16;2
30447;252;42;14;18;16;1
30450;268;42;15;18;16;0
30452;285;42;15;18;16;0
30456;302;42;14;18;16;0
30457;318;42;14;18;16;1
30460;334;42;14;18;16;1
30462;367;42;14;18;16;0
30464;512;42;13;18;16;1
30464;66;964;15;18;16;0
30465;383;42;14;18;16;0
30473;399;42;13;18;16;0
30475;414;42;15;18;16;0
30494;507;944;14;18;18;0
30495;431;42;15;18;16;0
30496;448;42;14;18;16;1
30504;464;42;14;18;16;1
30505;480;42;14;18;16;1
30511;496;42;14;18;16;1
30524;491;22;14;18;16;1
30528;171;42;15;18;16;0
30529;475;22;14;18;16;1
30544;721;2;14;18;16;1
30555;392;2;14;18;16;1
30561;408;2;15;18;16;0
30566;425;2;14;18;16;1
30571;441;2;14;18;16;1
30585;457;2;14;18;16;1
30596;473;2;14;18;16;1
30597;489;2;15;18;16;0
30604;506;2;14;18;16;1
30606;522;2;14;18;16;1
30610;538;2;15;18;16;0
30624;555;2;14;18;16;1
30629;571;2;14;18;16;1
30631;587;2;14;18;16;1
30634;603;2;15;18;16;0
30636;620;2;15;18;16;0
30683;637;2;15;18;16;0
30684;654;2;15;18;16;0
30693;671;2;14;18;16;0
30697;687;2;15;18;16;0
30701;375;2;15;18;16;0
30702;358;2;15;18;16;0
30707;341;2;15;18;16;0
30719;155;2;15;18;16;0
30721;19;2;15;18;16;0
30722;36;2;15;18;16;0
30733;53;2;15;18;16;0
30740;70;2;15;18;16;0
30742;87;2;15;18;16;0
30759;104;2;15;18;16;0
30768;121;2;15;18;16;0
30772;138;2;15;18;16;0
30776;172;2;15;18;16;0
30777;324;2;15;18;16;0
30784;189;2;14;18;16;0
30796;205;2;15;18;16;0
30805;222;2;15;18;16;0
30828;239;2;15;18;16;0
30830;256;2;15;18;16;0
30860;273;2;15;18;16;0
30860;485;923;15;18;16;0
30861;290;2;15;18;16;0
30862;307;2;15;18;16;0
30865;704;2;15;18;16;0
30871;737;2;15;18;16;0
30879;441;22;15;18;16;0
30896;754;2;15;18;16;0
30899;120;22;15;18;16;0
30910;137;22;15;18;16;0
30913;154;22;15;18;16;0
30917;171;22;15;18;16;0
30933;188;22;15;18;16;0
30952;205;22;15;18;16;0
31034;222;22;15;18;16;0
31036;239;22;14;18;16;0
31038;255;22;15;18;16;0
31048;272;22;15;18;16;0
31062;289;22;15;18;16;0
31069;306;22;15;18;16;0
31070;323;22;14;18;16;0
31071;339;22;15;18;16;0
31074;356;22;15;18;16;0
31077;373;22;15;18;16;0
31080;390;22;15;18;16;0
31095;407;22;15;18;16;0
31096;424;22;15;18;16;0
31104;103;22;15;18;16;0
31105;86;22;15;18;16;0
31109;69;22;15;18;16;0
31119;906;2;15;18;16;0
31163;771;2;15;18;16;0
31168;788;2;15;18;16;0
31169;805;2;15;18;16;0
31179;822;2;15;18;16;0
31181;839;2;14;18;16;0
31185;855;2;15;18;16;0
31186;872;2;15;18;16;0
31192;889;2;15;18;16;0
31199;923;2;15;18;16;0
31209;52;22;15;18;16;0
31215;940;2;15;18;16;0
31216;957;2;15;18;16;0
31224;974;2;15;18;16;0
31227;991;2;15;18;16;0
31232;1008;2;15;18;16;0
31243;2;22;15;18;16;0
31245;19;22;14;18;16;0
31246;35;22;15;18;16;0
31258;458;22;15;18;16;0
31264;908;42;14;18;16;0
31283;924;42;15;18;16;0
31292;941;42;15;18;16;0
31293;811;82;15;18;16;0
31295;828;82;15;18;16;0
31348;845;82;15;18;16;0
31350;862;82;15;18;16;0
31351;879;82;15;18;16;0
31354;896;82;15;18;16;0
31359;913;82;15;18;16;0
31361;930;82;15;18;16;0
31363;947;82;15;18;16;0
31364;964;82;15;18;16;0
31373;981;82;15;18;16;0
31382;998;82;15;18;16;0
31383;2;102;15;18;16;0
31391;19;102;15;18;16;0
31397;36;102;15;18;16;0
31423;53;102;15;18;16;0
31435;70;102;15;18;16;0
31442;306;944;15;18;16;0
31446;87;102;15;18;16;0
31449;104;102;15;18;16;0
31455;794;82;15;18;16;0
31456;777;82;15;18;16;0
31461;760;82;15;18;16;0
31471;573;82;15;18;16;0
31481;437;82;15;18;16;0
31505;454;82;15;18;16;0
31508;471;82;15;18;16;0
31513;488;82;15;18;16;0
31526;505;82;15;18;16;0
31528;522;82;15;18;16;0
31532;539;82;16;18;17;0
31548;556;82;15;18;16;0
31561;590;82;15;18;16;0
31563;743;82;15;18;16;0
31568;607;82;15;18;16;0
31569;624;82;15;18;16;0
31570;641;82;15;18;16;0
31572;658;82;15;18;16;0
31574;675;82;15;18;16;0
31579;692;82;15;18;16;0
31609;709;82;15;18;16;0
31614;726;82;15;18;16;0
31616;121;102;15;18;16;0
31639;138;102;15;18;16;0
31649;155;102;15;18;16;0
31661;172;102;15;18;16;0
31665;558;102;15;18;16;0
31687;575;102;15;18;16;0
31689;592;102;15;18;16;0
31709;609;102;15;18;16;0
31713;626;102;15;18;16;0
31726;643;102;15;18;16;0
31735;660;102;15;18;16;0
31751;677;102;15;18;16;0
31807;694;102;15;18;16;0
31821;711;102;15;18;16;0
31859;728;102;15;18;16;0
31867;745;102;15;18;16;0
31869;762;102;15;18;16;0
31881;779;102;15;18;16;0
31890;796;102;15;18;16;0
31895;813;102;15;18;16;0
31896;830;102;15;18;16;0
31918;847;102;15;18;16;0
31929;864;102;15;18;16;0
31932;541;102;15;18;16;0
31934;881;102;15;18;16;0
31946;524;102;15;18;16;0
31957;491;102;15;18;16;0
31958;189;102;15;18;16;0
31967;206;102;15;18;16;0
31995;223;102;13;18;16;1
32032;238;102;15;18;16;0
32034;255;102;15;18;16;0
32039;272;102;13;18;16;1
32043;287;102;14;18;16;0
32047;303;102;12;18;16;1
32110;317;102;14;18;16;0
32153;99;964;15;18;16;0
32173;333;102;15;18;16;0
32321;350;102;15;18;16;0
32415;367;102;6;18;16;0
32416;375;102;14;18;16;0
32418;391;102;15;18;16;0
32422;408;102;14;18;16;0
32423;424;102;15;18;16;0
32426;441;102;15;18;16;0
32427;458;102;14;18;16;0
32431;474;102;15;18;16;0
32435;420;82;15;18;16;0
32437;403;82;15;18;16;0
32439;386;82;15;18;16;0
32440;645;62;15;18;16;0
32441;307;62;15;18;16;0
32445;35;944;15;18;16;0
32447;324;62;15;18;16;0
32451;341;62;15;18;16;0
32452;358;62;15;18;16;0
32454;375;62;14;18;16;0
32455;391;62;15;18;16;0
32456;408;62;15;18;16;0
32458;425;62;15;18;16;0
32461;442;62;14;18;16;0
32463;458;62;15;18;16;0
32465;475;62;15;18;16;0
32466;492;62;15;18;16;0
32467;509;62;15;18;16;0
32469;526;62;15;18;16;0
32472;543;62;15;18;16;0
32473;560;62;15;18;16;0
32476;577;62;15;18;16;0
32477;594;62;15;18;16;0
32479;611;62;15;18;16;0
32487;290;62;15;18;16;0
32489;273;62;15;18;16;0
32490;256;62;15;18;16;0
32493;70;62;15;18;16;0
32499;958;42;15;18;16;0
32500;975;42;15;18;16;0
32501;992;42;15;18;16;0
32503;1009;42;14;18;16;0
32504;2;62;15;18;16;0
32508;19;62;15;18;16;0
32511;36;62;15;18;16;0
32512;53;62;15;18;16;0
32517;907;944;15;18;16;0
32521;87;62;15;18;16;0
32526;239;62;15;18;16;0
32531;104;62;15;18;16;0
32533;121;62;15;18;16;0
32534;138;62;14;18;16;0
32536;154;62;15;18;16;0
32538;171;62;15;18;16;0
32540;188;62;15;18;16;0
32541;205;62;15;18;16;0
32544;222;62;15;18;16;0
32548;628;62;15;18;16;0
32553;662;62;15;18;16;0
32554;369;82;15;18;16;0
32568;679;62;15;18;16;0
32570;52;82;15;18;16;0
32580;69;82;15;18;16;0
32592;86;82;15;18;16;0
32593;103;82;13;18;16;1
32597;118;82;15;18;16;0
32599;924;944;15;18;16;0
32602;135;82;14;18;16;0
32610;151;82;15;18;16;0
32617;168;82;15;18;16;0
32618;185;82;15;18;16;0
32622;202;82;15;18;16;0
32626;219;82;15;18;16;0
32639;236;82;15;18;16;0
32641;253;82;14;18;16;0
32650;269;82;15;18;16;0
32654;286;82;15;18;16;0
32670;303;82;15;18;16;0
32673;320;82;15;18;16;0
32676;337;82;15;18;16;0
32701;354;82;13;18;16;1
32709;35;82;15;18;16;0
32728;18;82;15;18;16;0
32763;2;82;14;18;16;0
32764;830;62;15;18;16;0
32768;696;62;15;18;16;0
32769;713;62;15;18;16;0
32771;730;62;15;18;16;0
32773;747;62;15;18;16;0
32780;764;62;13;18;16;1
32781;779;62;15;18;16;0
32784;796;62;15;18;16;0
32786;154;944;15;18;16;0
32791;813;62;15;18;16;0
32819;847;62;15;18;16;0
32822;1000;62;15;18;16;0
32824;864;62;15;18;16;0
32827;881;62;15;18;16;0
32829;898;62;15;18;16;0
32831;915;62;15;18;16;0
32842;932;62;15;18;16;0
32843;949;62;15;18;16;0
32844;966;62;15;18;16;0
32852;983;62;15;18;16;0
32856;898;102;15;18;16;0
32858;912;222;15;18;16;0
32874;759;342;15;18;16;0
32899;929;222;15;18;16;0
32905;679;382;13;18;16;1
32908;694;382;15;18;16;0
32925;711;382;15;18;16;0
32928;728;382;15;18;16;0
32929;745;382;15;18;16;0
32930;762;382;15;18;16;0
32932;779;382;15;18;16;0
32933;796;382;15;18;16;0
32937;813;382;13;18;16;0
32942;828;382;15;18;16;0
32943;845;382;15;18;16;0
32945;862;382;15;18;16;0
32946;879;382;15;18;16;0
32948;896;382;15;18;16;0
32959;913;382;14;18;16;0
32961;929;382;15;18;16;0
32963;946;382;11;18;16;2
32966;959;382;15;18;16;0
32972;976;382;14;18;16;0
32974;662;382;15;18;16;0
32982;645;382;15;18;16;0
32988;628;382;15;18;16;0
32990;441;382;15;18;16;0
32993;307;382;13;18;16;1
33007;322;382;15;18;16;0
33014;339;382;15;18;16;0
33016;356;382;15;18;16;0
33021;373;382;15;18;16;0
33030;390;382;15;18;16;0
33033;407;382;15;18;16;0
33039;424;382;15;18;16;0
33041;458;382;15;18;16;0
33046;611;382;15;18;16;0
33050;475;382;15;18;16;0
33073;492;382;15;18;16;0
33080;509;382;15;18;16;0
33086;526;382;15;18;16;0
33100;543;382;15;18;16;0
33104;560;382;15;18;16;0
33109;577;382;15;18;16;0
33136;594;382;15;18;16;0
33145;992;382;15;18;16;0
33147;2;402;15;18;16;0
33150;725;402;15;18;16;0
33151;19;402;15;18;16;0
33152;408;402;15;18;16;0
33160;425;402;15;18;16;0
33179;442;402;15;18;16;0
33180;459;402;15;18;16;0
33218;476;402;15;18;16;0
33258;493;402;9;18;16;3
33261;504;402;15;18;16;0
33267;521;402;15;18;16;0
33268;538;402;15;18;16;0
33275;555;402;15;18;16;0
33286;572;402;15;18;16;0
33292;589;402;15;18;16;0
33298;606;402;15;18;16;0
33300;623;402;15;18;16;0
33310;640;402;15;18;16;0
33322;657;402;15;18;16;0
33324;674;402;15;18;16;0
33337;691;402;15;18;16;0
33368;708;402;15;18;16;0
33391;393;402;13;18;16;2
33392;376;402;15;18;16;0
33394;359;402;15;18;16;0
33395;172;402;15;18;16;0
33402;36;402;15;18;16;0
33406;759;923;15;18;16;0
33410;53;402;15;18;16;0
33426;70;402;15;18;16;0
33436;87;402;15;18;16;0
33445;104;402;15;18;16;0
33452;121;402;15;18;16;0
33453;138;402;15;18;16;0
33455;878;923;15;18;16;0
33457;155;402;15;18;16;0
33459;189;402;15;18;16;0
33463;342;402;15;18;16;0
33469;206;402;15;18;16;0
33487;223;402;15;18;16;0
33492;240;402;15;18;16;0
33495;257;402;15;18;16;0
33503;274;402;15;18;16;0
33509;291;402;15;18;16;0
33510;308;402;15;18;16;0
33521;325;402;15;18;16;0
33529;290;382;15;18;16;0
33538;972;944;15;18;16;0
33539;273;382;15;18;16;0
33540;512;362;15;18;16;0
33550;172;362;15;18;16;0
33564;69;944;15;18;16;0
33575;189;362;15;18;16;0
33576;206;362;15;18;16;0
33579;223;362;15;18;16;0
33580;240;362;15;18;16;0
33589;257;362;15;18;16;0
33590;274;362;15;18;16;0
33592;291;362;15;18;16;0
33593;308;362;15;18;16;0
33596;325;362;15;18;16;0
33609;342;362;15;18;16;0
33616;359;362;15;18;16;0
33618;376;362;15;18;16;0
33620;393;362;15;18;16;0
33628;410;362;15;18;16;0
33631;427;362;15;18;16;0
33633;444;362;15;18;16;0
33635;461;362;15;18;16;0
33639;478;362;15;18;16;0
33647;155;362;15;18;16;0
33655;138;362;15;18;16;0
33678;788;944;15;18;16;0
33696;121;362;15;18;16;0
33706;946;342;15;18;16;0
33707;810;342;15;18;16;0
33713;827;342;15;18;16;0
33719;844;342;15;18;16;0
33725;861;342;15;18;16;0
33729;878;342;15;18;16;0
33736;827;923;15;18;16;0
33738;771;944;15;18;16;0
33740;895;342;15;18;16;0
33756;912;342;15;18;16;0
33760;929;342;15;18;16;0
33778;793;923;15;18;16;0
33796;963;342;15;18;16;0
33804;104;362;15;18;16;0
33806;980;342;15;18;16;0
33821;997;342;15;18;16;0
33829;2;362;15;18;16;0
33830;19;362;15;18;16;0
33832;36;362;15;18;16;0
33853;53;362;15;18;16;0
33879;70;362;15;18;16;0
33883;184;964;15;18;16;0
33889;87;362;15;18;16;0
33891;495;362;15;18;16;0
33905;529;362;15;18;16;0
33922;239;382;15;18;16;0
33945;546;362;15;18;16;0
33948;930;362;15;18;16;0
33976;947;362;15;18;16;0
33988;964;362;15;18;16;0
34013;981;362;15;18;16;0
34065;998;362;15;18;16;0
34067;2;382;15;18;16;0
34071;683;923;15;18;16;0
34092;19;382;15;18;16;0
34109;36;382;15;18;16;0
34164;53;382;15;18;16;0
34174;70;382;15;18;16;0
34180;87;382;15;18;16;0
34218;104;382;15;18;16;0
34223;121;382;15;18;16;0
34249;138;382;15;18;16;0
34255;155;382;15;18;16;0
34259;172;382;15;18;16;0
34276;189;382;15;18;16;0
34382;206;382;14;18;16;0
34385;222;382;15;18;16;0
34394;914;362;14;18;16;0
34411;899;362;13;18;16;1
34425;882;362;15;18;16;0
34429;699;362;13;18;16;1
34432;563;362;15;18;16;0
34444;580;362;15;18;16;0
34476;597;362;15;18;16;0
34496;614;362;15;18;16;0
34503;631;362;15;18;16;0
34507;648;362;15;18;16;0
34521;665;362;15;18;16;0
34523;682;362;15;18;16;0
34532;714;362;15;18;16;0
34542;865;362;15;18;16;0
34558;810;923;15;18;18;0
34562;731;362;15;18;16;0
34563;748;362;15;18;16;0
34583;765;362;15;18;16;0
34584;782;362;15;18;16;0
34586;799;362;13;18;16;1
34588;814;362;15;18;16;0
34593;831;362;15;18;16;0
34615;848;362;15;18;16;0
34649;256;382;15;18;16;0
34656;742;402;15;18;16;0
34676;759;402;14;18;16;0
34678;775;402;15;18;16;0
34691;638;442;15;18;16;0
34701;655;442;15;18;16;0
34746;672;442;15;18;16;0
34809;689;442;15;18;16;0
34837;706;442;15;18;16;0
34850;723;442;15;18;16;0
34880;740;442;15;18;16;0
34892;757;442;15;18;16;0
34900;774;442;15;18;16;0
34903;791;442;15;18;16;0
34913;808;442;15;18;16;0
34915;825;442;15;18;16;0
34917;842;442;13;18;16;1
34920;857;442;15;18;16;0
34923;874;442;14;18;16;1
34924;890;442;15;18;16;0
34928;907;442;15;18;16;0
34935;924;442;15;18;16;0
34955;941;442;15;18;16;0
34957;621;442;15;18;16;0
34966;605;442;14;18;16;0
34972;588;442;15;18;16;0
34987;406;442;15;18;16;0
34989;270;442;15;18;16;0
34993;287;442;15;18;16;0
35009;304;442;15;18;16;0
35010;321;442;15;18;16;0
35013;338;442;15;18;16;0
35044;355;442;15;18;16;0
35064;372;442;15;18;16;0
35065;389;442;15;18;16;0
35090;423;442;15;18;16;0
35199;571;442;15;18;16;0
35201;440;442;13;18;16;1
35206;455;442;15;18;16;0
35265;472;442;15;18;16;0
35266;489;442;15;18;16;0
35268;506;442;15;18;16;0
35269;523;442;14;18;16;1
35270;539;442;15;18;16;0
35272;556;442;13;18;16;1
35273;958;442;15;18;16;0
35274;975;442;14;18;16;1
35278;991;442;15;18;16;0
35282;1008;442;13;18;16;0
35299;390;462;15;18;16;0
35302;407;462;15;18;16;0
35303;440;944;15;18;16;0
35328;424;462;15;18;16;0
35465;441;462;15;18;16;0
35475;458;462;14;18;16;1
35686;474;462;15;18;16;0
35745;491;462;15;18;16;0
35746;508;462;15;18;16;0
35748;525;462;15;18;16;0
35752;542;462;15;18;16;0
35753;559;462;15;18;16;0
35757;576;462;14;18;16;0
35758;592;462;15;18;16;0
35759;609;462;15;18;16;0
35760;626;462;15;18;16;0
35762;643;462;15;18;16;0
35766;660;462;15;18;16;0
35768;677;462;15;18;16;0
35770;694;462;15;18;16;0
35773;373;462;15;18;16;0
35774;711;462;15;18;16;0
35775;356;462;15;18;16;0
35776;322;462;15;18;16;0
35777;2;462;15;18;16;0
35780;19;462;15;18;16;0
35781;36;462;15;18;16;0
35782;53;462;15;18;16;0
35784;70;462;15;18;16;0
35785;87;462;15;18;16;0
35786;104;462;15;18;16;0
35789;121;462;14;18;16;0
35797;137;462;15;18;16;0
35799;154;462;15;18;16;0
35802;171;462;15;18;16;0
35805;188;462;15;18;16;0
35806;205;462;15;18;16;0
35809;222;462;15;18;16;0
35810;239;462;14;18;16;0
35813;255;462;15;18;16;0
35814;272;462;15;18;16;0
35815;289;462;15;18;16;0
35817;306;462;14;18;16;0
35819;253;442;15;18;16;0
35821;236;442;15;18;16;0
35823;219;442;15;18;16;0
35825;473;422;15;18;16;0
35828;137;422;15;18;16;0
35830;154;422;15;18;16;0
35831;171;422;15;18;16;0
35832;188;422;15;18;16;0
35834;205;422;15;18;16;0
35835;222;422;15;18;16;0
35838;239;422;15;18;16;0
35841;256;422;15;18;16;0
35842;634;923;15;18;16;0
35843;273;422;14;18;16;0
35844;289;422;14;18;16;0
35845;305;422;15;18;16;0
35848;322;422;15;18;16;0
35850;339;422;15;18;16;0
35851;356;422;15;18;16;0
35854;373;422;15;18;16;0
35856;390;422;15;18;16;0
35859;407;422;14;18;16;0
35867;423;422;15;18;16;0
35868;440;422;15;18;16;0
35874;120;422;15;18;16;0
35875;103;422;15;18;16;0
35878;86;422;15;18;16;0
35880;928;402;15;18;16;0
35884;792;402;15;18;16;0
35889;809;402;15;18;16;0
35892;826;402;15;18;16;0
35894;843;402;15;18;16;0
35895;860;402;15;18;16;0
35910;877;402;15;18;16;0
35937;894;402;15;18;16;0
35946;911;402;15;18;16;0
35947;945;402;15;18;16;0
35980;69;422;15;18;16;0
36125;962;402;11;18;16;2
36127;975;402;12;18;16;1
36129;989;402;13;18;16;1
36130;1004;402;15;18;16;0
36131;2;422;15;18;16;0
36132;19;422;14;18;16;1
36133;35;422;15;18;16;0
36134;52;422;15;18;16;0
36135;457;422;14;18;16;0
36136;490;422;15;18;16;0
36137;202;442;15;18;16;0
36140;507;422;15;18;16;0
36141;897;422;14;18;16;0
36145;913;422;15;18;16;0
36148;930;422;15;18;16;0
36149;947;422;15;18;16;0
36151;964;422;15;18;16;0
36152;981;422;13;18;16;1
36153;996;422;13;18;16;1
36154;2;442;14;18;16;0
36163;18;442;15;18;16;0
36164;35;442;14;18;16;0
36171;51;442;15;18;16;0
36172;68;442;15;18;16;0
36174;85;442;15;18;16;0
36175;102;442;13;18;16;1
36182;117;442;15;18;16;0
36184;134;442;15;18;16;0
36186;151;442;15;18;16;0
36187;168;442;15;18;16;0
36190;185;442;15;18;16;0
36192;881;422;14;18;16;0
36193;864;422;15;18;16;0
36194;847;422;15;18;16;0
36203;660;422;15;18;16;0
36208;524;422;15;18;16;0
36212;541;422;15;18;16;0
36214;558;422;15;18;16;0
36215;575;422;15;18;16;0
36225;592;422;15;18;16;0
36229;609;422;15;18;16;0
36234;626;422;15;18;16;0
36235;643;422;15;18;16;0
36255;677;422;15;18;16;0
36259;830;422;15;18;16;0
36275;694;422;15;18;16;0
36276;711;422;15;18;16;0
36286;728;422;15;18;16;0
36291;745;422;15;18;16;0
36299;762;422;15;18;16;0
36300;779;422;15;18;16;0
36305;796;422;15;18;16;0
36317;813;422;15;18;16;0
36319;793;342;15;18;16;0
36328;339;462;15;18;16;0
36335;776;342;15;18;16;0
36339;370;342;15;18;16;0
36341;810;262;15;18;16;0
36343;827;262;15;18;16;0
36346;844;262;15;18;16;0
36367;861;262;15;18;16;0
36381;878;262;15;18;16;0
36386;895;262;15;18;16;0
36393;912;262;15;18;16;0
36394;929;262;15;18;16;0
36401;946;262;15;18;16;0
36424;963;262;15;18;16;0
36426;980;262;15;18;16;0
36427;997;262;15;18;16;0
36454;2;282;15;18;16;0
36461;19;282;15;18;16;0
36466;36;282;15;18;16;0
36479;53;282;15;18;16;0
36481;70;282;15;18;16;0
36523;87;282;15;18;16;0
36524;104;282;14;18;16;0
36530;793;262;15;18;16;0
36538;777;262;14;18;16;0
36710;760;262;15;18;16;0
36712;573;262;15;18;16;0
36716;438;262;15;18;16;0
36718;455;262;15;18;16;0
36719;472;262;15;18;16;0
36720;489;262;15;18;16;0
36724;506;262;14;18;16;0
36731;522;262;15;18;16;0
36733;539;262;15;18;16;0
36739;556;262;15;18;16;0
36741;590;262;15;18;16;0
36742;743;262;15;18;16;0
36744;607;262;15;18;16;0
36745;624;262;15;18;16;0
36752;641;262;15;18;16;0
36753;658;262;15;18;16;0
36755;675;262;15;18;16;0
36757;692;262;15;18;16;0
36759;709;262;15;18;16;0
36761;726;262;15;18;16;0
36763;120;282;15;18;16;0
36766;154;282;15;18;16;0
36767;885;282;15;18;16;0
36771;171;282;15;18;16;0
36776;562;282;15;18;16;0
36777;579;282;15;18;16;0
36785;596;282;15;18;16;0
36793;613;282;15;18;16;0
36798;630;282;15;18;16;0
36801;647;282;15;18;16;0
36805;664;282;15;18;16;0
36807;681;282;15;18;16;0
36808;698;282;15;18;16;0
36814;715;282;15;18;16;0
36816;732;282;15;18;16;0
36817;749;282;15;18;16;0
36820;766;282;15;18;16;0
36824;783;282;15;18;16;0
36825;800;282;15;18;16;0
36827;817;282;15;18;16;0
36828;834;282;15;18;16;0
36829;851;282;15;18;16;0
36830;868;282;15;18;16;0
36831;545;282;15;18;16;0
36834;528;282;15;18;16;0
36842;511;282;15;18;16;0
36843;324;282;15;18;16;0
36845;188;282;15;18;16;0
36848;205;282;15;18;16;0
36855;222;282;15;18;16;0
36856;239;282;15;18;16;0
36857;256;282;15;18;16;0
36861;273;282;15;18;16;0
36864;290;282;15;18;16;0
36865;307;282;15;18;16;0
36866;341;282;15;18;16;0
36867;494;282;15;18;16;0
36873;358;282;15;18;16;0
36874;375;282;15;18;16;0
36879;392;282;15;18;16;0
36880;409;282;15;18;16;0
36882;426;282;15;18;16;0
36884;443;282;15;18;16;0
36887;460;282;15;18;16;0
36890;477;282;15;18;16;0
36891;421;262;15;18;16;0
36893;137;282;15;18;16;0
36894;404;262;15;18;16;0
36895;643;242;15;18;16;0
36896;303;242;15;18;16;0
36898;320;242;15;18;16;0
36910;337;242;15;18;16;0
36920;354;242;15;18;16;0
36923;371;242;15;18;16;0
36924;388;242;15;18;16;0
36935;405;242;15;18;16;0
36941;422;242;15;18;16;0
36947;439;242;15;18;16;0
36951;456;242;15;18;16;0
36962;473;242;15;18;16;0
36963;490;242;15;18;16;0
36965;507;242;15;18;16;0
36973;524;242;15;18;16;0
36974;541;242;15;18;16;0
36981;558;242;15;18;16;0
36991;575;242;15;18;16;0
36992;592;242;15;18;16;0
37003;609;242;15;18;16;0
37027;287;242;14;18;16;0
37034;270;242;15;18;16;0
37038;255;242;13;18;16;1
37048;70;242;14;18;16;1
37051;946;222;14;18;16;0
37057;962;222;15;18;16;0
37066;979;222;14;18;16;0
37070;995;222;13;18;16;2
37096;2;242;15;18;16;0
37117;19;242;15;18;16;0
37197;36;242;15;18;16;0
37202;53;242;15;18;16;0
37221;86;242;15;18;16;0
37226;238;242;15;18;16;0
37228;103;242;14;18;16;0
37233;119;242;15;18;16;0
37239;136;242;15;18;16;0
37240;153;242;15;18;16;0
37247;170;242;15;18;16;0
37257;187;242;15;18;16;0
37266;204;242;15;18;16;0
37319;221;242;15;18;16;0
37322;626;242;15;18;16;0
37324;660;242;15;18;16;0
37325;370;262;15;18;16;0
37326;677;242;15;18;16;0
37327;52;262;15;18;16;0
37329;69;262;15;18;16;0
37492;86;262;15;18;16;0
37504;103;262;15;18;16;0
38024;120;262;15;18;16;0
38025;137;262;15;18;16;0
38035;154;262;14;18;16;0
38043;170;262;15;18;16;0
38047;187;262;14;18;16;0
38048;203;262;15;18;16;0
38050;220;262;14;18;16;0
38053;236;262;14;18;16;0
38054;252;262;15;18;16;0
38057;269;262;14;18;16;0
38062;285;262;15;18;16;0
38065;302;262;15;18;16;0
38067;319;262;15;18;16;0
38075;336;262;15;18;16;0
38081;353;262;15;18;16;0
38083;35;262;15;18;16;0
38085;18;262;15;18;16;0
38107;2;262;14;18;16;0
38108;828;242;14;18;16;0
38124;861;923;15;18;16;0
38125;694;242;14;18;16;0
38126;710;242;15;18;16;0
38130;727;242;15;18;16;0
38134;744;242;15;18;16;0
38142;761;242;15;18;16;0
38143;778;242;15;18;16;0
38144;795;242;14;18;16;0
38145;811;242;15;18;16;0
38149;844;242;15;18;16;0
38152;996;242;15;18;16;0
38155;861;242;15;18;16;0
38159;878;242;15;18;16;0
38160;895;242;14;18;16;0
38169;911;242;15;18;16;0
38180;928;242;15;18;16;0
38181;945;242;15;18;16;0
38190;962;242;15;18;16;0
38191;979;242;15;18;16;0
38197;387;262;15;18;16;0
38203;902;282;15;18;16;0
38209;52;944;15;18;16;0
38215;919;282;15;18;16;0
38224;936;282;15;18;16;0
38230;703;322;15;18;16;0
38236;720;322;15;18;16;0
38252;434;923;15;18;16;0
38259;737;322;15;18;16;0
38271;754;322;15;18;16;0
38376;771;322;13;18;16;1
38378;786;322;13;18;16;1
38381;801;322;13;18;16;1
38382;816;322;13;18;16;1
38383;831;322;13;18;16;1
38386;846;322;13;18;16;1
38388;861;322;13;18;16;1
38391;876;322;13;18;16;1
38393;891;322;13;18;16;1
38395;906;322;13;18;16;1
38400;921;322;13;18;16;1
38405;936;322;13;18;16;1
38420;951;322;13;18;16;1
38429;966;322;5;18;16;1
38431;973;322;14;18;16;1
38449;687;322;14;18;16;1
38450;671;322;14;18;16;1
38451;656;322;13;18;16;1
38452;484;322;13;18;16;1
38453;356;322;14;18;16;1
38454;372;322;14;18;16;1
38459;388;322;14;18;16;1
38463;404;322;14;18;16;1
38468;420;322;14;18;16;1
38469;436;322;14;18;16;1
38470;452;322;14;18;16;1
38472;468;322;14;18;16;1
38476;499;322;14;18;16;1
38477;640;322;14;18;16;1
38480;515;322;14;18;16;1
38498;531;322;14;18;16;1
38500;547;322;14;18;16;1
38504;563;322;13;18;16;1
38505;578;322;14;18;16;1
38506;594;322;14;18;16;1
38518;610;322;13;18;16;1
38519;625;322;13;18;16;1
38534;19;944;15;18;16;0
38543;989;322;14;18;16;1
38544;1005;322;14;18;16;1
38548;2;342;14;18;16;1
38552;18;342;14;18;16;1
38556;421;342;14;18;16;1
38590;437;342;15;18;16;0
38596;454;342;15;18;16;0
38597;471;342;15;18;16;0
38598;488;342;15;18;16;0
38599;505;342;14;18;16;0
38607;754;944;15;18;16;0
38613;521;342;15;18;16;0
38620;538;342;15;18;16;0
38632;555;342;15;18;16;0
38634;572;342;15;18;16;0
38646;589;342;15;18;16;0
38647;606;342;15;18;16;0
38656;623;342;15;18;16;0
38660;640;342;15;18;16;0
38663;657;342;15;18;16;0
38665;674;342;15;18;16;0
38675;691;342;15;18;16;0
38684;708;342;15;18;16;0
38706;725;342;15;18;16;0
38712;404;342;15;18;16;0
38738;742;342;15;18;16;0
38745;387;342;15;18;16;0
38750;353;342;15;18;16;0
38752;34;342;15;18;16;0
38753;51;342;15;18;16;0
38754;68;342;15;18;16;0
38761;85;342;15;18;16;0
38772;102;342;15;18;16;0
38774;119;342;15;18;16;0
38795;136;342;15;18;16;0
38816;153;342;15;18;16;0
38829;170;342;15;18;16;0
38887;187;342;14;18;16;0
38899;203;342;15;18;16;0
38901;220;342;14;18;16;0
38907;236;342;15;18;16;0
39029;253;342;13;18;16;1
39030;268;342;15;18;16;0
39033;285;342;15;18;16;0
39034;302;342;15;18;16;0
39035;319;342;15;18;16;0
39037;336;342;15;18;16;0
39038;339;322;15;18;16;0
39039;322;322;15;18;16;0
39041;305;322;15;18;16;0
39044;641;302;15;18;16;0
39046;302;302;15;18;16;0
39047;319;302;15;18;16;0
39057;336;302;15;18;16;0
39062;353;302;15;18;16;0
39063;370;302;15;18;16;0
39064;387;302;15;18;16;0
39068;404;302;15;18;16;0
39069;421;302;15;18;16;0
39072;438;302;14;18;16;1
39076;454;302;15;18;16;0
39118;471;302;15;18;16;0
39128;488;302;15;18;16;0
39129;505;302;15;18;16;0
39134;522;302;15;18;16;0
39135;539;302;15;18;16;0
39184;556;302;15;18;16;0
39269;573;302;15;18;16;0
39274;590;302;15;18;16;0
39277;607;302;15;18;16;0
39278;285;302;15;18;16;0
39280;268;302;15;18;16;0
39286;251;302;15;18;16;0
39292;69;302;15;18;16;0
39295;953;282;15;18;16;0
39302;970;282;15;18;16;0
39306;987;282;15;18;16;0
39318;1004;282;15;18;16;0
39321;2;302;15;18;16;0
39336;19;302;15;18;16;0
39532;36;302;14;18;16;0
39533;52;302;15;18;16;0
39537;86;302;15;18;16;0
39543;235;302;14;18;16;0
39550;103;302;13;18;16;1
39551;118;302;15;18;16;0
39554;135;302;13;18;16;1
39556;150;302;15;18;16;0
39564;167;302;15;18;16;0
39569;184;302;15;18;16;0
39575;201;302;15;18;16;0
39578;218;302;15;18;16;0
39588;624;302;15;18;16;0
39592;658;302;15;18;16;0
39600;288;322;15;18;16;0
39608;675;302;15;18;16;0
39640;984;302;15;18;16;0
39654;1001;302;15;18;16;0
39740;2;322;15;18;16;0
39745;19;322;15;18;16;0
39746;36;322;15;18;16;0
39749;53;322;15;18;16;0
39764;70;322;15;18;16;0
40060;87;322;15;18;16;0
40063;104;322;15;18;16;0
40065;121;322;15;18;16;0
40092;138;322;15;18;16;0
40120;155;322;15;18;16;0
40479;172;322;13;18;16;1
40481;187;322;15;18;16;0
40483;204;322;14;18;16;1
40486;220;322;15;18;16;0
40509;237;322;15;18;16;0
40511;254;322;15;18;16;0
40517;271;322;15;18;16;0
40560;967;302;15;18;16;0
40614;950;302;15;18;16;0
40635;933;302;15;18;16;0
40644;827;302;15;18;16;0
40655;692;302;15;18;16;0
40657;709;302;15;18;16;0
40664;726;302;15;18;16;0
40667;150;964;15;18;16;0
40718;743;302;14;18;16;0
40723;759;302;15;18;16;0
40736;944;923;15;18;16;0
40763;776;302;15;18;16;0
40784;793;302;15;18;16;0
40831;810;302;15;18;16;0
40836;844;302;15;18;16;0
40857;916;302;15;18;16;0
40863;861;302;15;18;16;0
65281;878;302;1;18;16;3
65288;881;302;4;18;16;9
65289;887;302;4;18;16;2
65292;893;302;2;18;16;2
65303;897;302;9;18;16;3
65306;908;302;2;18;16;2
65307;912;302;2;18;16;2
65308;728;462;14;18;16;0
65343;744;462;13;18;16;1
